INSERT INTO `users` (`id`, `first_name`, `last_name`, `birthday`, `gender`, `email`, `phone`, `created_at`, `updated_at`) VALUES (1, 'Jordane', 'Rau', '2016-10-22', 'M', 'alejandrin52@example.org', '1-317-710-17', '1988-06-13 13:32:55', '2008-07-05 11:37:23');
INSERT INTO `users` (`id`, `first_name`, `last_name`, `birthday`, `gender`, `email`, `phone`, `created_at`, `updated_at`) VALUES (2, 'Willie', 'Bashirian', '1989-11-25', 'M', 'mfarrell@example.com', '219.148.5400', '1993-02-19 04:01:53', '2013-07-29 19:27:33');
INSERT INTO `users` (`id`, `first_name`, `last_name`, `birthday`, `gender`, `email`, `phone`, `created_at`, `updated_at`) VALUES (3, 'Alycia', 'Dietrich', '1971-04-11', 'F', 'jed.beier@example.com', '01747718942', '1982-06-06 10:16:31', '2009-07-22 22:19:35');
INSERT INTO `users` (`id`, `first_name`, `last_name`, `birthday`, `gender`, `email`, `phone`, `created_at`, `updated_at`) VALUES (4, 'Jocelyn', 'Osinski', '1974-04-06', 'F', 'audie.schaden@example.net', '04413817562', '1981-12-17 19:03:41', '1980-05-19 15:53:17');
INSERT INTO `users` (`id`, `first_name`, `last_name`, `birthday`, `gender`, `email`, `phone`, `created_at`, `updated_at`) VALUES (5, 'Trent', 'Ledner', '2016-11-01', 'M', 'doug.bailey@example.net', '(701)342-414', '2008-06-21 06:46:19', '2004-09-06 01:46:35');
INSERT INTO `users` (`id`, `first_name`, `last_name`, `birthday`, `gender`, `email`, `phone`, `created_at`, `updated_at`) VALUES (6, 'Anabel', 'Moore', '1979-09-28', 'M', 'dawson48@example.com', '486.403.9073', '2019-10-01 21:14:46', '1982-09-18 15:44:47');
INSERT INTO `users` (`id`, `first_name`, `last_name`, `birthday`, `gender`, `email`, `phone`, `created_at`, `updated_at`) VALUES (7, 'Emily', 'Schuster', '2020-02-21', 'M', 'eveline29@example.com', '296-343-7419', '2022-04-15 13:51:15', '2018-12-31 00:21:07');
INSERT INTO `users` (`id`, `first_name`, `last_name`, `birthday`, `gender`, `email`, `phone`, `created_at`, `updated_at`) VALUES (8, 'Cletus', 'Heller', '1996-11-25', 'F', 'emiliano49@example.net', '423-163-4013', '1996-08-20 07:05:14', '1994-06-22 09:51:17');
INSERT INTO `users` (`id`, `first_name`, `last_name`, `birthday`, `gender`, `email`, `phone`, `created_at`, `updated_at`) VALUES (9, 'Dino', 'Shields', '2018-05-03', 'F', 'guido.jacobi@example.com', '+44(1)716535', '1985-02-27 16:51:50', '2002-04-29 00:15:39');
INSERT INTO `users` (`id`, `first_name`, `last_name`, `birthday`, `gender`, `email`, `phone`, `created_at`, `updated_at`) VALUES (10, 'Dayana', 'Balistreri', '1997-04-22', 'F', 'kovacek.mikayla@example.org', '(672)723-947', '1973-05-03 15:28:01', '1977-07-08 00:00:39');
INSERT INTO `users` (`id`, `first_name`, `last_name`, `birthday`, `gender`, `email`, `phone`, `created_at`, `updated_at`) VALUES (11, 'Selina', 'Steuber', '1988-03-20', 'F', 'nrutherford@example.net', '1-267-019-05', '1975-08-04 08:59:29', '1976-01-07 19:58:59');
INSERT INTO `users` (`id`, `first_name`, `last_name`, `birthday`, `gender`, `email`, `phone`, `created_at`, `updated_at`) VALUES (12, 'Krista', 'Senger', '1995-06-23', 'F', 'lola84@example.com', '911.000.1125', '1986-01-27 10:03:00', '2011-02-03 20:29:26');
INSERT INTO `users` (`id`, `first_name`, `last_name`, `birthday`, `gender`, `email`, `phone`, `created_at`, `updated_at`) VALUES (13, 'Aleen', 'Hackett', '1973-09-04', 'M', 'kilback.haley@example.net', '989-875-2792', '2016-02-24 21:59:28', '2021-12-16 08:10:29');
INSERT INTO `users` (`id`, `first_name`, `last_name`, `birthday`, `gender`, `email`, `phone`, `created_at`, `updated_at`) VALUES (14, 'Addie', 'Mertz', '1989-05-31', 'M', 'karli26@example.org', '1-736-776-82', '2003-06-10 15:09:45', '2007-10-02 14:29:32');
INSERT INTO `users` (`id`, `first_name`, `last_name`, `birthday`, `gender`, `email`, `phone`, `created_at`, `updated_at`) VALUES (15, 'Vincent', 'Luettgen', '1985-12-27', 'F', 'naomi.howe@example.net', '040.119.0668', '2016-01-31 04:44:48', '1985-07-09 23:37:32');
INSERT INTO `users` (`id`, `first_name`, `last_name`, `birthday`, `gender`, `email`, `phone`, `created_at`, `updated_at`) VALUES (16, 'Wendy', 'Kovacek', '1994-07-01', 'F', 'leonie.reinger@example.com', '02302256494', '1979-10-04 09:42:45', '2000-09-28 09:14:05');
INSERT INTO `users` (`id`, `first_name`, `last_name`, `birthday`, `gender`, `email`, `phone`, `created_at`, `updated_at`) VALUES (17, 'Luciano', 'Conroy', '1980-04-18', 'F', 'cruickshank.meredith@example.com', '(194)273-034', '2010-02-10 07:44:41', '2016-06-23 12:23:31');
INSERT INTO `users` (`id`, `first_name`, `last_name`, `birthday`, `gender`, `email`, `phone`, `created_at`, `updated_at`) VALUES (18, 'Murl', 'Torp', '1972-11-21', 'F', 'prohaska.adonis@example.com', '08761185783', '2004-08-28 19:11:14', '1982-11-22 07:28:30');
INSERT INTO `users` (`id`, `first_name`, `last_name`, `birthday`, `gender`, `email`, `phone`, `created_at`, `updated_at`) VALUES (19, 'Buster', 'Williamson', '2021-04-24', 'M', 'mgrimes@example.net', '173.992.2392', '1995-07-21 18:57:26', '1987-06-05 23:25:41');
INSERT INTO `users` (`id`, `first_name`, `last_name`, `birthday`, `gender`, `email`, `phone`, `created_at`, `updated_at`) VALUES (20, 'King', 'Grant', '2016-04-04', 'M', 'amaya.bins@example.com', '1-860-616-63', '2019-10-04 18:16:22', '2022-02-17 11:26:08');
INSERT INTO `users` (`id`, `first_name`, `last_name`, `birthday`, `gender`, `email`, `phone`, `created_at`, `updated_at`) VALUES (21, 'Aric', 'Haley', '1991-06-11', 'F', 'anabel.kovacek@example.com', '(449)286-422', '2002-06-09 13:34:38', '2004-02-27 09:35:36');
INSERT INTO `users` (`id`, `first_name`, `last_name`, `birthday`, `gender`, `email`, `phone`, `created_at`, `updated_at`) VALUES (22, 'Viviane', 'Feest', '2004-10-07', 'M', 'klarkin@example.com', '(527)456-004', '2007-07-03 00:15:07', '1993-01-28 01:32:20');
INSERT INTO `users` (`id`, `first_name`, `last_name`, `birthday`, `gender`, `email`, `phone`, `created_at`, `updated_at`) VALUES (23, 'Pink', 'Blick', '1981-08-24', 'M', 'raphael07@example.com', '007-201-2948', '1981-02-12 21:41:30', '2001-08-17 02:07:57');
INSERT INTO `users` (`id`, `first_name`, `last_name`, `birthday`, `gender`, `email`, `phone`, `created_at`, `updated_at`) VALUES (24, 'Mattie', 'Welch', '1996-03-08', 'M', 'annamarie.hayes@example.org', '(468)758-108', '1970-06-30 03:42:01', '2015-02-12 21:11:02');
INSERT INTO `users` (`id`, `first_name`, `last_name`, `birthday`, `gender`, `email`, `phone`, `created_at`, `updated_at`) VALUES (25, 'Christop', 'Cruickshank', '1975-07-01', 'M', 'stuart.cole@example.org', '049-786-3269', '1999-05-27 03:24:15', '1995-12-31 21:49:57');
INSERT INTO `users` (`id`, `first_name`, `last_name`, `birthday`, `gender`, `email`, `phone`, `created_at`, `updated_at`) VALUES (26, 'Tessie', 'Jaskolski', '2012-10-10', 'F', 'jeanne.tromp@example.net', '+15(1)034031', '2010-05-31 07:19:27', '1975-02-03 19:39:25');
INSERT INTO `users` (`id`, `first_name`, `last_name`, `birthday`, `gender`, `email`, `phone`, `created_at`, `updated_at`) VALUES (27, 'Dayne', 'Mueller', '2003-08-14', 'M', 'stacy91@example.com', '(191)579-733', '2008-12-18 23:36:36', '1976-08-11 21:56:41');
INSERT INTO `users` (`id`, `first_name`, `last_name`, `birthday`, `gender`, `email`, `phone`, `created_at`, `updated_at`) VALUES (28, 'Thelma', 'Bogan', '2019-11-13', 'M', 'travon33@example.org', '00804762933', '1997-03-05 11:36:18', '2000-08-02 22:16:15');
INSERT INTO `users` (`id`, `first_name`, `last_name`, `birthday`, `gender`, `email`, `phone`, `created_at`, `updated_at`) VALUES (29, 'Eleonore', 'Lemke', '2006-05-23', 'M', 'kenyon.white@example.net', '1-367-317-33', '2005-12-28 05:12:10', '1998-11-22 20:38:12');
INSERT INTO `users` (`id`, `first_name`, `last_name`, `birthday`, `gender`, `email`, `phone`, `created_at`, `updated_at`) VALUES (30, 'Mikel', 'Boyer', '1970-09-17', 'M', 'herta24@example.org', '(111)062-867', '2008-05-20 14:28:47', '1976-04-17 13:08:39');
INSERT INTO `users` (`id`, `first_name`, `last_name`, `birthday`, `gender`, `email`, `phone`, `created_at`, `updated_at`) VALUES (31, 'Antonio', 'McClure', '1975-06-24', 'F', 'alf13@example.net', '860-340-7613', '1987-11-23 20:12:55', '1993-03-18 21:43:34');
INSERT INTO `users` (`id`, `first_name`, `last_name`, `birthday`, `gender`, `email`, `phone`, `created_at`, `updated_at`) VALUES (32, 'Jayde', 'Little', '2007-08-23', 'M', 'jerrold.wisozk@example.com', '+33(7)304351', '1972-03-26 02:01:23', '1983-06-30 04:52:01');
INSERT INTO `users` (`id`, `first_name`, `last_name`, `birthday`, `gender`, `email`, `phone`, `created_at`, `updated_at`) VALUES (33, 'Zula', 'Kshlerin', '1997-12-20', 'F', 'stracke.myles@example.com', '529.402.6407', '1992-06-29 13:22:03', '1982-01-23 00:57:35');
INSERT INTO `users` (`id`, `first_name`, `last_name`, `birthday`, `gender`, `email`, `phone`, `created_at`, `updated_at`) VALUES (34, 'Ernest', 'Rippin', '2008-07-05', 'M', 'jazlyn64@example.org', '008.821.9862', '1985-09-19 23:08:56', '2007-10-18 19:39:50');
INSERT INTO `users` (`id`, `first_name`, `last_name`, `birthday`, `gender`, `email`, `phone`, `created_at`, `updated_at`) VALUES (35, 'Anjali', 'Runte', '1997-04-03', 'F', 'loraine95@example.org', '400-466-0322', '1995-05-22 17:03:20', '1979-09-13 05:14:40');
INSERT INTO `users` (`id`, `first_name`, `last_name`, `birthday`, `gender`, `email`, `phone`, `created_at`, `updated_at`) VALUES (36, 'Harmon', 'Wilderman', '1977-01-17', 'M', 'cwillms@example.com', '631.793.1572', '1974-06-10 12:35:03', '2006-04-28 17:42:50');
INSERT INTO `users` (`id`, `first_name`, `last_name`, `birthday`, `gender`, `email`, `phone`, `created_at`, `updated_at`) VALUES (37, 'Erika', 'Littel', '2005-11-13', 'M', 'fgusikowski@example.org', '201-157-7319', '1976-03-07 23:34:41', '2009-02-08 04:00:34');
INSERT INTO `users` (`id`, `first_name`, `last_name`, `birthday`, `gender`, `email`, `phone`, `created_at`, `updated_at`) VALUES (38, 'Daisy', 'Streich', '2020-07-31', 'M', 'watson.herman@example.org', '(751)654-404', '2020-02-27 19:13:38', '1983-12-11 06:35:02');
INSERT INTO `users` (`id`, `first_name`, `last_name`, `birthday`, `gender`, `email`, `phone`, `created_at`, `updated_at`) VALUES (39, 'Dayana', 'Hermann', '1988-07-22', 'F', 'tkoepp@example.org', '(610)088-218', '2021-10-01 08:31:43', '2006-07-12 07:20:49');
INSERT INTO `users` (`id`, `first_name`, `last_name`, `birthday`, `gender`, `email`, `phone`, `created_at`, `updated_at`) VALUES (40, 'Gaylord', 'Shanahan', '1998-03-04', 'F', 'hermann.elaina@example.net', '325.419.0292', '1983-05-17 01:18:15', '1986-04-15 16:38:33');
INSERT INTO `users` (`id`, `first_name`, `last_name`, `birthday`, `gender`, `email`, `phone`, `created_at`, `updated_at`) VALUES (41, 'Muhammad', 'Goodwin', '1973-10-07', 'M', 'vhackett@example.org', '(877)101-676', '2011-03-13 14:46:33', '2004-10-18 16:39:23');
INSERT INTO `users` (`id`, `first_name`, `last_name`, `birthday`, `gender`, `email`, `phone`, `created_at`, `updated_at`) VALUES (42, 'Favian', 'Altenwerth', '1998-07-09', 'M', 'gkub@example.com', '(762)777-928', '2008-02-11 08:59:49', '1992-08-31 02:36:02');
INSERT INTO `users` (`id`, `first_name`, `last_name`, `birthday`, `gender`, `email`, `phone`, `created_at`, `updated_at`) VALUES (43, 'Ova', 'Zieme', '1991-06-03', 'M', 'heller.conor@example.org', '1-313-042-96', '1979-12-16 17:24:44', '1985-07-15 12:09:45');
INSERT INTO `users` (`id`, `first_name`, `last_name`, `birthday`, `gender`, `email`, `phone`, `created_at`, `updated_at`) VALUES (44, 'Nick', 'Hessel', '1978-06-21', 'F', 'pfannerstill.bridgette@example.org', '07313851812', '1983-05-16 02:21:29', '2008-05-29 20:25:52');
INSERT INTO `users` (`id`, `first_name`, `last_name`, `birthday`, `gender`, `email`, `phone`, `created_at`, `updated_at`) VALUES (45, 'Skylar', 'Braun', '1979-05-11', 'M', 'hermina38@example.com', '1-779-666-30', '1978-12-24 02:33:56', '1976-03-23 18:49:19');
INSERT INTO `users` (`id`, `first_name`, `last_name`, `birthday`, `gender`, `email`, `phone`, `created_at`, `updated_at`) VALUES (46, 'Susana', 'Romaguera', '1991-12-22', 'F', 'hettie49@example.org', '06234042967', '2017-06-23 23:02:44', '1972-05-07 05:24:56');
INSERT INTO `users` (`id`, `first_name`, `last_name`, `birthday`, `gender`, `email`, `phone`, `created_at`, `updated_at`) VALUES (47, 'Titus', 'Hessel', '2012-06-29', 'F', 'qschuster@example.org', '962.339.2773', '2018-05-21 12:41:25', '1993-12-15 03:38:27');
INSERT INTO `users` (`id`, `first_name`, `last_name`, `birthday`, `gender`, `email`, `phone`, `created_at`, `updated_at`) VALUES (48, 'Edd', 'Kunze', '1997-05-14', 'M', 'kobe06@example.net', '1-714-796-23', '1997-12-11 19:11:02', '2018-07-19 17:00:04');
INSERT INTO `users` (`id`, `first_name`, `last_name`, `birthday`, `gender`, `email`, `phone`, `created_at`, `updated_at`) VALUES (49, 'Tierra', 'Pollich', '1987-10-19', 'M', 'lpouros@example.net', '771.501.4212', '1985-04-19 13:47:25', '2015-05-18 06:06:53');
INSERT INTO `users` (`id`, `first_name`, `last_name`, `birthday`, `gender`, `email`, `phone`, `created_at`, `updated_at`) VALUES (50, 'Marshall', 'Olson', '2001-05-15', 'M', 'pierre46@example.net', '1-317-280-41', '2009-03-07 09:12:32', '1975-03-20 17:57:05');
INSERT INTO `users` (`id`, `first_name`, `last_name`, `birthday`, `gender`, `email`, `phone`, `created_at`, `updated_at`) VALUES (51, 'Cade', 'Kilback', '1984-03-03', 'M', 'ofelia.little@example.com', '1-745-251-95', '2000-01-18 17:57:19', '2015-07-19 11:33:56');
INSERT INTO `users` (`id`, `first_name`, `last_name`, `birthday`, `gender`, `email`, `phone`, `created_at`, `updated_at`) VALUES (52, 'Lucile', 'Adams', '1993-06-24', 'M', 'bromaguera@example.org', '920-096-7722', '2004-03-13 17:06:52', '1998-12-21 08:51:30');
INSERT INTO `users` (`id`, `first_name`, `last_name`, `birthday`, `gender`, `email`, `phone`, `created_at`, `updated_at`) VALUES (53, 'Antonette', 'Roob', '1975-07-28', 'M', 'zkoch@example.com', '597.626.6432', '1979-05-25 15:51:35', '1997-03-14 05:10:35');
INSERT INTO `users` (`id`, `first_name`, `last_name`, `birthday`, `gender`, `email`, `phone`, `created_at`, `updated_at`) VALUES (54, 'Estevan', 'Weissnat', '2000-08-04', 'M', 'kuhn.florian@example.com', '1-392-947-13', '1999-03-07 00:24:21', '1981-03-15 13:19:23');
INSERT INTO `users` (`id`, `first_name`, `last_name`, `birthday`, `gender`, `email`, `phone`, `created_at`, `updated_at`) VALUES (55, 'Wyman', 'Frami', '2000-10-01', 'M', 'eladio31@example.com', '1-314-510-66', '2011-10-26 18:36:27', '2015-02-04 06:54:44');
INSERT INTO `users` (`id`, `first_name`, `last_name`, `birthday`, `gender`, `email`, `phone`, `created_at`, `updated_at`) VALUES (56, 'Raegan', 'Nader', '2007-07-08', 'F', 'haley.kira@example.net', '(998)371-497', '1989-08-19 10:13:28', '2018-05-28 22:30:12');
INSERT INTO `users` (`id`, `first_name`, `last_name`, `birthday`, `gender`, `email`, `phone`, `created_at`, `updated_at`) VALUES (57, 'Lori', 'Bechtelar', '1975-10-25', 'F', 'domenick.douglas@example.com', '+71(4)868788', '2000-11-30 20:48:31', '1978-11-06 16:54:20');
INSERT INTO `users` (`id`, `first_name`, `last_name`, `birthday`, `gender`, `email`, `phone`, `created_at`, `updated_at`) VALUES (58, 'Elian', 'Stracke', '1981-08-03', 'F', 'astrid30@example.com', '853-608-1170', '2013-12-01 18:33:55', '1977-11-25 22:42:37');
INSERT INTO `users` (`id`, `first_name`, `last_name`, `birthday`, `gender`, `email`, `phone`, `created_at`, `updated_at`) VALUES (59, 'Osbaldo', 'Jenkins', '1988-09-28', 'F', 'jacobs.monique@example.com', '1-925-714-20', '2007-12-27 13:50:36', '1980-12-12 14:02:15');
INSERT INTO `users` (`id`, `first_name`, `last_name`, `birthday`, `gender`, `email`, `phone`, `created_at`, `updated_at`) VALUES (60, 'Ana', 'Aufderhar', '2003-10-16', 'F', 'gottlieb.eden@example.org', '482-455-1661', '1972-02-15 07:17:36', '2011-09-18 17:15:29');
INSERT INTO `users` (`id`, `first_name`, `last_name`, `birthday`, `gender`, `email`, `phone`, `created_at`, `updated_at`) VALUES (61, 'Lenora', 'Dach', '2016-09-19', 'F', 'abbott.amiya@example.com', '+48(6)251686', '1971-10-15 23:25:09', '2013-11-21 02:30:13');
INSERT INTO `users` (`id`, `first_name`, `last_name`, `birthday`, `gender`, `email`, `phone`, `created_at`, `updated_at`) VALUES (62, 'Felix', 'Towne', '1998-06-02', 'F', 'janice.feest@example.org', '02040553086', '2015-03-22 23:37:27', '1992-07-09 07:57:57');
INSERT INTO `users` (`id`, `first_name`, `last_name`, `birthday`, `gender`, `email`, `phone`, `created_at`, `updated_at`) VALUES (63, 'Antoinette', 'Franecki', '2013-03-11', 'M', 'mohr.kyleigh@example.com', '214-449-3956', '1999-12-08 01:15:43', '2019-01-09 10:17:32');
INSERT INTO `users` (`id`, `first_name`, `last_name`, `birthday`, `gender`, `email`, `phone`, `created_at`, `updated_at`) VALUES (64, 'Jess', 'Crona', '1978-04-05', 'F', 'pkoelpin@example.net', '612.301.8678', '2021-04-30 06:50:11', '1976-01-17 02:40:02');
INSERT INTO `users` (`id`, `first_name`, `last_name`, `birthday`, `gender`, `email`, `phone`, `created_at`, `updated_at`) VALUES (65, 'Maximo', 'O\'Reilly', '1976-04-05', 'M', 'eda.mann@example.org', '1-447-529-25', '2016-01-16 08:44:11', '1970-04-23 09:01:43');
INSERT INTO `users` (`id`, `first_name`, `last_name`, `birthday`, `gender`, `email`, `phone`, `created_at`, `updated_at`) VALUES (66, 'Allie', 'Schamberger', '1981-02-26', 'F', 'stevie.bosco@example.net', '(995)899-195', '2009-07-31 21:15:53', '2002-02-14 16:04:27');
INSERT INTO `users` (`id`, `first_name`, `last_name`, `birthday`, `gender`, `email`, `phone`, `created_at`, `updated_at`) VALUES (67, 'Nicolas', 'Harvey', '2016-07-24', 'M', 'freda.maggio@example.com', '1-747-642-03', '1993-03-25 14:01:41', '2008-12-03 18:36:33');
INSERT INTO `users` (`id`, `first_name`, `last_name`, `birthday`, `gender`, `email`, `phone`, `created_at`, `updated_at`) VALUES (68, 'Esperanza', 'Schinner', '1997-07-14', 'F', 'rturner@example.org', '460-601-7993', '1981-03-31 20:45:08', '1987-12-23 23:50:49');
INSERT INTO `users` (`id`, `first_name`, `last_name`, `birthday`, `gender`, `email`, `phone`, `created_at`, `updated_at`) VALUES (69, 'Domenick', 'Hane', '1970-06-29', 'F', 'mina19@example.com', '784-690-3309', '1980-02-19 08:04:48', '2000-10-14 18:59:11');
INSERT INTO `users` (`id`, `first_name`, `last_name`, `birthday`, `gender`, `email`, `phone`, `created_at`, `updated_at`) VALUES (70, 'Eliza', 'Moen', '1978-12-28', 'F', 'lessie.schulist@example.org', '721.814.1007', '2003-01-23 14:53:14', '1980-02-19 02:19:53');
INSERT INTO `users` (`id`, `first_name`, `last_name`, `birthday`, `gender`, `email`, `phone`, `created_at`, `updated_at`) VALUES (71, 'Margarett', 'McDermott', '1995-09-29', 'F', 'idooley@example.com', '249.588.2947', '2002-09-16 17:44:56', '1995-03-05 19:06:08');
INSERT INTO `users` (`id`, `first_name`, `last_name`, `birthday`, `gender`, `email`, `phone`, `created_at`, `updated_at`) VALUES (72, 'Dewayne', 'Hayes', '2011-07-26', 'F', 'hannah.ernser@example.org', '869-957-4053', '2008-11-17 04:25:19', '2001-03-09 13:50:52');
INSERT INTO `users` (`id`, `first_name`, `last_name`, `birthday`, `gender`, `email`, `phone`, `created_at`, `updated_at`) VALUES (73, 'Jackson', 'Kiehn', '1996-12-25', 'F', 'wnienow@example.net', '(382)831-071', '1992-10-02 19:26:53', '1990-01-01 21:39:47');
INSERT INTO `users` (`id`, `first_name`, `last_name`, `birthday`, `gender`, `email`, `phone`, `created_at`, `updated_at`) VALUES (74, 'Verna', 'Green', '1979-09-30', 'M', 'aisha03@example.org', '(617)419-777', '2005-09-26 08:18:46', '1991-03-29 23:24:24');
INSERT INTO `users` (`id`, `first_name`, `last_name`, `birthday`, `gender`, `email`, `phone`, `created_at`, `updated_at`) VALUES (75, 'Terrill', 'Sawayn', '1972-11-19', 'F', 'jaida.hirthe@example.net', '1-963-277-99', '1983-03-01 20:56:59', '1987-07-21 05:37:45');
INSERT INTO `users` (`id`, `first_name`, `last_name`, `birthday`, `gender`, `email`, `phone`, `created_at`, `updated_at`) VALUES (76, 'Ottilie', 'Hoeger', '2001-02-20', 'F', 'graham.weissnat@example.org', '(758)189-839', '2005-05-15 15:51:46', '2010-06-01 10:23:41');
INSERT INTO `users` (`id`, `first_name`, `last_name`, `birthday`, `gender`, `email`, `phone`, `created_at`, `updated_at`) VALUES (77, 'Dawson', 'Murray', '1999-08-15', 'M', 'kshlerin.nannie@example.org', '1-522-499-13', '2007-09-21 02:09:41', '2009-02-11 18:46:01');
INSERT INTO `users` (`id`, `first_name`, `last_name`, `birthday`, `gender`, `email`, `phone`, `created_at`, `updated_at`) VALUES (78, 'Kayley', 'O\'Reilly', '1986-11-21', 'F', 'jabari.heller@example.net', '738.513.7439', '1993-10-09 01:34:47', '1975-11-11 03:10:38');
INSERT INTO `users` (`id`, `first_name`, `last_name`, `birthday`, `gender`, `email`, `phone`, `created_at`, `updated_at`) VALUES (79, 'Cristal', 'Paucek', '1998-05-07', 'M', 'pete19@example.net', '612-240-0811', '2003-08-27 00:41:08', '2004-01-17 17:50:05');
INSERT INTO `users` (`id`, `first_name`, `last_name`, `birthday`, `gender`, `email`, `phone`, `created_at`, `updated_at`) VALUES (80, 'Judy', 'Collier', '2001-09-24', 'F', 'turner.serena@example.net', '957.953.6119', '2005-09-21 18:57:39', '2005-09-09 17:17:53');
INSERT INTO `users` (`id`, `first_name`, `last_name`, `birthday`, `gender`, `email`, `phone`, `created_at`, `updated_at`) VALUES (81, 'Bill', 'Hamill', '2012-05-23', 'M', 'xschuppe@example.org', '(852)625-493', '2016-03-24 20:30:09', '2008-01-02 17:59:08');
INSERT INTO `users` (`id`, `first_name`, `last_name`, `birthday`, `gender`, `email`, `phone`, `created_at`, `updated_at`) VALUES (82, 'Domenick', 'Dare', '2015-02-05', 'F', 'favian.turcotte@example.org', '431.229.1157', '2009-02-11 22:08:19', '2002-09-16 11:07:28');
INSERT INTO `users` (`id`, `first_name`, `last_name`, `birthday`, `gender`, `email`, `phone`, `created_at`, `updated_at`) VALUES (83, 'Erin', 'Williamson', '1972-10-16', 'F', 'gvolkman@example.com', '(275)700-344', '1998-09-10 16:50:38', '2019-10-08 11:14:16');
INSERT INTO `users` (`id`, `first_name`, `last_name`, `birthday`, `gender`, `email`, `phone`, `created_at`, `updated_at`) VALUES (84, 'Dedrick', 'Miller', '1980-11-26', 'F', 'hharris@example.org', '553-612-7333', '1984-08-11 06:38:11', '2007-02-05 13:11:20');
INSERT INTO `users` (`id`, `first_name`, `last_name`, `birthday`, `gender`, `email`, `phone`, `created_at`, `updated_at`) VALUES (85, 'Maureen', 'Jenkins', '2004-01-25', 'M', 'wwilliamson@example.net', '013.620.6426', '1974-02-21 21:14:59', '2013-06-07 05:06:13');
INSERT INTO `users` (`id`, `first_name`, `last_name`, `birthday`, `gender`, `email`, `phone`, `created_at`, `updated_at`) VALUES (86, 'Mustafa', 'Brown', '2020-06-22', 'F', 'langosh.consuelo@example.net', '00978090746', '2020-06-16 13:30:03', '1991-12-31 17:47:38');
INSERT INTO `users` (`id`, `first_name`, `last_name`, `birthday`, `gender`, `email`, `phone`, `created_at`, `updated_at`) VALUES (87, 'Bettie', 'Waelchi', '1986-10-12', 'M', 'nova.gusikowski@example.net', '849.886.8801', '2014-05-10 19:11:00', '2019-07-07 14:11:50');
INSERT INTO `users` (`id`, `first_name`, `last_name`, `birthday`, `gender`, `email`, `phone`, `created_at`, `updated_at`) VALUES (88, 'Tanya', 'Larson', '1988-09-19', 'F', 'jordyn.lueilwitz@example.org', '09427811813', '1981-10-04 14:56:15', '2009-08-05 05:11:37');
INSERT INTO `users` (`id`, `first_name`, `last_name`, `birthday`, `gender`, `email`, `phone`, `created_at`, `updated_at`) VALUES (89, 'Keara', 'Beahan', '2013-01-20', 'F', 'franecki.michaela@example.com', '932.554.3438', '2004-03-21 18:30:40', '2009-12-06 03:54:35');
INSERT INTO `users` (`id`, `first_name`, `last_name`, `birthday`, `gender`, `email`, `phone`, `created_at`, `updated_at`) VALUES (90, 'Marco', 'Wisozk', '1977-10-05', 'M', 'kilback.name@example.net', '476-621-8894', '1984-05-28 19:46:11', '1983-01-08 18:28:20');
INSERT INTO `users` (`id`, `first_name`, `last_name`, `birthday`, `gender`, `email`, `phone`, `created_at`, `updated_at`) VALUES (91, 'Trace', 'Schneider', '2004-11-10', 'F', 'marietta47@example.net', '593.311.3579', '1988-12-26 11:10:10', '2020-12-09 01:03:25');
INSERT INTO `users` (`id`, `first_name`, `last_name`, `birthday`, `gender`, `email`, `phone`, `created_at`, `updated_at`) VALUES (92, 'Houston', 'O\'Connell', '1977-05-27', 'M', 'danielle.hyatt@example.org', '(530)535-287', '1971-01-31 10:12:28', '1988-02-23 05:18:11');
INSERT INTO `users` (`id`, `first_name`, `last_name`, `birthday`, `gender`, `email`, `phone`, `created_at`, `updated_at`) VALUES (93, 'Abbey', 'Howell', '2007-04-14', 'F', 'jazmyn.collier@example.org', '+19(3)553088', '2011-03-14 23:26:53', '1979-07-26 14:43:27');
INSERT INTO `users` (`id`, `first_name`, `last_name`, `birthday`, `gender`, `email`, `phone`, `created_at`, `updated_at`) VALUES (94, 'Kadin', 'Okuneva', '1978-07-04', 'M', 'rbaumbach@example.com', '1-787-767-19', '1971-03-18 13:37:44', '2014-05-09 13:03:30');
INSERT INTO `users` (`id`, `first_name`, `last_name`, `birthday`, `gender`, `email`, `phone`, `created_at`, `updated_at`) VALUES (95, 'Damien', 'Pagac', '2021-09-20', 'M', 'madyson.hackett@example.org', '(959)130-669', '1979-01-19 20:53:56', '2011-03-10 17:06:25');
INSERT INTO `users` (`id`, `first_name`, `last_name`, `birthday`, `gender`, `email`, `phone`, `created_at`, `updated_at`) VALUES (96, 'Edna', 'Parker', '1993-01-09', 'F', 'will.jaquan@example.com', '017.349.3265', '1995-07-07 07:54:57', '1992-06-11 10:35:51');
INSERT INTO `users` (`id`, `first_name`, `last_name`, `birthday`, `gender`, `email`, `phone`, `created_at`, `updated_at`) VALUES (97, 'Flo', 'Fahey', '1985-10-03', 'F', 'roosevelt.morar@example.org', '(911)609-908', '1983-04-22 06:20:49', '2017-08-27 01:24:11');
INSERT INTO `users` (`id`, `first_name`, `last_name`, `birthday`, `gender`, `email`, `phone`, `created_at`, `updated_at`) VALUES (98, 'Lance', 'Lehner', '2015-10-18', 'M', 'feest.verla@example.com', '1-234-158-26', '1985-10-28 16:36:21', '1974-03-04 02:29:11');
INSERT INTO `users` (`id`, `first_name`, `last_name`, `birthday`, `gender`, `email`, `phone`, `created_at`, `updated_at`) VALUES (99, 'Ayana', 'Hettinger', '1985-05-02', 'M', 'bogan.hilda@example.org', '510.783.9248', '2009-12-17 01:04:03', '1999-04-02 21:44:23');
INSERT INTO `users` (`id`, `first_name`, `last_name`, `birthday`, `gender`, `email`, `phone`, `created_at`, `updated_at`) VALUES (100, 'Cecile', 'Bahringer', '1990-03-08', 'F', 'otis02@example.com', '1-792-708-47', '1982-03-15 20:11:09', '2003-03-13 15:51:13');

INSERT INTO `profiles` (`user_id`, `city`, `country`, `status`, `created_at`, `updated_at`) VALUES (1, 'Mistyfurt', '5633', 'Offline', '1991-04-10 17:29:54', '1972-12-10 18:44:36');
INSERT INTO `profiles` (`user_id`, `city`, `country`, `status`, `created_at`, `updated_at`) VALUES (2, 'New Lauryside', '410', 'Offline', '1995-07-25 17:28:45', '1984-02-02 06:47:26');
INSERT INTO `profiles` (`user_id`, `city`, `country`, `status`, `created_at`, `updated_at`) VALUES (3, 'East Desmond', '71656', 'Inactive', '1987-06-25 05:14:56', '2019-07-26 10:11:22');
INSERT INTO `profiles` (`user_id`, `city`, `country`, `status`, `created_at`, `updated_at`) VALUES (4, 'Gloverchester', '737362975', 'Online', '1985-09-29 14:56:01', '2006-02-15 13:38:33');
INSERT INTO `profiles` (`user_id`, `city`, `country`, `status`, `created_at`, `updated_at`) VALUES (5, 'Marionhaven', '', 'Offline', '1976-01-10 06:02:00', '1972-07-14 09:06:42');
INSERT INTO `profiles` (`user_id`, `city`, `country`, `status`, `created_at`, `updated_at`) VALUES (6, 'South Elianestad', '542077447', 'Inactive', '2018-11-27 11:31:51', '2005-09-19 22:07:22');
INSERT INTO `profiles` (`user_id`, `city`, `country`, `status`, `created_at`, `updated_at`) VALUES (7, 'East Dejaborough', '696', 'Offline', '2004-05-11 17:19:35', '2014-04-26 17:14:30');
INSERT INTO `profiles` (`user_id`, `city`, `country`, `status`, `created_at`, `updated_at`) VALUES (8, 'Lake Jameson', '569938', 'Inactive', '2017-02-06 10:43:58', '1991-05-09 00:59:55');
INSERT INTO `profiles` (`user_id`, `city`, `country`, `status`, `created_at`, `updated_at`) VALUES (9, 'North Alexa', '6105', 'Offline', '1988-12-09 04:45:52', '1990-04-23 15:32:39');
INSERT INTO `profiles` (`user_id`, `city`, `country`, `status`, `created_at`, `updated_at`) VALUES (10, 'Darenview', '711476', 'Offline', '2020-11-02 19:16:04', '2011-01-19 17:11:01');
INSERT INTO `profiles` (`user_id`, `city`, `country`, `status`, `created_at`, `updated_at`) VALUES (11, 'New Shyanne', '33130', 'Online', '1977-11-17 10:42:59', '1992-09-18 10:35:28');
INSERT INTO `profiles` (`user_id`, `city`, `country`, `status`, `created_at`, `updated_at`) VALUES (12, 'Ortizburgh', '734286', 'Inactive', '2005-12-24 17:31:57', '1992-12-28 12:14:51');
INSERT INTO `profiles` (`user_id`, `city`, `country`, `status`, `created_at`, `updated_at`) VALUES (13, 'Fletcherport', '2491', 'Online', '1975-05-11 05:55:54', '1982-11-18 09:22:53');
INSERT INTO `profiles` (`user_id`, `city`, `country`, `status`, `created_at`, `updated_at`) VALUES (14, 'Kristaview', '', 'Inactive', '1998-07-21 21:24:16', '2016-04-25 17:04:49');
INSERT INTO `profiles` (`user_id`, `city`, `country`, `status`, `created_at`, `updated_at`) VALUES (15, 'Port Quintonport', '', 'Offline', '1980-12-07 07:00:10', '1992-12-19 21:45:45');
INSERT INTO `profiles` (`user_id`, `city`, `country`, `status`, `created_at`, `updated_at`) VALUES (16, 'Ryanshire', '', 'Online', '1996-08-28 14:47:02', '1973-11-23 03:18:05');
INSERT INTO `profiles` (`user_id`, `city`, `country`, `status`, `created_at`, `updated_at`) VALUES (17, 'Barrowston', '80', 'Inactive', '1981-01-08 19:44:10', '1995-11-13 08:38:38');
INSERT INTO `profiles` (`user_id`, `city`, `country`, `status`, `created_at`, `updated_at`) VALUES (18, 'Turnerside', '7', 'Offline', '1973-07-14 16:43:47', '1998-08-25 19:44:23');
INSERT INTO `profiles` (`user_id`, `city`, `country`, `status`, `created_at`, `updated_at`) VALUES (19, 'Port Lula', '11', 'Inactive', '1990-03-16 13:16:50', '1997-11-22 14:03:41');
INSERT INTO `profiles` (`user_id`, `city`, `country`, `status`, `created_at`, `updated_at`) VALUES (20, 'West Jaredville', '', 'Online', '1975-11-06 22:10:29', '2000-09-01 20:55:26');
INSERT INTO `profiles` (`user_id`, `city`, `country`, `status`, `created_at`, `updated_at`) VALUES (21, 'Lake Norma', '', 'Inactive', '1972-07-01 14:46:20', '2016-09-10 20:45:36');
INSERT INTO `profiles` (`user_id`, `city`, `country`, `status`, `created_at`, `updated_at`) VALUES (22, 'West Gaymouth', '9882364', 'Inactive', '2004-07-26 22:00:24', '2010-11-11 01:37:18');
INSERT INTO `profiles` (`user_id`, `city`, `country`, `status`, `created_at`, `updated_at`) VALUES (23, 'Nikolausborough', '7638623', 'Online', '1984-02-29 01:29:19', '1997-07-22 18:29:46');
INSERT INTO `profiles` (`user_id`, `city`, `country`, `status`, `created_at`, `updated_at`) VALUES (24, 'Ferryton', '794', 'Inactive', '1993-08-06 19:39:11', '1985-04-14 03:06:33');
INSERT INTO `profiles` (`user_id`, `city`, `country`, `status`, `created_at`, `updated_at`) VALUES (25, 'Lake Mckaylaborough', '', 'Online', '2013-12-12 11:17:09', '2022-05-08 07:05:00');
INSERT INTO `profiles` (`user_id`, `city`, `country`, `status`, `created_at`, `updated_at`) VALUES (26, 'Jaceview', '5', 'Online', '2003-05-08 17:57:05', '1984-09-25 03:13:46');
INSERT INTO `profiles` (`user_id`, `city`, `country`, `status`, `created_at`, `updated_at`) VALUES (27, 'Brianland', '8409446', 'Inactive', '1974-04-05 20:18:24', '2021-06-21 02:31:14');
INSERT INTO `profiles` (`user_id`, `city`, `country`, `status`, `created_at`, `updated_at`) VALUES (28, 'North Sydni', '', 'Offline', '1995-07-29 09:52:53', '1989-09-29 18:38:37');
INSERT INTO `profiles` (`user_id`, `city`, `country`, `status`, `created_at`, `updated_at`) VALUES (29, 'Kreigerborough', '', 'Online', '2010-12-21 08:17:19', '2021-08-06 22:27:32');
INSERT INTO `profiles` (`user_id`, `city`, `country`, `status`, `created_at`, `updated_at`) VALUES (30, 'New Eleanoreshire', '276861', 'Offline', '1978-10-13 07:18:32', '2009-10-28 18:02:49');
INSERT INTO `profiles` (`user_id`, `city`, `country`, `status`, `created_at`, `updated_at`) VALUES (31, 'Ethelberg', '867372', 'Inactive', '2011-02-16 20:38:32', '2001-07-15 06:39:32');
INSERT INTO `profiles` (`user_id`, `city`, `country`, `status`, `created_at`, `updated_at`) VALUES (32, 'Port Shannashire', '', 'Inactive', '2006-10-31 03:16:44', '1972-10-03 01:36:30');
INSERT INTO `profiles` (`user_id`, `city`, `country`, `status`, `created_at`, `updated_at`) VALUES (33, 'Pascalestad', '2', 'Inactive', '1972-02-09 00:32:18', '1975-03-25 18:20:34');
INSERT INTO `profiles` (`user_id`, `city`, `country`, `status`, `created_at`, `updated_at`) VALUES (34, 'Walshchester', '142', 'Offline', '1991-03-22 21:37:24', '2002-11-11 13:25:17');
INSERT INTO `profiles` (`user_id`, `city`, `country`, `status`, `created_at`, `updated_at`) VALUES (35, 'Port Elda', '68812408', 'Offline', '1981-05-25 05:47:23', '2021-06-27 17:42:30');
INSERT INTO `profiles` (`user_id`, `city`, `country`, `status`, `created_at`, `updated_at`) VALUES (36, 'Mafaldamouth', '3', 'Offline', '1978-08-01 18:54:03', '1992-06-24 19:38:21');
INSERT INTO `profiles` (`user_id`, `city`, `country`, `status`, `created_at`, `updated_at`) VALUES (37, 'Wuckertmouth', '502', 'Online', '2020-09-06 20:17:08', '2013-08-22 17:19:12');
INSERT INTO `profiles` (`user_id`, `city`, `country`, `status`, `created_at`, `updated_at`) VALUES (38, 'New Cleora', '973156524', 'Inactive', '2004-02-28 09:04:58', '2011-08-04 04:47:53');
INSERT INTO `profiles` (`user_id`, `city`, `country`, `status`, `created_at`, `updated_at`) VALUES (39, 'East Marianachester', '173', 'Online', '1980-09-12 08:59:34', '1986-10-23 03:14:14');
INSERT INTO `profiles` (`user_id`, `city`, `country`, `status`, `created_at`, `updated_at`) VALUES (40, 'Lake Alayna', '', 'Offline', '2016-01-19 21:03:11', '1997-02-01 15:42:16');
INSERT INTO `profiles` (`user_id`, `city`, `country`, `status`, `created_at`, `updated_at`) VALUES (41, 'Carolyneview', '1169387', 'Online', '2001-01-07 09:21:03', '1985-09-14 09:25:12');
INSERT INTO `profiles` (`user_id`, `city`, `country`, `status`, `created_at`, `updated_at`) VALUES (42, 'Port Willismouth', '23333564', 'Online', '1975-06-28 04:56:01', '2011-01-19 21:11:48');
INSERT INTO `profiles` (`user_id`, `city`, `country`, `status`, `created_at`, `updated_at`) VALUES (43, 'Lake Alexandroborough', '6', 'Online', '1983-06-07 05:54:03', '2021-01-02 08:50:29');
INSERT INTO `profiles` (`user_id`, `city`, `country`, `status`, `created_at`, `updated_at`) VALUES (44, 'Daleside', '798', 'Inactive', '1996-09-16 10:16:31', '1977-11-22 22:15:31');
INSERT INTO `profiles` (`user_id`, `city`, `country`, `status`, `created_at`, `updated_at`) VALUES (45, 'Sabrinaville', '', 'Inactive', '2014-04-29 19:29:20', '2011-07-10 20:00:29');
INSERT INTO `profiles` (`user_id`, `city`, `country`, `status`, `created_at`, `updated_at`) VALUES (46, 'West Kameron', '6537', 'Inactive', '2013-11-17 21:52:36', '1988-07-30 08:48:59');
INSERT INTO `profiles` (`user_id`, `city`, `country`, `status`, `created_at`, `updated_at`) VALUES (47, 'Gideonfort', '312857895', 'Online', '2019-03-11 14:24:01', '1971-05-02 01:38:03');
INSERT INTO `profiles` (`user_id`, `city`, `country`, `status`, `created_at`, `updated_at`) VALUES (48, 'Blockhaven', '23508', 'Offline', '2018-02-08 22:49:28', '2021-01-20 00:45:07');
INSERT INTO `profiles` (`user_id`, `city`, `country`, `status`, `created_at`, `updated_at`) VALUES (49, 'New Ansley', '606857', 'Offline', '1971-11-21 10:42:28', '1976-01-19 21:31:13');
INSERT INTO `profiles` (`user_id`, `city`, `country`, `status`, `created_at`, `updated_at`) VALUES (50, 'Spencermouth', '', 'Inactive', '2010-12-09 17:42:29', '2014-12-29 19:40:20');
INSERT INTO `profiles` (`user_id`, `city`, `country`, `status`, `created_at`, `updated_at`) VALUES (51, 'Jacobsonland', '704', 'Offline', '1999-02-18 20:40:05', '1990-08-03 23:56:23');
INSERT INTO `profiles` (`user_id`, `city`, `country`, `status`, `created_at`, `updated_at`) VALUES (52, 'Port Jeanneburgh', '7', 'Online', '1983-04-03 12:18:58', '1984-02-09 11:23:28');
INSERT INTO `profiles` (`user_id`, `city`, `country`, `status`, `created_at`, `updated_at`) VALUES (53, 'Schaeferland', '87305596', 'Online', '1974-09-22 00:54:17', '2005-12-20 19:32:27');
INSERT INTO `profiles` (`user_id`, `city`, `country`, `status`, `created_at`, `updated_at`) VALUES (54, 'Olinport', '60', 'Offline', '1987-06-18 23:32:37', '2005-05-24 08:05:38');
INSERT INTO `profiles` (`user_id`, `city`, `country`, `status`, `created_at`, `updated_at`) VALUES (55, 'O\'Keefetown', '351404822', 'Offline', '2000-07-13 16:25:30', '1990-06-26 23:31:52');
INSERT INTO `profiles` (`user_id`, `city`, `country`, `status`, `created_at`, `updated_at`) VALUES (56, 'Hammesbury', '7669699', 'Online', '2003-09-30 04:23:21', '1989-06-06 18:42:31');
INSERT INTO `profiles` (`user_id`, `city`, `country`, `status`, `created_at`, `updated_at`) VALUES (57, 'Lake Devante', '37609', 'Offline', '2005-04-15 16:05:43', '1990-02-05 08:10:27');
INSERT INTO `profiles` (`user_id`, `city`, `country`, `status`, `created_at`, `updated_at`) VALUES (58, 'South Danial', '126688', 'Online', '1990-08-03 05:18:36', '1990-02-20 16:13:31');
INSERT INTO `profiles` (`user_id`, `city`, `country`, `status`, `created_at`, `updated_at`) VALUES (59, 'Turnerburgh', '73001429', 'Online', '1992-12-10 23:32:13', '1989-05-17 07:50:19');
INSERT INTO `profiles` (`user_id`, `city`, `country`, `status`, `created_at`, `updated_at`) VALUES (60, 'Ernafurt', '89108', 'Offline', '1989-04-15 09:45:23', '1999-02-25 00:41:51');
INSERT INTO `profiles` (`user_id`, `city`, `country`, `status`, `created_at`, `updated_at`) VALUES (61, 'Grantmouth', '278392', 'Online', '1993-10-29 10:07:24', '2000-12-16 00:42:26');
INSERT INTO `profiles` (`user_id`, `city`, `country`, `status`, `created_at`, `updated_at`) VALUES (62, 'East Josianne', '', 'Offline', '1986-04-13 16:44:36', '2017-10-12 00:07:58');
INSERT INTO `profiles` (`user_id`, `city`, `country`, `status`, `created_at`, `updated_at`) VALUES (63, 'Maddisontown', '5148', 'Offline', '2006-07-06 13:23:09', '1989-07-19 11:14:53');
INSERT INTO `profiles` (`user_id`, `city`, `country`, `status`, `created_at`, `updated_at`) VALUES (64, 'West Bethel', '50399', 'Offline', '1986-02-09 17:59:24', '1986-06-10 19:24:38');
INSERT INTO `profiles` (`user_id`, `city`, `country`, `status`, `created_at`, `updated_at`) VALUES (65, 'West Rowena', '79009', 'Inactive', '2004-05-15 14:51:06', '1983-02-22 22:49:16');
INSERT INTO `profiles` (`user_id`, `city`, `country`, `status`, `created_at`, `updated_at`) VALUES (66, 'North Marjorie', '621514991', 'Online', '1975-02-27 19:45:23', '1971-12-16 04:30:49');
INSERT INTO `profiles` (`user_id`, `city`, `country`, `status`, `created_at`, `updated_at`) VALUES (67, 'New Ryanside', '', 'Online', '1970-07-08 19:56:30', '2021-07-18 11:45:30');
INSERT INTO `profiles` (`user_id`, `city`, `country`, `status`, `created_at`, `updated_at`) VALUES (68, 'Loweport', '50', 'Offline', '2016-01-07 11:56:07', '2009-05-11 07:57:51');
INSERT INTO `profiles` (`user_id`, `city`, `country`, `status`, `created_at`, `updated_at`) VALUES (69, 'South Lesliehaven', '56512818', 'Offline', '1994-08-08 22:05:11', '1972-06-15 07:49:55');
INSERT INTO `profiles` (`user_id`, `city`, `country`, `status`, `created_at`, `updated_at`) VALUES (70, 'Shanieton', '89037338', 'Online', '1989-05-10 20:36:42', '1988-10-24 17:05:51');
INSERT INTO `profiles` (`user_id`, `city`, `country`, `status`, `created_at`, `updated_at`) VALUES (71, 'Hanefurt', '35', 'Offline', '2006-03-06 09:39:13', '2010-03-01 18:38:09');
INSERT INTO `profiles` (`user_id`, `city`, `country`, `status`, `created_at`, `updated_at`) VALUES (72, 'West Otto', '553650', 'Online', '2009-12-08 08:59:53', '2012-05-10 15:54:15');
INSERT INTO `profiles` (`user_id`, `city`, `country`, `status`, `created_at`, `updated_at`) VALUES (73, 'East Whitney', '3517636', 'Online', '2002-02-11 23:39:13', '2001-08-30 02:01:52');
INSERT INTO `profiles` (`user_id`, `city`, `country`, `status`, `created_at`, `updated_at`) VALUES (74, 'East Saigebury', '55', 'Offline', '1982-01-20 21:41:50', '2009-08-26 05:36:15');
INSERT INTO `profiles` (`user_id`, `city`, `country`, `status`, `created_at`, `updated_at`) VALUES (75, 'Glennaberg', '283530429', 'Offline', '2018-05-20 08:03:53', '1993-06-16 13:46:52');
INSERT INTO `profiles` (`user_id`, `city`, `country`, `status`, `created_at`, `updated_at`) VALUES (76, 'Barrowsfort', '79', 'Offline', '2005-01-15 03:53:47', '1992-08-16 13:26:59');
INSERT INTO `profiles` (`user_id`, `city`, `country`, `status`, `created_at`, `updated_at`) VALUES (77, 'Noemifort', '37687561', 'Offline', '1972-09-11 05:09:49', '2022-04-28 23:36:53');
INSERT INTO `profiles` (`user_id`, `city`, `country`, `status`, `created_at`, `updated_at`) VALUES (78, 'Audreyton', '50', 'Offline', '2020-08-11 20:01:26', '1999-01-19 16:58:56');
INSERT INTO `profiles` (`user_id`, `city`, `country`, `status`, `created_at`, `updated_at`) VALUES (79, 'New Jaronview', '356079', 'Inactive', '2012-10-23 21:39:45', '2015-05-05 03:25:31');
INSERT INTO `profiles` (`user_id`, `city`, `country`, `status`, `created_at`, `updated_at`) VALUES (80, 'South Nathanialmouth', '623953877', 'Inactive', '1996-05-25 18:33:16', '1985-06-04 19:59:00');
INSERT INTO `profiles` (`user_id`, `city`, `country`, `status`, `created_at`, `updated_at`) VALUES (81, 'Tierraville', '', 'Online', '1976-08-13 12:47:09', '2012-05-01 18:22:03');
INSERT INTO `profiles` (`user_id`, `city`, `country`, `status`, `created_at`, `updated_at`) VALUES (82, 'Jefferystad', '7108', 'Offline', '1984-10-27 04:56:08', '2016-10-25 15:35:13');
INSERT INTO `profiles` (`user_id`, `city`, `country`, `status`, `created_at`, `updated_at`) VALUES (83, 'Lake Heather', '18', 'Offline', '2015-06-22 00:17:09', '1981-07-21 08:56:35');
INSERT INTO `profiles` (`user_id`, `city`, `country`, `status`, `created_at`, `updated_at`) VALUES (84, 'Alanistown', '845923', 'Inactive', '2004-10-22 04:06:10', '1976-07-25 05:58:53');
INSERT INTO `profiles` (`user_id`, `city`, `country`, `status`, `created_at`, `updated_at`) VALUES (85, 'Bashirianport', '83', 'Inactive', '1985-12-24 09:00:06', '1977-07-08 04:12:25');
INSERT INTO `profiles` (`user_id`, `city`, `country`, `status`, `created_at`, `updated_at`) VALUES (86, 'Bernierville', '45', 'Offline', '2003-05-25 23:09:53', '1980-12-25 09:17:41');
INSERT INTO `profiles` (`user_id`, `city`, `country`, `status`, `created_at`, `updated_at`) VALUES (87, 'Moenchester', '659078540', 'Inactive', '2015-10-19 23:17:30', '1991-07-30 23:38:56');
INSERT INTO `profiles` (`user_id`, `city`, `country`, `status`, `created_at`, `updated_at`) VALUES (88, 'Croninville', '954854177', 'Offline', '2016-10-16 01:10:08', '1992-08-08 03:50:12');
INSERT INTO `profiles` (`user_id`, `city`, `country`, `status`, `created_at`, `updated_at`) VALUES (89, 'New Mekhi', '40648415', 'Online', '1976-07-27 09:04:06', '1986-07-05 02:57:03');
INSERT INTO `profiles` (`user_id`, `city`, `country`, `status`, `created_at`, `updated_at`) VALUES (90, 'Kuhicmouth', '38588914', 'Online', '2007-05-03 13:29:11', '2004-11-29 04:44:43');
INSERT INTO `profiles` (`user_id`, `city`, `country`, `status`, `created_at`, `updated_at`) VALUES (91, 'Johnpaulchester', '56143', 'Inactive', '1985-10-16 21:08:47', '1984-12-29 22:31:45');
INSERT INTO `profiles` (`user_id`, `city`, `country`, `status`, `created_at`, `updated_at`) VALUES (92, 'Deangelofurt', '26', 'Offline', '1985-05-17 17:11:56', '1980-08-08 13:40:35');
INSERT INTO `profiles` (`user_id`, `city`, `country`, `status`, `created_at`, `updated_at`) VALUES (93, 'North Alishafort', '8712', 'Offline', '1973-11-27 14:04:56', '1989-06-09 03:47:45');
INSERT INTO `profiles` (`user_id`, `city`, `country`, `status`, `created_at`, `updated_at`) VALUES (94, 'Port Isabelle', '89', 'Offline', '1999-08-18 21:30:20', '2003-05-01 04:22:38');
INSERT INTO `profiles` (`user_id`, `city`, `country`, `status`, `created_at`, `updated_at`) VALUES (95, 'South Sheila', '572466', 'Online', '2008-09-13 15:59:59', '1973-03-09 10:00:42');
INSERT INTO `profiles` (`user_id`, `city`, `country`, `status`, `created_at`, `updated_at`) VALUES (96, 'Heathshire', '584972', 'Online', '1981-03-06 06:28:03', '1999-10-17 07:06:54');
INSERT INTO `profiles` (`user_id`, `city`, `country`, `status`, `created_at`, `updated_at`) VALUES (97, 'Pollichfurt', '', 'Online', '1998-06-01 14:57:10', '2008-06-24 15:06:24');
INSERT INTO `profiles` (`user_id`, `city`, `country`, `status`, `created_at`, `updated_at`) VALUES (98, 'Durganstad', '275933481', 'Online', '1976-09-13 14:00:44', '1995-11-17 05:38:06');
INSERT INTO `profiles` (`user_id`, `city`, `country`, `status`, `created_at`, `updated_at`) VALUES (99, 'East Tyrique', '4', 'Offline', '1971-06-11 19:30:24', '2006-02-08 02:42:12');
INSERT INTO `profiles` (`user_id`, `city`, `country`, `status`, `created_at`, `updated_at`) VALUES (100, 'Langview', '94', 'Inactive', '2011-06-05 17:36:39', '1996-01-02 22:23:00');

INSERT INTO `friendship_request_types` (`id`, `name`, `created_at`, `updated_at`) VALUES (1, 'Друзья', '1989-10-04 15:29:52', '2021-03-22 11:22:39');
INSERT INTO `friendship_request_types` (`id`, `name`, `created_at`, `updated_at`) VALUES (2, 'Полписка', '2004-11-27 15:28:13', '1987-05-30 23:35:31');
INSERT INTO `friendship_request_types` (`id`, `name`, `created_at`, `updated_at`) VALUES (3, 'Блокировка', '1971-11-12 09:51:27', '2014-11-16 01:29:55');

INSERT INTO `friendship` (`user_id`, `friend_id`, `request_type_id`, `requested_at`, `confirmed_at`, `created_at`, `updated_at`) VALUES (1, 1, 1, '1990-08-13 03:12:07', '2005-10-17 02:06:14', '1990-09-02 20:10:23', '1999-09-09 21:10:02');
INSERT INTO `friendship` (`user_id`, `friend_id`, `request_type_id`, `requested_at`, `confirmed_at`, `created_at`, `updated_at`) VALUES (2, 2, 2, '1980-09-24 01:24:17', '2010-08-15 07:57:36', '2015-08-27 13:21:54', '2000-07-12 23:33:22');
INSERT INTO `friendship` (`user_id`, `friend_id`, `request_type_id`, `requested_at`, `confirmed_at`, `created_at`, `updated_at`) VALUES (3, 3, 3, '1977-11-17 13:30:24', '1978-03-19 07:51:50', '1984-01-30 01:26:33', '2007-09-27 19:35:44');
INSERT INTO `friendship` (`user_id`, `friend_id`, `request_type_id`, `requested_at`, `confirmed_at`, `created_at`, `updated_at`) VALUES (4, 4, 1, '2017-04-04 05:40:30', '1999-07-12 22:03:18', '1999-06-27 22:54:04', '1978-01-13 11:54:57');
INSERT INTO `friendship` (`user_id`, `friend_id`, `request_type_id`, `requested_at`, `confirmed_at`, `created_at`, `updated_at`) VALUES (5, 5, 2, '1994-03-30 13:08:12', '2010-01-30 08:49:57', '1974-05-17 01:56:55', '1974-05-04 01:22:55');
INSERT INTO `friendship` (`user_id`, `friend_id`, `request_type_id`, `requested_at`, `confirmed_at`, `created_at`, `updated_at`) VALUES (6, 6, 3, '1988-04-02 00:24:05', '2001-12-02 14:54:10', '2017-06-28 21:33:37', '2006-09-01 12:05:38');
INSERT INTO `friendship` (`user_id`, `friend_id`, `request_type_id`, `requested_at`, `confirmed_at`, `created_at`, `updated_at`) VALUES (7, 7, 1, '2007-10-26 11:58:16', '2004-12-23 05:55:00', '2014-07-09 00:58:18', '1993-06-09 06:17:53');
INSERT INTO `friendship` (`user_id`, `friend_id`, `request_type_id`, `requested_at`, `confirmed_at`, `created_at`, `updated_at`) VALUES (8, 8, 2, '1985-02-09 18:29:12', '2007-10-08 20:42:27', '1998-02-17 03:45:31', '1972-03-24 22:44:54');
INSERT INTO `friendship` (`user_id`, `friend_id`, `request_type_id`, `requested_at`, `confirmed_at`, `created_at`, `updated_at`) VALUES (9, 9, 3, '2020-12-24 18:00:04', '2012-04-24 01:11:26', '1994-04-14 14:11:46', '2001-08-07 02:20:12');
INSERT INTO `friendship` (`user_id`, `friend_id`, `request_type_id`, `requested_at`, `confirmed_at`, `created_at`, `updated_at`) VALUES (10, 10, 1, '1978-03-19 21:43:22', '1978-05-23 17:35:07', '1991-07-17 07:15:11', '1979-03-05 16:56:50');
INSERT INTO `friendship` (`user_id`, `friend_id`, `request_type_id`, `requested_at`, `confirmed_at`, `created_at`, `updated_at`) VALUES (11, 11, 2, '1987-07-08 23:38:03', '2008-04-04 13:14:26', '2007-01-24 15:30:30', '2021-09-15 21:41:58');
INSERT INTO `friendship` (`user_id`, `friend_id`, `request_type_id`, `requested_at`, `confirmed_at`, `created_at`, `updated_at`) VALUES (12, 12, 3, '1983-04-27 23:14:28', '1996-11-06 16:38:43', '2005-09-20 00:42:29', '1979-10-17 06:57:26');
INSERT INTO `friendship` (`user_id`, `friend_id`, `request_type_id`, `requested_at`, `confirmed_at`, `created_at`, `updated_at`) VALUES (13, 13, 1, '1988-01-28 23:51:44', '2019-12-18 09:57:04', '2012-10-21 23:26:18', '2007-08-26 04:55:54');
INSERT INTO `friendship` (`user_id`, `friend_id`, `request_type_id`, `requested_at`, `confirmed_at`, `created_at`, `updated_at`) VALUES (14, 14, 2, '1990-10-01 00:07:22', '1993-08-02 15:23:49', '2004-02-29 16:09:39', '2017-11-19 16:14:20');
INSERT INTO `friendship` (`user_id`, `friend_id`, `request_type_id`, `requested_at`, `confirmed_at`, `created_at`, `updated_at`) VALUES (15, 15, 3, '2016-09-20 20:17:16', '1978-02-01 08:34:52', '2019-04-20 22:59:14', '1982-01-07 14:31:58');
INSERT INTO `friendship` (`user_id`, `friend_id`, `request_type_id`, `requested_at`, `confirmed_at`, `created_at`, `updated_at`) VALUES (16, 16, 1, '2007-04-18 22:01:09', '2006-03-27 00:10:48', '2002-01-29 23:14:42', '1985-04-21 13:28:39');
INSERT INTO `friendship` (`user_id`, `friend_id`, `request_type_id`, `requested_at`, `confirmed_at`, `created_at`, `updated_at`) VALUES (17, 17, 2, '2007-01-13 07:56:29', '1976-11-11 00:33:39', '1977-10-17 21:29:18', '2019-07-16 09:21:21');
INSERT INTO `friendship` (`user_id`, `friend_id`, `request_type_id`, `requested_at`, `confirmed_at`, `created_at`, `updated_at`) VALUES (18, 18, 3, '1974-12-24 11:00:53', '1970-12-19 17:35:20', '1985-05-11 04:12:50', '2005-10-14 04:28:25');
INSERT INTO `friendship` (`user_id`, `friend_id`, `request_type_id`, `requested_at`, `confirmed_at`, `created_at`, `updated_at`) VALUES (19, 19, 1, '2017-06-22 17:56:03', '1972-06-02 09:20:26', '1999-05-15 02:36:53', '2011-04-03 21:23:08');
INSERT INTO `friendship` (`user_id`, `friend_id`, `request_type_id`, `requested_at`, `confirmed_at`, `created_at`, `updated_at`) VALUES (20, 20, 2, '1985-09-07 01:26:25', '1994-12-11 16:04:53', '1984-06-26 18:16:29', '1991-12-13 08:43:06');
INSERT INTO `friendship` (`user_id`, `friend_id`, `request_type_id`, `requested_at`, `confirmed_at`, `created_at`, `updated_at`) VALUES (21, 21, 3, '2015-05-14 09:25:08', '2003-09-25 14:12:24', '1987-11-12 01:51:25', '1973-04-21 03:06:08');
INSERT INTO `friendship` (`user_id`, `friend_id`, `request_type_id`, `requested_at`, `confirmed_at`, `created_at`, `updated_at`) VALUES (22, 22, 1, '1972-05-31 13:35:15', '2010-09-26 20:05:24', '1997-02-04 12:06:18', '1982-04-20 06:57:18');
INSERT INTO `friendship` (`user_id`, `friend_id`, `request_type_id`, `requested_at`, `confirmed_at`, `created_at`, `updated_at`) VALUES (23, 23, 2, '2002-09-26 02:57:04', '1994-08-15 04:08:56', '2014-10-01 02:39:17', '1980-05-20 19:47:24');
INSERT INTO `friendship` (`user_id`, `friend_id`, `request_type_id`, `requested_at`, `confirmed_at`, `created_at`, `updated_at`) VALUES (24, 24, 3, '1988-02-29 18:15:27', '2006-10-29 02:01:10', '1992-08-21 17:12:52', '2003-09-16 14:42:53');
INSERT INTO `friendship` (`user_id`, `friend_id`, `request_type_id`, `requested_at`, `confirmed_at`, `created_at`, `updated_at`) VALUES (25, 25, 1, '1989-01-12 14:46:28', '1986-01-23 01:56:15', '2004-12-29 07:00:55', '2007-01-01 16:22:55');
INSERT INTO `friendship` (`user_id`, `friend_id`, `request_type_id`, `requested_at`, `confirmed_at`, `created_at`, `updated_at`) VALUES (26, 26, 2, '2007-12-22 06:31:50', '2006-02-20 16:30:19', '2017-08-09 19:37:13', '1972-10-06 08:42:18');
INSERT INTO `friendship` (`user_id`, `friend_id`, `request_type_id`, `requested_at`, `confirmed_at`, `created_at`, `updated_at`) VALUES (27, 27, 3, '1971-12-03 04:59:34', '1996-05-19 00:08:49', '2000-04-20 08:02:37', '1976-11-22 22:34:57');
INSERT INTO `friendship` (`user_id`, `friend_id`, `request_type_id`, `requested_at`, `confirmed_at`, `created_at`, `updated_at`) VALUES (28, 28, 1, '2005-04-23 00:35:05', '2008-07-18 05:12:05', '2015-05-17 11:22:54', '1987-02-23 04:18:43');
INSERT INTO `friendship` (`user_id`, `friend_id`, `request_type_id`, `requested_at`, `confirmed_at`, `created_at`, `updated_at`) VALUES (29, 29, 2, '2006-06-07 16:38:50', '1978-10-28 23:26:47', '1982-01-29 22:36:23', '2011-08-30 15:05:49');
INSERT INTO `friendship` (`user_id`, `friend_id`, `request_type_id`, `requested_at`, `confirmed_at`, `created_at`, `updated_at`) VALUES (30, 30, 3, '1990-12-11 05:20:30', '1983-08-27 00:36:02', '1995-03-16 04:34:10', '2014-07-31 11:18:46');
INSERT INTO `friendship` (`user_id`, `friend_id`, `request_type_id`, `requested_at`, `confirmed_at`, `created_at`, `updated_at`) VALUES (31, 31, 1, '2001-09-08 08:57:49', '1991-03-19 07:18:19', '1991-08-08 06:07:45', '1994-08-20 17:18:25');
INSERT INTO `friendship` (`user_id`, `friend_id`, `request_type_id`, `requested_at`, `confirmed_at`, `created_at`, `updated_at`) VALUES (32, 32, 2, '1988-05-04 00:53:14', '1982-03-21 10:49:08', '1979-03-05 01:50:48', '1971-10-25 05:39:49');
INSERT INTO `friendship` (`user_id`, `friend_id`, `request_type_id`, `requested_at`, `confirmed_at`, `created_at`, `updated_at`) VALUES (33, 33, 3, '1985-12-19 18:37:22', '1995-07-23 11:57:26', '1991-12-05 19:58:20', '2013-02-03 21:45:28');
INSERT INTO `friendship` (`user_id`, `friend_id`, `request_type_id`, `requested_at`, `confirmed_at`, `created_at`, `updated_at`) VALUES (34, 34, 1, '1992-02-21 22:34:06', '2010-02-24 08:00:52', '1977-05-08 01:49:08', '1972-07-28 04:02:40');
INSERT INTO `friendship` (`user_id`, `friend_id`, `request_type_id`, `requested_at`, `confirmed_at`, `created_at`, `updated_at`) VALUES (35, 35, 2, '2005-08-25 09:32:48', '1976-06-18 04:16:50', '1984-07-18 12:27:14', '2014-05-25 06:42:58');
INSERT INTO `friendship` (`user_id`, `friend_id`, `request_type_id`, `requested_at`, `confirmed_at`, `created_at`, `updated_at`) VALUES (36, 36, 3, '2010-09-29 06:48:45', '1983-01-11 00:11:26', '2002-01-13 01:46:06', '2000-05-04 00:59:42');
INSERT INTO `friendship` (`user_id`, `friend_id`, `request_type_id`, `requested_at`, `confirmed_at`, `created_at`, `updated_at`) VALUES (37, 37, 1, '1995-04-26 00:31:17', '1992-11-25 13:40:55', '1977-09-13 22:55:10', '2014-05-15 13:43:38');
INSERT INTO `friendship` (`user_id`, `friend_id`, `request_type_id`, `requested_at`, `confirmed_at`, `created_at`, `updated_at`) VALUES (38, 38, 2, '2018-02-19 00:58:08', '2015-10-30 07:04:41', '2005-12-29 02:03:08', '2012-07-05 10:58:47');
INSERT INTO `friendship` (`user_id`, `friend_id`, `request_type_id`, `requested_at`, `confirmed_at`, `created_at`, `updated_at`) VALUES (39, 39, 3, '1991-12-26 19:26:10', '2018-06-09 13:35:19', '2014-09-17 14:28:47', '2004-10-31 05:29:34');
INSERT INTO `friendship` (`user_id`, `friend_id`, `request_type_id`, `requested_at`, `confirmed_at`, `created_at`, `updated_at`) VALUES (40, 40, 1, '1976-04-03 16:04:53', '1988-10-16 17:26:00', '1971-01-01 00:39:57', '1981-07-16 21:12:53');
INSERT INTO `friendship` (`user_id`, `friend_id`, `request_type_id`, `requested_at`, `confirmed_at`, `created_at`, `updated_at`) VALUES (41, 41, 2, '2020-08-06 10:38:20', '2019-10-06 22:45:16', '1986-10-20 13:20:03', '2021-05-26 08:03:03');
INSERT INTO `friendship` (`user_id`, `friend_id`, `request_type_id`, `requested_at`, `confirmed_at`, `created_at`, `updated_at`) VALUES (42, 42, 3, '2014-05-25 07:16:57', '2011-12-08 22:49:14', '2020-10-24 23:32:50', '2000-11-26 17:43:52');
INSERT INTO `friendship` (`user_id`, `friend_id`, `request_type_id`, `requested_at`, `confirmed_at`, `created_at`, `updated_at`) VALUES (43, 43, 1, '2021-06-17 21:57:01', '2008-08-11 09:36:25', '2003-03-28 05:00:27', '1984-09-17 21:44:28');
INSERT INTO `friendship` (`user_id`, `friend_id`, `request_type_id`, `requested_at`, `confirmed_at`, `created_at`, `updated_at`) VALUES (44, 44, 2, '2020-07-25 22:57:21', '2015-11-27 17:37:55', '1982-03-23 18:47:16', '2009-01-11 08:13:50');
INSERT INTO `friendship` (`user_id`, `friend_id`, `request_type_id`, `requested_at`, `confirmed_at`, `created_at`, `updated_at`) VALUES (45, 45, 3, '1971-12-17 13:59:47', '2022-04-25 09:26:07', '2013-06-03 19:27:32', '1990-06-12 07:46:40');
INSERT INTO `friendship` (`user_id`, `friend_id`, `request_type_id`, `requested_at`, `confirmed_at`, `created_at`, `updated_at`) VALUES (46, 46, 1, '1973-04-14 07:14:46', '2000-08-18 11:42:45', '1984-06-22 08:45:40', '2011-11-30 20:01:33');
INSERT INTO `friendship` (`user_id`, `friend_id`, `request_type_id`, `requested_at`, `confirmed_at`, `created_at`, `updated_at`) VALUES (47, 47, 2, '2011-07-23 06:14:49', '1984-02-06 20:33:06', '1973-10-14 02:48:50', '2022-02-27 13:21:53');
INSERT INTO `friendship` (`user_id`, `friend_id`, `request_type_id`, `requested_at`, `confirmed_at`, `created_at`, `updated_at`) VALUES (48, 48, 3, '2018-08-11 18:16:17', '2003-01-25 08:01:06', '1981-05-15 18:49:11', '2000-12-23 16:48:19');
INSERT INTO `friendship` (`user_id`, `friend_id`, `request_type_id`, `requested_at`, `confirmed_at`, `created_at`, `updated_at`) VALUES (49, 49, 1, '2007-06-21 16:55:22', '2012-05-19 16:41:07', '1972-07-18 16:10:15', '1992-05-03 10:56:52');
INSERT INTO `friendship` (`user_id`, `friend_id`, `request_type_id`, `requested_at`, `confirmed_at`, `created_at`, `updated_at`) VALUES (50, 50, 2, '2002-06-15 20:55:47', '2004-07-08 19:57:06', '1998-11-03 22:45:41', '2021-07-09 10:46:53');
INSERT INTO `friendship` (`user_id`, `friend_id`, `request_type_id`, `requested_at`, `confirmed_at`, `created_at`, `updated_at`) VALUES (51, 51, 3, '2009-03-22 10:46:03', '2010-08-24 19:13:21', '2015-11-27 14:57:49', '2014-02-10 01:10:59');
INSERT INTO `friendship` (`user_id`, `friend_id`, `request_type_id`, `requested_at`, `confirmed_at`, `created_at`, `updated_at`) VALUES (52, 52, 1, '1999-07-20 14:24:35', '2014-09-23 17:58:23', '2007-03-25 23:08:13', '1981-10-20 04:28:32');
INSERT INTO `friendship` (`user_id`, `friend_id`, `request_type_id`, `requested_at`, `confirmed_at`, `created_at`, `updated_at`) VALUES (53, 53, 2, '1996-05-18 17:42:20', '2020-06-30 17:09:00', '2016-10-09 09:11:32', '1971-03-01 20:54:39');
INSERT INTO `friendship` (`user_id`, `friend_id`, `request_type_id`, `requested_at`, `confirmed_at`, `created_at`, `updated_at`) VALUES (54, 54, 3, '1990-07-12 08:59:20', '2000-03-09 00:38:37', '1981-03-18 20:22:00', '1998-02-08 15:07:50');
INSERT INTO `friendship` (`user_id`, `friend_id`, `request_type_id`, `requested_at`, `confirmed_at`, `created_at`, `updated_at`) VALUES (55, 55, 1, '1976-01-18 20:18:25', '2020-03-06 21:21:30', '2004-01-12 16:02:49', '1997-01-17 02:43:20');
INSERT INTO `friendship` (`user_id`, `friend_id`, `request_type_id`, `requested_at`, `confirmed_at`, `created_at`, `updated_at`) VALUES (56, 56, 2, '1983-12-04 04:22:56', '2020-06-30 10:37:47', '2004-02-27 06:20:37', '2000-08-02 08:36:29');
INSERT INTO `friendship` (`user_id`, `friend_id`, `request_type_id`, `requested_at`, `confirmed_at`, `created_at`, `updated_at`) VALUES (57, 57, 3, '2004-12-10 02:16:18', '2022-04-19 14:03:12', '1971-07-11 04:37:12', '1997-05-14 15:40:11');
INSERT INTO `friendship` (`user_id`, `friend_id`, `request_type_id`, `requested_at`, `confirmed_at`, `created_at`, `updated_at`) VALUES (58, 58, 1, '2017-03-11 08:28:08', '2005-06-08 01:49:00', '2013-04-01 15:31:20', '2001-05-23 12:38:06');
INSERT INTO `friendship` (`user_id`, `friend_id`, `request_type_id`, `requested_at`, `confirmed_at`, `created_at`, `updated_at`) VALUES (59, 59, 2, '1989-11-22 23:26:16', '2013-11-18 20:46:15', '2002-03-04 01:39:00', '1973-03-06 10:42:32');
INSERT INTO `friendship` (`user_id`, `friend_id`, `request_type_id`, `requested_at`, `confirmed_at`, `created_at`, `updated_at`) VALUES (60, 60, 3, '1988-10-06 11:00:41', '2011-06-24 14:34:06', '1991-11-19 18:02:57', '2014-01-17 22:22:38');
INSERT INTO `friendship` (`user_id`, `friend_id`, `request_type_id`, `requested_at`, `confirmed_at`, `created_at`, `updated_at`) VALUES (61, 61, 1, '1973-05-20 00:03:51', '2012-07-17 11:26:06', '2019-07-30 21:14:07', '1984-12-24 05:23:31');
INSERT INTO `friendship` (`user_id`, `friend_id`, `request_type_id`, `requested_at`, `confirmed_at`, `created_at`, `updated_at`) VALUES (62, 62, 2, '2021-07-05 19:15:17', '1979-11-18 02:13:29', '2010-01-16 20:47:19', '1995-03-27 02:06:04');
INSERT INTO `friendship` (`user_id`, `friend_id`, `request_type_id`, `requested_at`, `confirmed_at`, `created_at`, `updated_at`) VALUES (63, 63, 3, '2011-12-20 03:42:04', '1987-09-12 02:23:14', '2015-09-16 12:31:41', '2007-02-04 02:22:55');
INSERT INTO `friendship` (`user_id`, `friend_id`, `request_type_id`, `requested_at`, `confirmed_at`, `created_at`, `updated_at`) VALUES (64, 64, 1, '1998-10-25 22:46:58', '1982-02-01 11:45:11', '2001-11-14 09:35:21', '2018-06-26 03:54:51');
INSERT INTO `friendship` (`user_id`, `friend_id`, `request_type_id`, `requested_at`, `confirmed_at`, `created_at`, `updated_at`) VALUES (65, 65, 2, '2006-02-19 06:30:34', '1989-03-30 13:49:21', '2018-09-27 23:11:03', '1981-04-29 04:09:53');
INSERT INTO `friendship` (`user_id`, `friend_id`, `request_type_id`, `requested_at`, `confirmed_at`, `created_at`, `updated_at`) VALUES (66, 66, 3, '2002-09-15 21:03:02', '1983-03-20 13:40:14', '1993-02-20 04:15:03', '2006-06-23 15:52:12');
INSERT INTO `friendship` (`user_id`, `friend_id`, `request_type_id`, `requested_at`, `confirmed_at`, `created_at`, `updated_at`) VALUES (67, 67, 1, '2017-01-05 15:05:43', '1993-08-02 12:49:15', '1999-04-01 15:05:19', '2013-09-04 17:04:33');
INSERT INTO `friendship` (`user_id`, `friend_id`, `request_type_id`, `requested_at`, `confirmed_at`, `created_at`, `updated_at`) VALUES (68, 68, 2, '2011-11-14 07:59:30', '1998-03-16 20:57:34', '1977-01-25 01:56:35', '2019-07-02 22:22:38');
INSERT INTO `friendship` (`user_id`, `friend_id`, `request_type_id`, `requested_at`, `confirmed_at`, `created_at`, `updated_at`) VALUES (69, 69, 3, '2010-02-12 03:05:59', '1999-01-15 09:00:19', '2014-06-21 12:12:06', '2020-12-05 02:15:02');
INSERT INTO `friendship` (`user_id`, `friend_id`, `request_type_id`, `requested_at`, `confirmed_at`, `created_at`, `updated_at`) VALUES (70, 70, 1, '1975-01-19 01:19:51', '2012-05-29 08:50:37', '2021-11-11 17:44:36', '1971-06-09 04:38:41');
INSERT INTO `friendship` (`user_id`, `friend_id`, `request_type_id`, `requested_at`, `confirmed_at`, `created_at`, `updated_at`) VALUES (71, 71, 2, '1993-12-20 19:04:19', '1995-04-27 00:05:10', '2007-11-06 04:57:34', '2016-07-20 09:07:30');
INSERT INTO `friendship` (`user_id`, `friend_id`, `request_type_id`, `requested_at`, `confirmed_at`, `created_at`, `updated_at`) VALUES (72, 72, 3, '1997-12-19 17:48:48', '1988-06-11 11:28:29', '2006-08-21 09:35:19', '1987-07-07 00:16:36');
INSERT INTO `friendship` (`user_id`, `friend_id`, `request_type_id`, `requested_at`, `confirmed_at`, `created_at`, `updated_at`) VALUES (73, 73, 1, '1978-09-21 02:10:31', '2005-04-12 07:35:28', '1996-03-22 17:42:01', '1978-02-20 03:06:23');
INSERT INTO `friendship` (`user_id`, `friend_id`, `request_type_id`, `requested_at`, `confirmed_at`, `created_at`, `updated_at`) VALUES (74, 74, 2, '2000-04-15 09:45:30', '1981-05-19 13:29:37', '2011-08-18 06:24:28', '1993-02-01 10:09:20');
INSERT INTO `friendship` (`user_id`, `friend_id`, `request_type_id`, `requested_at`, `confirmed_at`, `created_at`, `updated_at`) VALUES (75, 75, 3, '2013-03-20 15:26:50', '2013-04-26 03:33:31', '1984-02-14 10:37:45', '2019-10-30 11:15:44');
INSERT INTO `friendship` (`user_id`, `friend_id`, `request_type_id`, `requested_at`, `confirmed_at`, `created_at`, `updated_at`) VALUES (76, 76, 1, '2008-12-15 01:02:46', '1973-02-22 08:38:59', '1971-12-20 00:21:30', '1997-06-25 15:03:46');
INSERT INTO `friendship` (`user_id`, `friend_id`, `request_type_id`, `requested_at`, `confirmed_at`, `created_at`, `updated_at`) VALUES (77, 77, 2, '1985-01-04 15:04:11', '1992-09-11 06:10:31', '1973-07-27 06:31:14', '2009-08-30 19:42:24');
INSERT INTO `friendship` (`user_id`, `friend_id`, `request_type_id`, `requested_at`, `confirmed_at`, `created_at`, `updated_at`) VALUES (78, 78, 3, '2020-05-13 02:00:18', '1990-03-03 08:26:50', '2009-03-10 20:02:55', '1987-04-05 07:26:48');
INSERT INTO `friendship` (`user_id`, `friend_id`, `request_type_id`, `requested_at`, `confirmed_at`, `created_at`, `updated_at`) VALUES (79, 79, 1, '1970-03-14 18:12:43', '1998-02-16 03:59:36', '1979-10-29 19:13:50', '2012-07-06 21:33:19');
INSERT INTO `friendship` (`user_id`, `friend_id`, `request_type_id`, `requested_at`, `confirmed_at`, `created_at`, `updated_at`) VALUES (80, 80, 2, '1980-08-29 17:28:12', '2012-07-26 20:07:44', '2013-12-17 05:46:29', '1999-11-08 08:08:01');
INSERT INTO `friendship` (`user_id`, `friend_id`, `request_type_id`, `requested_at`, `confirmed_at`, `created_at`, `updated_at`) VALUES (81, 81, 3, '2010-09-18 11:38:58', '1972-08-25 18:13:39', '2019-12-03 06:20:32', '2011-08-11 17:02:37');
INSERT INTO `friendship` (`user_id`, `friend_id`, `request_type_id`, `requested_at`, `confirmed_at`, `created_at`, `updated_at`) VALUES (82, 82, 1, '1971-01-09 02:04:23', '1994-04-19 02:33:41', '2007-09-20 11:43:28', '1973-08-22 22:55:45');
INSERT INTO `friendship` (`user_id`, `friend_id`, `request_type_id`, `requested_at`, `confirmed_at`, `created_at`, `updated_at`) VALUES (83, 83, 2, '2017-02-20 21:13:31', '1995-11-04 23:57:50', '1997-06-11 23:53:49', '1972-03-09 19:23:22');
INSERT INTO `friendship` (`user_id`, `friend_id`, `request_type_id`, `requested_at`, `confirmed_at`, `created_at`, `updated_at`) VALUES (84, 84, 3, '1993-05-29 03:38:24', '2006-12-29 23:11:31', '1970-08-16 01:03:38', '1987-12-04 17:52:07');
INSERT INTO `friendship` (`user_id`, `friend_id`, `request_type_id`, `requested_at`, `confirmed_at`, `created_at`, `updated_at`) VALUES (85, 85, 1, '1970-08-11 17:00:57', '1984-01-22 20:43:45', '1992-09-23 16:33:08', '1990-11-21 03:24:04');
INSERT INTO `friendship` (`user_id`, `friend_id`, `request_type_id`, `requested_at`, `confirmed_at`, `created_at`, `updated_at`) VALUES (86, 86, 2, '1972-05-08 03:35:31', '1982-09-06 00:03:14', '2010-06-29 08:26:24', '1997-10-13 18:49:25');
INSERT INTO `friendship` (`user_id`, `friend_id`, `request_type_id`, `requested_at`, `confirmed_at`, `created_at`, `updated_at`) VALUES (87, 87, 3, '2021-02-23 21:09:17', '1986-02-07 22:16:05', '1986-02-03 11:54:07', '2016-12-08 12:53:02');
INSERT INTO `friendship` (`user_id`, `friend_id`, `request_type_id`, `requested_at`, `confirmed_at`, `created_at`, `updated_at`) VALUES (88, 88, 1, '1971-07-29 16:05:05', '2010-04-04 13:42:31', '1990-10-10 08:21:24', '1998-03-11 08:38:54');
INSERT INTO `friendship` (`user_id`, `friend_id`, `request_type_id`, `requested_at`, `confirmed_at`, `created_at`, `updated_at`) VALUES (89, 89, 2, '1988-08-24 21:34:05', '2020-10-30 16:17:45', '2008-06-21 17:17:33', '2021-08-23 15:05:41');
INSERT INTO `friendship` (`user_id`, `friend_id`, `request_type_id`, `requested_at`, `confirmed_at`, `created_at`, `updated_at`) VALUES (90, 90, 3, '1970-05-11 03:31:49', '1991-03-03 23:10:46', '1993-12-21 15:27:58', '2004-09-25 03:16:02');
INSERT INTO `friendship` (`user_id`, `friend_id`, `request_type_id`, `requested_at`, `confirmed_at`, `created_at`, `updated_at`) VALUES (91, 91, 1, '1978-07-03 22:51:53', '2018-08-24 14:23:11', '2000-09-04 13:39:43', '2019-02-17 10:18:22');
INSERT INTO `friendship` (`user_id`, `friend_id`, `request_type_id`, `requested_at`, `confirmed_at`, `created_at`, `updated_at`) VALUES (92, 92, 2, '2014-03-27 12:54:36', '1982-07-18 01:59:12', '2019-08-03 06:43:15', '1985-06-28 23:14:43');
INSERT INTO `friendship` (`user_id`, `friend_id`, `request_type_id`, `requested_at`, `confirmed_at`, `created_at`, `updated_at`) VALUES (93, 93, 3, '1972-11-22 07:27:14', '1974-02-22 07:40:54', '2013-03-01 18:59:39', '2019-02-03 15:08:48');
INSERT INTO `friendship` (`user_id`, `friend_id`, `request_type_id`, `requested_at`, `confirmed_at`, `created_at`, `updated_at`) VALUES (94, 94, 1, '1986-12-21 08:06:51', '2011-07-10 11:34:22', '1986-08-19 03:50:53', '1990-04-08 08:06:13');
INSERT INTO `friendship` (`user_id`, `friend_id`, `request_type_id`, `requested_at`, `confirmed_at`, `created_at`, `updated_at`) VALUES (95, 95, 2, '1975-03-21 12:55:13', '1990-12-18 21:48:27', '2021-07-31 21:42:43', '1993-09-21 13:56:42');
INSERT INTO `friendship` (`user_id`, `friend_id`, `request_type_id`, `requested_at`, `confirmed_at`, `created_at`, `updated_at`) VALUES (96, 96, 3, '1972-07-08 04:51:52', '2014-10-21 18:18:00', '1978-07-19 05:53:50', '1990-01-26 08:27:41');
INSERT INTO `friendship` (`user_id`, `friend_id`, `request_type_id`, `requested_at`, `confirmed_at`, `created_at`, `updated_at`) VALUES (97, 97, 1, '1995-10-09 19:53:03', '2001-11-23 08:14:31', '1981-06-19 20:45:18', '1993-07-02 16:45:16');
INSERT INTO `friendship` (`user_id`, `friend_id`, `request_type_id`, `requested_at`, `confirmed_at`, `created_at`, `updated_at`) VALUES (98, 98, 2, '2004-06-23 19:46:16', '1981-09-10 23:32:41', '2007-07-28 21:16:25', '1994-09-20 07:29:47');
INSERT INTO `friendship` (`user_id`, `friend_id`, `request_type_id`, `requested_at`, `confirmed_at`, `created_at`, `updated_at`) VALUES (99, 99, 3, '1995-07-21 20:10:41', '1975-09-30 20:51:55', '1976-07-10 14:11:12', '2003-11-04 16:39:39');
INSERT INTO `friendship` (`user_id`, `friend_id`, `request_type_id`, `requested_at`, `confirmed_at`, `created_at`, `updated_at`) VALUES (100, 100, 1, '1990-04-25 23:48:09', '1984-08-18 14:24:19', '1984-05-03 21:56:40', '2014-07-24 11:17:57');

UPDATE friendship SET
user_id = FLOOR(1 + RAND()*99.99),
friend_id = FLOOR(1 + RAND()*99.99)
WHERE request_type_id > 0;

INSERT INTO `communities` (`id`, `admin_id`, `name`, `created_at`, `updated_at`) VALUES (1, 1, 'autem', '1997-07-14 21:11:23', '1972-11-29 10:44:27');
INSERT INTO `communities` (`id`, `admin_id`, `name`, `created_at`, `updated_at`) VALUES (2, 2, 'accusantium', '2003-08-04 14:30:08', '1985-10-16 23:56:52');
INSERT INTO `communities` (`id`, `admin_id`, `name`, `created_at`, `updated_at`) VALUES (3, 3, 'quo', '1974-04-26 21:45:52', '1979-05-19 22:29:40');
INSERT INTO `communities` (`id`, `admin_id`, `name`, `created_at`, `updated_at`) VALUES (4, 4, 'laudantium', '2009-11-18 21:03:14', '2011-06-29 08:10:21');
INSERT INTO `communities` (`id`, `admin_id`, `name`, `created_at`, `updated_at`) VALUES (5, 5, 'sit', '2004-11-05 20:02:36', '1971-04-07 10:29:39');
INSERT INTO `communities` (`id`, `admin_id`, `name`, `created_at`, `updated_at`) VALUES (6, 6, 'repellendus', '1991-09-26 16:00:02', '2013-01-19 16:41:15');
INSERT INTO `communities` (`id`, `admin_id`, `name`, `created_at`, `updated_at`) VALUES (7, 7, 'dolor', '2012-07-18 12:33:21', '2009-08-17 04:25:49');
INSERT INTO `communities` (`id`, `admin_id`, `name`, `created_at`, `updated_at`) VALUES (8, 8, 'eius', '1988-06-10 21:18:13', '2013-08-28 21:56:24');
INSERT INTO `communities` (`id`, `admin_id`, `name`, `created_at`, `updated_at`) VALUES (9, 9, 'et', '2005-02-17 04:04:22', '2008-04-14 17:51:56');
INSERT INTO `communities` (`id`, `admin_id`, `name`, `created_at`, `updated_at`) VALUES (10, 10, 'non', '1977-01-01 20:02:54', '1985-02-27 23:51:22');
INSERT INTO `communities` (`id`, `admin_id`, `name`, `created_at`, `updated_at`) VALUES (11, 11, 'ut', '1989-06-20 21:38:14', '1996-10-31 20:18:21');
INSERT INTO `communities` (`id`, `admin_id`, `name`, `created_at`, `updated_at`) VALUES (12, 12, 'qui', '2013-10-11 08:55:05', '1970-06-05 16:13:23');
INSERT INTO `communities` (`id`, `admin_id`, `name`, `created_at`, `updated_at`) VALUES (13, 13, 'id', '1979-04-18 10:50:46', '1981-07-23 20:43:44');
INSERT INTO `communities` (`id`, `admin_id`, `name`, `created_at`, `updated_at`) VALUES (14, 14, 'quia', '2006-08-13 12:01:15', '1986-05-23 09:19:24');
INSERT INTO `communities` (`id`, `admin_id`, `name`, `created_at`, `updated_at`) VALUES (15, 15, 'impedit', '2005-10-22 23:33:46', '2018-08-07 16:38:03');
INSERT INTO `communities` (`id`, `admin_id`, `name`, `created_at`, `updated_at`) VALUES (16, 16, 'commodi', '1991-09-28 14:11:54', '2005-05-14 01:27:09');
INSERT INTO `communities` (`id`, `admin_id`, `name`, `created_at`, `updated_at`) VALUES (17, 17, 'doloremque', '2005-08-06 10:45:03', '2001-07-12 09:44:51');
INSERT INTO `communities` (`id`, `admin_id`, `name`, `created_at`, `updated_at`) VALUES (18, 18, 'iste', '1973-08-08 23:23:06', '1992-01-29 10:15:21');
INSERT INTO `communities` (`id`, `admin_id`, `name`, `created_at`, `updated_at`) VALUES (19, 19, 'modi', '2006-09-03 23:10:02', '2007-12-22 01:14:04');
INSERT INTO `communities` (`id`, `admin_id`, `name`, `created_at`, `updated_at`) VALUES (20, 20, 'dolores', '1994-05-25 01:57:58', '1992-05-13 07:20:42');
INSERT INTO `communities` (`id`, `admin_id`, `name`, `created_at`, `updated_at`) VALUES (21, 21, 'distinctio', '2011-01-10 04:30:40', '1994-03-29 20:48:43');
INSERT INTO `communities` (`id`, `admin_id`, `name`, `created_at`, `updated_at`) VALUES (22, 22, 'perferendis', '1999-09-18 00:02:39', '1975-05-21 07:40:54');
INSERT INTO `communities` (`id`, `admin_id`, `name`, `created_at`, `updated_at`) VALUES (23, 23, 'molestiae', '2001-07-19 00:27:37', '1987-07-06 00:20:49');
INSERT INTO `communities` (`id`, `admin_id`, `name`, `created_at`, `updated_at`) VALUES (24, 24, 'est', '1982-07-24 02:54:17', '1984-02-10 21:30:42');
INSERT INTO `communities` (`id`, `admin_id`, `name`, `created_at`, `updated_at`) VALUES (25, 25, 'fuga', '1976-04-14 05:32:11', '2003-04-22 15:10:22');
INSERT INTO `communities` (`id`, `admin_id`, `name`, `created_at`, `updated_at`) VALUES (26, 26, 'suscipit', '1984-08-10 19:02:00', '1976-11-17 15:14:46');
INSERT INTO `communities` (`id`, `admin_id`, `name`, `created_at`, `updated_at`) VALUES (27, 27, 'excepturi', '1974-12-31 04:09:19', '1979-09-23 07:18:43');
INSERT INTO `communities` (`id`, `admin_id`, `name`, `created_at`, `updated_at`) VALUES (28, 28, 'numquam', '2010-05-09 23:45:17', '1989-12-12 07:46:01');
INSERT INTO `communities` (`id`, `admin_id`, `name`, `created_at`, `updated_at`) VALUES (29, 29, 'consequatur', '1994-02-01 23:59:00', '1980-09-18 18:37:30');
INSERT INTO `communities` (`id`, `admin_id`, `name`, `created_at`, `updated_at`) VALUES (30, 30, 'quisquam', '1989-07-19 05:49:25', '1985-09-07 18:01:52');
INSERT INTO `communities` (`id`, `admin_id`, `name`, `created_at`, `updated_at`) VALUES (31, 31, 'dolorem', '1992-12-20 21:45:00', '1972-07-16 04:12:18');
INSERT INTO `communities` (`id`, `admin_id`, `name`, `created_at`, `updated_at`) VALUES (32, 32, 'beatae', '1995-02-11 16:26:24', '2005-12-13 14:55:21');
INSERT INTO `communities` (`id`, `admin_id`, `name`, `created_at`, `updated_at`) VALUES (33, 33, 'porro', '1992-04-26 05:14:42', '1971-12-18 01:24:57');
INSERT INTO `communities` (`id`, `admin_id`, `name`, `created_at`, `updated_at`) VALUES (34, 34, 'alias', '2011-05-14 07:27:43', '2006-06-08 14:08:52');
INSERT INTO `communities` (`id`, `admin_id`, `name`, `created_at`, `updated_at`) VALUES (35, 35, 'necessitatibus', '1988-09-17 20:36:19', '1976-07-13 11:19:48');
INSERT INTO `communities` (`id`, `admin_id`, `name`, `created_at`, `updated_at`) VALUES (36, 36, 'consequuntur', '1995-08-24 06:06:30', '2019-02-23 03:55:00');
INSERT INTO `communities` (`id`, `admin_id`, `name`, `created_at`, `updated_at`) VALUES (37, 37, 'sed', '1988-02-05 22:03:33', '1984-11-27 16:58:03');
INSERT INTO `communities` (`id`, `admin_id`, `name`, `created_at`, `updated_at`) VALUES (38, 38, 'accusamus', '1987-02-23 14:16:06', '1979-07-30 16:22:13');
INSERT INTO `communities` (`id`, `admin_id`, `name`, `created_at`, `updated_at`) VALUES (39, 39, 'vel', '1989-10-08 14:09:27', '2004-09-15 05:42:17');
INSERT INTO `communities` (`id`, `admin_id`, `name`, `created_at`, `updated_at`) VALUES (40, 40, 'voluptas', '1989-09-28 01:53:36', '2020-08-06 02:53:05');
INSERT INTO `communities` (`id`, `admin_id`, `name`, `created_at`, `updated_at`) VALUES (41, 41, 'assumenda', '1994-05-12 22:35:17', '2000-11-12 13:35:04');
INSERT INTO `communities` (`id`, `admin_id`, `name`, `created_at`, `updated_at`) VALUES (42, 42, 'quis', '1977-05-29 13:37:18', '1979-01-05 03:22:29');
INSERT INTO `communities` (`id`, `admin_id`, `name`, `created_at`, `updated_at`) VALUES (43, 43, 'repellat', '2008-04-04 19:20:46', '2017-12-19 13:33:11');
INSERT INTO `communities` (`id`, `admin_id`, `name`, `created_at`, `updated_at`) VALUES (44, 44, 'voluptatibus', '2008-05-27 22:15:36', '2004-06-01 03:42:22');
INSERT INTO `communities` (`id`, `admin_id`, `name`, `created_at`, `updated_at`) VALUES (45, 45, 'cupiditate', '1986-12-23 00:42:50', '1995-12-20 05:07:11');
INSERT INTO `communities` (`id`, `admin_id`, `name`, `created_at`, `updated_at`) VALUES (46, 46, 'aut', '1981-06-05 20:06:45', '2002-11-05 04:22:33');
INSERT INTO `communities` (`id`, `admin_id`, `name`, `created_at`, `updated_at`) VALUES (47, 47, 'sint', '2012-02-12 08:01:36', '1994-07-01 14:17:24');
INSERT INTO `communities` (`id`, `admin_id`, `name`, `created_at`, `updated_at`) VALUES (48, 48, 'sunt', '2021-12-28 08:29:34', '2003-03-26 12:32:16');
INSERT INTO `communities` (`id`, `admin_id`, `name`, `created_at`, `updated_at`) VALUES (49, 49, 'minus', '2004-07-27 02:55:57', '1987-01-09 19:36:11');
INSERT INTO `communities` (`id`, `admin_id`, `name`, `created_at`, `updated_at`) VALUES (50, 50, 'hic', '1988-09-13 06:26:31', '1989-11-15 07:08:21');
INSERT INTO `communities` (`id`, `admin_id`, `name`, `created_at`, `updated_at`) VALUES (51, 51, 'architecto', '1999-01-28 06:40:37', '1979-12-30 13:56:27');
INSERT INTO `communities` (`id`, `admin_id`, `name`, `created_at`, `updated_at`) VALUES (52, 52, 'quos', '1989-12-06 08:38:53', '1995-04-15 04:19:02');
INSERT INTO `communities` (`id`, `admin_id`, `name`, `created_at`, `updated_at`) VALUES (53, 53, 'veritatis', '2020-09-23 05:11:14', '2016-05-31 15:39:40');
INSERT INTO `communities` (`id`, `admin_id`, `name`, `created_at`, `updated_at`) VALUES (54, 54, 'tempore', '1992-10-27 02:09:32', '1993-05-16 14:04:06');
INSERT INTO `communities` (`id`, `admin_id`, `name`, `created_at`, `updated_at`) VALUES (55, 55, 'dolorum', '2002-06-08 18:26:27', '1981-11-04 14:18:20');
INSERT INTO `communities` (`id`, `admin_id`, `name`, `created_at`, `updated_at`) VALUES (56, 56, 'expedita', '1986-10-25 19:29:17', '1989-08-28 17:20:17');
INSERT INTO `communities` (`id`, `admin_id`, `name`, `created_at`, `updated_at`) VALUES (57, 57, 'dignissimos', '2002-11-05 07:11:02', '1973-05-02 14:42:46');
INSERT INTO `communities` (`id`, `admin_id`, `name`, `created_at`, `updated_at`) VALUES (58, 58, 'atque', '1977-04-27 12:18:24', '1987-02-03 23:20:48');
INSERT INTO `communities` (`id`, `admin_id`, `name`, `created_at`, `updated_at`) VALUES (59, 59, 'placeat', '1977-03-17 22:23:57', '1979-06-12 19:02:13');
INSERT INTO `communities` (`id`, `admin_id`, `name`, `created_at`, `updated_at`) VALUES (60, 60, 'veniam', '1970-10-16 16:18:57', '1995-12-04 06:28:51');
INSERT INTO `communities` (`id`, `admin_id`, `name`, `created_at`, `updated_at`) VALUES (61, 61, 'illo', '1987-06-14 12:51:56', '1999-08-30 00:10:53');
INSERT INTO `communities` (`id`, `admin_id`, `name`, `created_at`, `updated_at`) VALUES (62, 62, 'ipsa', '1983-03-21 12:01:15', '1992-01-21 09:18:38');
INSERT INTO `communities` (`id`, `admin_id`, `name`, `created_at`, `updated_at`) VALUES (63, 63, 'ab', '2020-06-01 17:27:17', '2009-05-08 19:48:37');
INSERT INTO `communities` (`id`, `admin_id`, `name`, `created_at`, `updated_at`) VALUES (64, 64, 'quod', '2015-09-07 05:14:42', '2009-10-20 07:11:28');
INSERT INTO `communities` (`id`, `admin_id`, `name`, `created_at`, `updated_at`) VALUES (65, 65, 'fugit', '1986-05-19 00:48:49', '2006-03-22 11:05:00');
INSERT INTO `communities` (`id`, `admin_id`, `name`, `created_at`, `updated_at`) VALUES (66, 66, 'esse', '2016-01-15 01:18:16', '2018-04-06 00:35:13');
INSERT INTO `communities` (`id`, `admin_id`, `name`, `created_at`, `updated_at`) VALUES (67, 67, 'ex', '1993-12-01 05:46:56', '1970-08-26 12:39:23');
INSERT INTO `communities` (`id`, `admin_id`, `name`, `created_at`, `updated_at`) VALUES (68, 68, 'odio', '1999-01-19 02:52:35', '2018-07-01 06:05:36');
INSERT INTO `communities` (`id`, `admin_id`, `name`, `created_at`, `updated_at`) VALUES (69, 69, 'vero', '1994-08-08 18:49:54', '2004-04-11 13:10:24');
INSERT INTO `communities` (`id`, `admin_id`, `name`, `created_at`, `updated_at`) VALUES (70, 70, 'in', '1986-07-29 05:43:14', '1977-12-02 12:17:18');
INSERT INTO `communities` (`id`, `admin_id`, `name`, `created_at`, `updated_at`) VALUES (71, 71, 'deleniti', '1976-10-25 12:28:39', '1998-09-03 06:53:07');
INSERT INTO `communities` (`id`, `admin_id`, `name`, `created_at`, `updated_at`) VALUES (72, 72, 'quasi', '1989-08-08 17:41:51', '1986-12-14 23:22:09');
INSERT INTO `communities` (`id`, `admin_id`, `name`, `created_at`, `updated_at`) VALUES (73, 73, 'nihil', '2010-11-27 23:33:21', '2014-06-04 11:45:29');
INSERT INTO `communities` (`id`, `admin_id`, `name`, `created_at`, `updated_at`) VALUES (74, 74, 'unde', '2011-05-02 10:31:26', '1982-09-30 11:32:11');
INSERT INTO `communities` (`id`, `admin_id`, `name`, `created_at`, `updated_at`) VALUES (75, 75, 'rerum', '2005-01-08 07:20:12', '1999-05-25 23:10:24');
INSERT INTO `communities` (`id`, `admin_id`, `name`, `created_at`, `updated_at`) VALUES (76, 76, 'libero', '1999-04-07 14:56:04', '1983-11-27 14:54:08');
INSERT INTO `communities` (`id`, `admin_id`, `name`, `created_at`, `updated_at`) VALUES (77, 77, 'a', '1971-11-01 00:44:28', '1981-05-21 13:10:38');
INSERT INTO `communities` (`id`, `admin_id`, `name`, `created_at`, `updated_at`) VALUES (78, 78, 'pariatur', '1984-05-31 02:50:43', '1980-06-08 12:47:43');
INSERT INTO `communities` (`id`, `admin_id`, `name`, `created_at`, `updated_at`) VALUES (79, 79, 'nobis', '1977-02-26 11:50:23', '2008-09-07 06:29:30');
INSERT INTO `communities` (`id`, `admin_id`, `name`, `created_at`, `updated_at`) VALUES (80, 80, 'enim', '1973-12-05 20:18:12', '1994-09-05 19:10:11');
INSERT INTO `communities` (`id`, `admin_id`, `name`, `created_at`, `updated_at`) VALUES (81, 81, 'soluta', '1998-06-21 04:03:45', '2000-02-01 05:25:32');
INSERT INTO `communities` (`id`, `admin_id`, `name`, `created_at`, `updated_at`) VALUES (82, 82, 'rem', '1973-04-26 01:55:03', '1998-02-25 17:40:58');
INSERT INTO `communities` (`id`, `admin_id`, `name`, `created_at`, `updated_at`) VALUES (83, 83, 'voluptates', '1990-03-06 06:15:54', '2013-03-02 01:14:36');
INSERT INTO `communities` (`id`, `admin_id`, `name`, `created_at`, `updated_at`) VALUES (84, 84, 'quae', '1995-09-11 23:41:37', '1998-06-12 06:58:05');
INSERT INTO `communities` (`id`, `admin_id`, `name`, `created_at`, `updated_at`) VALUES (85, 85, 'facilis', '2001-11-15 21:54:52', '2003-08-12 11:33:19');
INSERT INTO `communities` (`id`, `admin_id`, `name`, `created_at`, `updated_at`) VALUES (86, 86, 'nesciunt', '1984-04-27 15:44:26', '2019-07-24 20:18:49');
INSERT INTO `communities` (`id`, `admin_id`, `name`, `created_at`, `updated_at`) VALUES (87, 87, 'voluptatem', '1990-06-02 07:25:01', '1986-07-14 02:53:50');
INSERT INTO `communities` (`id`, `admin_id`, `name`, `created_at`, `updated_at`) VALUES (88, 88, 'eos', '2009-05-22 05:19:40', '1980-04-29 05:28:24');
INSERT INTO `communities` (`id`, `admin_id`, `name`, `created_at`, `updated_at`) VALUES (89, 89, 'magni', '2001-02-02 05:53:15', '1985-08-28 12:52:04');
INSERT INTO `communities` (`id`, `admin_id`, `name`, `created_at`, `updated_at`) VALUES (90, 90, 'adipisci', '2003-11-22 22:45:20', '1995-02-17 12:06:48');
INSERT INTO `communities` (`id`, `admin_id`, `name`, `created_at`, `updated_at`) VALUES (91, 91, 'velit', '2021-11-27 01:11:44', '1976-01-20 03:01:17');
INSERT INTO `communities` (`id`, `admin_id`, `name`, `created_at`, `updated_at`) VALUES (92, 92, 'nemo', '2013-06-01 17:46:46', '1990-08-02 20:17:22');
INSERT INTO `communities` (`id`, `admin_id`, `name`, `created_at`, `updated_at`) VALUES (93, 93, 'voluptate', '1994-06-01 11:54:45', '1977-06-03 01:44:07');
INSERT INTO `communities` (`id`, `admin_id`, `name`, `created_at`, `updated_at`) VALUES (94, 94, 'quas', '1992-01-16 02:08:42', '1975-05-28 02:30:53');
INSERT INTO `communities` (`id`, `admin_id`, `name`, `created_at`, `updated_at`) VALUES (95, 95, 'eligendi', '2002-06-20 07:48:01', '1972-07-12 02:48:50');
INSERT INTO `communities` (`id`, `admin_id`, `name`, `created_at`, `updated_at`) VALUES (96, 96, 'nam', '2022-02-04 02:38:01', '2018-10-13 22:00:13');
INSERT INTO `communities` (`id`, `admin_id`, `name`, `created_at`, `updated_at`) VALUES (97, 97, 'optio', '1976-10-01 23:47:05', '1992-01-31 06:37:41');
INSERT INTO `communities` (`id`, `admin_id`, `name`, `created_at`, `updated_at`) VALUES (98, 98, 'itaque', '1995-07-10 11:27:12', '2015-01-06 07:01:01');
INSERT INTO `communities` (`id`, `admin_id`, `name`, `created_at`, `updated_at`) VALUES (99, 99, 'aliquam', '1970-05-13 15:33:47', '2005-07-01 04:19:47');
INSERT INTO `communities` (`id`, `admin_id`, `name`, `created_at`, `updated_at`) VALUES (100, 100, 'eveniet', '1993-07-31 00:02:57', '1970-08-31 15:31:02');

UPDATE communities SET
admin_id = FLOOR(1 + RAND()*99.99)
WHERE id > 0;

INSERT INTO `communitiies_users` (`user_id`, `community_id`, `created_at`, `updated_at`) VALUES (1, 1, '1997-04-15 11:23:07', '2016-09-29 14:49:39');
INSERT INTO `communitiies_users` (`user_id`, `community_id`, `created_at`, `updated_at`) VALUES (2, 2, '2008-12-30 02:14:21', '2012-04-15 09:43:56');
INSERT INTO `communitiies_users` (`user_id`, `community_id`, `created_at`, `updated_at`) VALUES (3, 3, '1974-02-11 08:23:04', '1994-12-21 18:03:29');
INSERT INTO `communitiies_users` (`user_id`, `community_id`, `created_at`, `updated_at`) VALUES (4, 4, '1984-06-04 12:11:31', '2018-08-10 13:41:59');
INSERT INTO `communitiies_users` (`user_id`, `community_id`, `created_at`, `updated_at`) VALUES (5, 5, '1993-08-06 23:23:48', '1979-04-08 02:34:25');
INSERT INTO `communitiies_users` (`user_id`, `community_id`, `created_at`, `updated_at`) VALUES (6, 6, '2020-11-07 11:54:12', '1997-10-23 22:22:13');
INSERT INTO `communitiies_users` (`user_id`, `community_id`, `created_at`, `updated_at`) VALUES (7, 7, '1979-05-15 03:32:32', '1992-10-16 08:05:22');
INSERT INTO `communitiies_users` (`user_id`, `community_id`, `created_at`, `updated_at`) VALUES (8, 8, '1997-04-09 04:08:47', '2011-05-16 22:38:56');
INSERT INTO `communitiies_users` (`user_id`, `community_id`, `created_at`, `updated_at`) VALUES (9, 9, '1995-04-11 14:47:54', '2006-03-05 14:05:04');
INSERT INTO `communitiies_users` (`user_id`, `community_id`, `created_at`, `updated_at`) VALUES (10, 10, '1983-07-07 10:18:13', '2005-08-28 07:27:14');
INSERT INTO `communitiies_users` (`user_id`, `community_id`, `created_at`, `updated_at`) VALUES (11, 11, '2008-11-08 13:19:39', '1975-07-24 16:12:56');
INSERT INTO `communitiies_users` (`user_id`, `community_id`, `created_at`, `updated_at`) VALUES (12, 12, '1991-02-23 06:01:01', '1983-12-22 07:46:10');
INSERT INTO `communitiies_users` (`user_id`, `community_id`, `created_at`, `updated_at`) VALUES (13, 13, '1984-05-18 20:27:53', '1984-05-10 03:41:01');
INSERT INTO `communitiies_users` (`user_id`, `community_id`, `created_at`, `updated_at`) VALUES (14, 14, '1972-03-17 02:26:41', '1983-04-14 21:36:27');
INSERT INTO `communitiies_users` (`user_id`, `community_id`, `created_at`, `updated_at`) VALUES (15, 15, '2020-07-19 00:00:25', '1992-09-17 17:57:32');
INSERT INTO `communitiies_users` (`user_id`, `community_id`, `created_at`, `updated_at`) VALUES (16, 16, '2010-03-20 11:56:08', '1979-02-02 10:44:55');
INSERT INTO `communitiies_users` (`user_id`, `community_id`, `created_at`, `updated_at`) VALUES (17, 17, '2011-01-20 19:16:57', '1996-07-22 03:57:23');
INSERT INTO `communitiies_users` (`user_id`, `community_id`, `created_at`, `updated_at`) VALUES (18, 18, '1999-09-27 15:11:47', '1990-02-12 07:36:17');
INSERT INTO `communitiies_users` (`user_id`, `community_id`, `created_at`, `updated_at`) VALUES (19, 19, '2016-01-20 06:44:55', '1971-02-23 22:02:23');
INSERT INTO `communitiies_users` (`user_id`, `community_id`, `created_at`, `updated_at`) VALUES (20, 20, '2008-04-09 12:59:53', '1997-12-21 02:31:19');
INSERT INTO `communitiies_users` (`user_id`, `community_id`, `created_at`, `updated_at`) VALUES (21, 21, '1990-12-01 07:47:48', '1977-06-28 08:02:03');
INSERT INTO `communitiies_users` (`user_id`, `community_id`, `created_at`, `updated_at`) VALUES (22, 22, '2016-07-03 10:09:37', '2016-04-14 14:00:43');
INSERT INTO `communitiies_users` (`user_id`, `community_id`, `created_at`, `updated_at`) VALUES (23, 23, '1985-03-13 07:45:32', '2005-05-11 20:19:26');
INSERT INTO `communitiies_users` (`user_id`, `community_id`, `created_at`, `updated_at`) VALUES (24, 24, '2006-04-17 13:34:39', '1993-09-18 07:26:36');
INSERT INTO `communitiies_users` (`user_id`, `community_id`, `created_at`, `updated_at`) VALUES (25, 25, '2015-04-16 05:50:00', '2008-01-13 20:24:51');
INSERT INTO `communitiies_users` (`user_id`, `community_id`, `created_at`, `updated_at`) VALUES (26, 26, '2007-07-05 23:51:10', '1987-03-25 03:11:59');
INSERT INTO `communitiies_users` (`user_id`, `community_id`, `created_at`, `updated_at`) VALUES (27, 27, '2013-12-19 21:10:20', '1971-12-07 16:09:16');
INSERT INTO `communitiies_users` (`user_id`, `community_id`, `created_at`, `updated_at`) VALUES (28, 28, '2010-02-25 01:06:28', '1998-06-05 19:29:26');
INSERT INTO `communitiies_users` (`user_id`, `community_id`, `created_at`, `updated_at`) VALUES (29, 29, '1986-08-20 18:09:57', '2019-07-17 12:51:50');
INSERT INTO `communitiies_users` (`user_id`, `community_id`, `created_at`, `updated_at`) VALUES (30, 30, '2017-09-03 04:48:42', '2014-11-16 10:47:56');
INSERT INTO `communitiies_users` (`user_id`, `community_id`, `created_at`, `updated_at`) VALUES (31, 31, '1971-03-21 11:55:15', '2009-12-19 21:57:36');
INSERT INTO `communitiies_users` (`user_id`, `community_id`, `created_at`, `updated_at`) VALUES (32, 32, '2004-03-20 15:43:04', '1972-02-25 03:50:38');
INSERT INTO `communitiies_users` (`user_id`, `community_id`, `created_at`, `updated_at`) VALUES (33, 33, '2002-08-14 01:55:48', '2018-09-17 05:45:44');
INSERT INTO `communitiies_users` (`user_id`, `community_id`, `created_at`, `updated_at`) VALUES (34, 34, '1981-11-21 03:13:29', '2021-07-03 08:24:54');
INSERT INTO `communitiies_users` (`user_id`, `community_id`, `created_at`, `updated_at`) VALUES (35, 35, '2012-03-31 12:06:18', '2014-09-12 05:13:08');
INSERT INTO `communitiies_users` (`user_id`, `community_id`, `created_at`, `updated_at`) VALUES (36, 36, '1974-10-12 07:52:50', '2007-05-12 18:54:32');
INSERT INTO `communitiies_users` (`user_id`, `community_id`, `created_at`, `updated_at`) VALUES (37, 37, '2012-03-02 18:26:53', '1989-04-28 16:32:34');
INSERT INTO `communitiies_users` (`user_id`, `community_id`, `created_at`, `updated_at`) VALUES (38, 38, '1981-05-07 03:14:33', '1994-10-25 00:17:19');
INSERT INTO `communitiies_users` (`user_id`, `community_id`, `created_at`, `updated_at`) VALUES (39, 39, '1988-11-06 23:10:31', '1971-04-26 05:16:33');
INSERT INTO `communitiies_users` (`user_id`, `community_id`, `created_at`, `updated_at`) VALUES (40, 40, '1972-09-11 05:19:48', '1974-01-19 19:23:43');
INSERT INTO `communitiies_users` (`user_id`, `community_id`, `created_at`, `updated_at`) VALUES (41, 41, '2004-08-27 23:30:05', '1980-12-22 19:18:28');
INSERT INTO `communitiies_users` (`user_id`, `community_id`, `created_at`, `updated_at`) VALUES (42, 42, '1975-12-25 01:17:36', '1979-10-23 13:03:13');
INSERT INTO `communitiies_users` (`user_id`, `community_id`, `created_at`, `updated_at`) VALUES (43, 43, '2002-07-08 07:03:35', '2000-07-27 23:54:28');
INSERT INTO `communitiies_users` (`user_id`, `community_id`, `created_at`, `updated_at`) VALUES (44, 44, '2000-07-11 00:42:03', '1971-12-20 22:55:07');
INSERT INTO `communitiies_users` (`user_id`, `community_id`, `created_at`, `updated_at`) VALUES (45, 45, '2009-04-27 16:27:18', '2006-12-17 21:35:11');
INSERT INTO `communitiies_users` (`user_id`, `community_id`, `created_at`, `updated_at`) VALUES (46, 46, '1985-03-05 09:57:11', '1970-12-02 07:28:10');
INSERT INTO `communitiies_users` (`user_id`, `community_id`, `created_at`, `updated_at`) VALUES (47, 47, '2014-10-18 15:41:55', '2007-08-07 07:31:19');
INSERT INTO `communitiies_users` (`user_id`, `community_id`, `created_at`, `updated_at`) VALUES (48, 48, '2000-01-14 17:35:52', '1996-04-01 01:57:56');
INSERT INTO `communitiies_users` (`user_id`, `community_id`, `created_at`, `updated_at`) VALUES (49, 49, '1980-01-15 02:01:11', '1978-10-09 20:28:51');
INSERT INTO `communitiies_users` (`user_id`, `community_id`, `created_at`, `updated_at`) VALUES (50, 50, '1993-11-20 10:23:24', '2014-12-04 02:29:13');
INSERT INTO `communitiies_users` (`user_id`, `community_id`, `created_at`, `updated_at`) VALUES (51, 51, '2016-10-03 21:42:01', '2020-02-04 18:56:38');
INSERT INTO `communitiies_users` (`user_id`, `community_id`, `created_at`, `updated_at`) VALUES (52, 52, '2000-01-20 06:16:49', '1971-07-06 19:39:16');
INSERT INTO `communitiies_users` (`user_id`, `community_id`, `created_at`, `updated_at`) VALUES (53, 53, '1987-08-23 08:43:19', '1976-01-31 05:57:18');
INSERT INTO `communitiies_users` (`user_id`, `community_id`, `created_at`, `updated_at`) VALUES (54, 54, '2006-10-29 09:05:30', '2001-11-01 16:04:52');
INSERT INTO `communitiies_users` (`user_id`, `community_id`, `created_at`, `updated_at`) VALUES (55, 55, '2000-05-10 00:41:54', '1994-12-02 20:11:56');
INSERT INTO `communitiies_users` (`user_id`, `community_id`, `created_at`, `updated_at`) VALUES (56, 56, '2010-04-12 12:54:26', '2002-12-15 12:31:06');
INSERT INTO `communitiies_users` (`user_id`, `community_id`, `created_at`, `updated_at`) VALUES (57, 57, '2018-11-29 03:12:39', '1982-06-22 15:30:55');
INSERT INTO `communitiies_users` (`user_id`, `community_id`, `created_at`, `updated_at`) VALUES (58, 58, '1978-09-16 14:51:45', '1979-07-28 06:20:37');
INSERT INTO `communitiies_users` (`user_id`, `community_id`, `created_at`, `updated_at`) VALUES (59, 59, '2009-10-09 18:26:53', '1993-10-13 07:54:16');
INSERT INTO `communitiies_users` (`user_id`, `community_id`, `created_at`, `updated_at`) VALUES (60, 60, '1988-05-12 11:42:12', '1972-04-03 23:34:02');
INSERT INTO `communitiies_users` (`user_id`, `community_id`, `created_at`, `updated_at`) VALUES (61, 61, '1974-05-25 15:15:00', '1988-02-28 07:27:36');
INSERT INTO `communitiies_users` (`user_id`, `community_id`, `created_at`, `updated_at`) VALUES (62, 62, '2006-03-30 09:03:40', '2001-04-21 11:48:34');
INSERT INTO `communitiies_users` (`user_id`, `community_id`, `created_at`, `updated_at`) VALUES (63, 63, '2006-01-04 01:50:28', '2003-03-29 04:52:39');
INSERT INTO `communitiies_users` (`user_id`, `community_id`, `created_at`, `updated_at`) VALUES (64, 64, '1980-09-17 15:33:17', '1987-01-20 22:34:27');
INSERT INTO `communitiies_users` (`user_id`, `community_id`, `created_at`, `updated_at`) VALUES (65, 65, '2004-01-29 03:07:16', '2012-08-25 22:35:27');
INSERT INTO `communitiies_users` (`user_id`, `community_id`, `created_at`, `updated_at`) VALUES (66, 66, '1976-04-09 19:44:05', '1989-10-15 05:48:23');
INSERT INTO `communitiies_users` (`user_id`, `community_id`, `created_at`, `updated_at`) VALUES (67, 67, '2015-08-20 04:32:53', '2009-06-03 02:31:52');
INSERT INTO `communitiies_users` (`user_id`, `community_id`, `created_at`, `updated_at`) VALUES (68, 68, '2011-07-02 17:20:16', '1990-06-05 16:36:34');
INSERT INTO `communitiies_users` (`user_id`, `community_id`, `created_at`, `updated_at`) VALUES (69, 69, '1990-05-09 22:20:29', '2001-11-20 09:15:16');
INSERT INTO `communitiies_users` (`user_id`, `community_id`, `created_at`, `updated_at`) VALUES (70, 70, '1979-09-09 03:53:59', '1981-04-30 07:21:15');
INSERT INTO `communitiies_users` (`user_id`, `community_id`, `created_at`, `updated_at`) VALUES (71, 71, '2006-02-20 13:01:27', '2012-04-21 08:36:56');
INSERT INTO `communitiies_users` (`user_id`, `community_id`, `created_at`, `updated_at`) VALUES (72, 72, '1991-03-17 12:18:38', '2005-11-27 09:36:33');
INSERT INTO `communitiies_users` (`user_id`, `community_id`, `created_at`, `updated_at`) VALUES (73, 73, '2000-05-06 22:08:04', '2003-06-26 16:06:56');
INSERT INTO `communitiies_users` (`user_id`, `community_id`, `created_at`, `updated_at`) VALUES (74, 74, '1971-02-26 04:04:36', '2010-09-05 01:20:51');
INSERT INTO `communitiies_users` (`user_id`, `community_id`, `created_at`, `updated_at`) VALUES (75, 75, '2011-01-27 08:10:22', '1982-10-14 23:16:50');
INSERT INTO `communitiies_users` (`user_id`, `community_id`, `created_at`, `updated_at`) VALUES (76, 76, '2000-07-19 18:06:51', '2021-01-26 14:18:50');
INSERT INTO `communitiies_users` (`user_id`, `community_id`, `created_at`, `updated_at`) VALUES (77, 77, '1972-03-18 23:06:50', '1993-04-08 07:16:30');
INSERT INTO `communitiies_users` (`user_id`, `community_id`, `created_at`, `updated_at`) VALUES (78, 78, '2021-12-15 20:42:49', '1996-08-29 20:58:10');
INSERT INTO `communitiies_users` (`user_id`, `community_id`, `created_at`, `updated_at`) VALUES (79, 79, '1981-01-29 18:30:52', '1984-07-14 12:43:57');
INSERT INTO `communitiies_users` (`user_id`, `community_id`, `created_at`, `updated_at`) VALUES (80, 80, '1988-06-04 09:56:43', '2008-08-29 11:09:57');
INSERT INTO `communitiies_users` (`user_id`, `community_id`, `created_at`, `updated_at`) VALUES (81, 81, '1997-11-10 10:31:32', '1972-01-05 05:31:22');
INSERT INTO `communitiies_users` (`user_id`, `community_id`, `created_at`, `updated_at`) VALUES (82, 82, '1976-01-29 17:19:18', '1981-07-04 14:08:33');
INSERT INTO `communitiies_users` (`user_id`, `community_id`, `created_at`, `updated_at`) VALUES (83, 83, '1974-09-23 00:18:25', '2005-06-13 15:59:11');
INSERT INTO `communitiies_users` (`user_id`, `community_id`, `created_at`, `updated_at`) VALUES (84, 84, '1987-04-19 15:59:44', '1982-01-14 20:02:44');
INSERT INTO `communitiies_users` (`user_id`, `community_id`, `created_at`, `updated_at`) VALUES (85, 85, '2021-12-27 22:10:35', '1996-12-16 00:31:01');
INSERT INTO `communitiies_users` (`user_id`, `community_id`, `created_at`, `updated_at`) VALUES (86, 86, '2010-04-25 06:26:47', '2016-02-08 05:45:28');
INSERT INTO `communitiies_users` (`user_id`, `community_id`, `created_at`, `updated_at`) VALUES (87, 87, '2002-07-31 19:51:03', '2005-05-29 13:42:50');
INSERT INTO `communitiies_users` (`user_id`, `community_id`, `created_at`, `updated_at`) VALUES (88, 88, '1989-03-10 05:02:18', '1986-05-24 01:53:16');
INSERT INTO `communitiies_users` (`user_id`, `community_id`, `created_at`, `updated_at`) VALUES (89, 89, '1973-08-10 06:55:01', '2005-12-23 13:54:33');
INSERT INTO `communitiies_users` (`user_id`, `community_id`, `created_at`, `updated_at`) VALUES (90, 90, '1992-07-20 06:10:50', '1987-03-19 16:27:23');
INSERT INTO `communitiies_users` (`user_id`, `community_id`, `created_at`, `updated_at`) VALUES (91, 91, '1993-05-23 18:52:26', '1994-09-10 13:50:30');
INSERT INTO `communitiies_users` (`user_id`, `community_id`, `created_at`, `updated_at`) VALUES (92, 92, '1977-12-02 09:07:37', '1971-04-12 12:56:25');
INSERT INTO `communitiies_users` (`user_id`, `community_id`, `created_at`, `updated_at`) VALUES (93, 93, '1987-11-15 20:57:39', '2016-08-29 15:03:16');
INSERT INTO `communitiies_users` (`user_id`, `community_id`, `created_at`, `updated_at`) VALUES (94, 94, '2013-06-29 04:46:04', '1977-07-19 00:22:24');
INSERT INTO `communitiies_users` (`user_id`, `community_id`, `created_at`, `updated_at`) VALUES (95, 95, '2005-11-05 10:29:21', '1995-03-09 15:00:15');
INSERT INTO `communitiies_users` (`user_id`, `community_id`, `created_at`, `updated_at`) VALUES (96, 96, '1995-01-24 16:37:23', '2010-10-27 10:25:59');
INSERT INTO `communitiies_users` (`user_id`, `community_id`, `created_at`, `updated_at`) VALUES (97, 97, '1996-10-04 00:22:29', '2001-01-12 08:20:11');
INSERT INTO `communitiies_users` (`user_id`, `community_id`, `created_at`, `updated_at`) VALUES (98, 98, '1993-10-08 04:14:13', '1990-11-17 22:38:17');
INSERT INTO `communitiies_users` (`user_id`, `community_id`, `created_at`, `updated_at`) VALUES (99, 99, '1996-12-22 02:06:34', '2017-06-02 02:11:04');
INSERT INTO `communitiies_users` (`user_id`, `community_id`, `created_at`, `updated_at`) VALUES (100, 100, '2016-06-11 04:40:30', '1975-03-28 12:54:36');

INSERT INTO `messages` (`id`, `from_user_id`, `to_user_id`, `body`, `is_important`, `is_delivered`, `created_at`, `updated_at`) VALUES (1, 1, 1, 'Vel provident veritatis odit repudiandae earum. Nisi voluptatem ut est. Impedit aut sequi blanditiis voluptatibus in. Ipsam aut accusantium et nostrum dolorum culpa facilis. Dolorum deleniti aliquam voluptatem beatae earum quos aut optio.', 0, 0, '2014-05-21 16:55:29', '1984-10-04 05:21:49');
INSERT INTO `messages` (`id`, `from_user_id`, `to_user_id`, `body`, `is_important`, `is_delivered`, `created_at`, `updated_at`) VALUES (2, 2, 2, 'Qui voluptatum sit molestiae nulla accusantium. Doloribus aut voluptatum ipsam consequuntur. Iusto illum exercitationem quisquam tempore quos eius.', 1, 1, '2006-02-11 06:33:34', '1982-06-08 05:26:42');
INSERT INTO `messages` (`id`, `from_user_id`, `to_user_id`, `body`, `is_important`, `is_delivered`, `created_at`, `updated_at`) VALUES (3, 3, 3, 'Natus unde sed aut et. Repellat ipsa nostrum facere aut ut sit nisi ut. Quibusdam dolor qui est aut.', 0, 1, '1997-04-26 20:30:58', '1995-10-30 11:39:32');
INSERT INTO `messages` (`id`, `from_user_id`, `to_user_id`, `body`, `is_important`, `is_delivered`, `created_at`, `updated_at`) VALUES (4, 4, 4, 'Consequatur rem qui et similique. Consequatur voluptates ut ut suscipit at illum reprehenderit. Aut omnis aut cum.', 1, 0, '2021-04-16 17:46:50', '1977-10-28 07:26:40');
INSERT INTO `messages` (`id`, `from_user_id`, `to_user_id`, `body`, `is_important`, `is_delivered`, `created_at`, `updated_at`) VALUES (5, 5, 5, 'Recusandae et quod fugiat et rerum ex ipsum. Dolorem pariatur aliquid blanditiis eos. Dolores nesciunt cum hic officiis tenetur cum.', 0, 0, '2001-01-11 09:59:51', '1979-08-20 19:30:42');
INSERT INTO `messages` (`id`, `from_user_id`, `to_user_id`, `body`, `is_important`, `is_delivered`, `created_at`, `updated_at`) VALUES (6, 6, 6, 'Eos corporis expedita qui quasi. Enim debitis et magnam unde error. Fugiat totam animi amet suscipit molestiae necessitatibus et.', 0, 1, '2021-08-27 00:27:13', '2001-04-02 20:57:03');
INSERT INTO `messages` (`id`, `from_user_id`, `to_user_id`, `body`, `is_important`, `is_delivered`, `created_at`, `updated_at`) VALUES (7, 7, 7, 'Aliquam iste voluptates consequatur quisquam facere ut. Sit ipsa quis nihil quae. Dolorem neque cupiditate quo quia ut placeat. Eum aut quia quas.', 0, 0, '2003-01-21 01:46:43', '1994-07-17 21:26:05');
INSERT INTO `messages` (`id`, `from_user_id`, `to_user_id`, `body`, `is_important`, `is_delivered`, `created_at`, `updated_at`) VALUES (8, 8, 8, 'Tempora sunt qui nobis sit iusto porro et. Ex consequatur occaecati itaque laboriosam et. Aut omnis et quis esse velit ex omnis. Velit amet ducimus quia sint dolor cupiditate.', 1, 1, '2006-06-20 20:46:41', '1983-07-10 10:30:19');
INSERT INTO `messages` (`id`, `from_user_id`, `to_user_id`, `body`, `is_important`, `is_delivered`, `created_at`, `updated_at`) VALUES (9, 9, 9, 'Est non laborum odio neque ut exercitationem et. Et sit architecto minus repellat. Excepturi ut omnis vitae natus illum. Omnis cum sint quia animi.', 0, 1, '2019-05-28 10:54:00', '1993-05-30 04:09:48');
INSERT INTO `messages` (`id`, `from_user_id`, `to_user_id`, `body`, `is_important`, `is_delivered`, `created_at`, `updated_at`) VALUES (10, 10, 10, 'Aut debitis natus ut qui aut culpa exercitationem. Illum inventore aut corrupti nihil temporibus consequatur sequi.', 1, 1, '2014-04-20 11:44:10', '2014-11-14 08:45:49');
INSERT INTO `messages` (`id`, `from_user_id`, `to_user_id`, `body`, `is_important`, `is_delivered`, `created_at`, `updated_at`) VALUES (11, 11, 11, 'Enim eveniet eaque est aliquam in. Molestiae quia cupiditate quia rerum iste officia. Pariatur repudiandae ipsum minima laudantium. Sed nihil facilis illo minus aut pariatur.', 0, 0, '2012-11-01 21:28:33', '2002-06-07 08:17:12');
INSERT INTO `messages` (`id`, `from_user_id`, `to_user_id`, `body`, `is_important`, `is_delivered`, `created_at`, `updated_at`) VALUES (12, 12, 12, 'Esse aliquam non quaerat eos atque aperiam. Dolores cupiditate doloremque molestiae sapiente consequatur adipisci perspiciatis quibusdam.', 0, 0, '1980-09-21 07:14:00', '2011-07-12 19:09:25');
INSERT INTO `messages` (`id`, `from_user_id`, `to_user_id`, `body`, `is_important`, `is_delivered`, `created_at`, `updated_at`) VALUES (13, 13, 13, 'Adipisci eaque ex harum distinctio et. Omnis recusandae dolor labore sunt. Et officia sunt rerum iure quae commodi et.', 0, 0, '1972-11-26 08:45:15', '1998-07-21 17:58:21');
INSERT INTO `messages` (`id`, `from_user_id`, `to_user_id`, `body`, `is_important`, `is_delivered`, `created_at`, `updated_at`) VALUES (14, 14, 14, 'Veritatis aperiam quisquam ea dicta ut similique unde tempora. Earum rerum excepturi quam. Et incidunt mollitia consequatur. Molestiae eius ad odit minima.', 0, 1, '1974-12-05 21:29:38', '2020-10-23 16:21:54');
INSERT INTO `messages` (`id`, `from_user_id`, `to_user_id`, `body`, `is_important`, `is_delivered`, `created_at`, `updated_at`) VALUES (15, 15, 15, 'Ipsam sint voluptas error amet. Cupiditate cum aut numquam cum. Consectetur reprehenderit facere iure officiis molestias repellendus.', 1, 0, '1992-03-27 15:03:10', '2005-08-10 06:43:01');
INSERT INTO `messages` (`id`, `from_user_id`, `to_user_id`, `body`, `is_important`, `is_delivered`, `created_at`, `updated_at`) VALUES (16, 16, 16, 'Sed illo modi possimus sed optio. Quia aperiam sint laborum odio iusto est esse dolores. Nulla non a et facere. Rerum earum totam distinctio.', 0, 0, '1999-04-05 03:16:35', '1979-01-23 14:55:36');
INSERT INTO `messages` (`id`, `from_user_id`, `to_user_id`, `body`, `is_important`, `is_delivered`, `created_at`, `updated_at`) VALUES (17, 17, 17, 'Tempore sed necessitatibus ducimus sed veritatis quas voluptatum. Omnis libero corrupti sequi magni nihil. Inventore et molestias quos odit.', 1, 0, '2013-10-02 22:17:08', '1979-01-09 09:59:28');
INSERT INTO `messages` (`id`, `from_user_id`, `to_user_id`, `body`, `is_important`, `is_delivered`, `created_at`, `updated_at`) VALUES (18, 18, 18, 'Voluptas ipsa et sit culpa aut pariatur ea. Qui expedita beatae accusamus molestiae maiores. Sequi autem aut qui quo.', 0, 0, '1987-06-29 12:17:36', '1988-12-11 00:58:32');
INSERT INTO `messages` (`id`, `from_user_id`, `to_user_id`, `body`, `is_important`, `is_delivered`, `created_at`, `updated_at`) VALUES (19, 19, 19, 'Id reiciendis quisquam excepturi blanditiis et impedit. Explicabo quaerat expedita debitis saepe et repellat assumenda. Maxime reprehenderit omnis eligendi et quo sit molestias. Maiores pariatur error et dolore. Numquam laudantium rerum perspiciatis voluptas nulla accusamus nihil quia.', 1, 0, '2011-03-07 03:33:21', '2003-09-30 14:19:07');
INSERT INTO `messages` (`id`, `from_user_id`, `to_user_id`, `body`, `is_important`, `is_delivered`, `created_at`, `updated_at`) VALUES (20, 20, 20, 'Assumenda voluptatem dolorem nesciunt rem dignissimos. Velit et placeat et rerum voluptas. Ad alias nemo sed sint ipsum quas et. Architecto quaerat in et provident explicabo accusamus vitae sunt.', 0, 1, '1991-07-29 10:38:55', '1991-06-27 17:50:51');
INSERT INTO `messages` (`id`, `from_user_id`, `to_user_id`, `body`, `is_important`, `is_delivered`, `created_at`, `updated_at`) VALUES (21, 21, 21, 'Consectetur amet aut quia quam et accusamus qui. Provident architecto doloribus aliquam aut. Vel reprehenderit nulla temporibus dolor porro eius reprehenderit. Vero sint voluptatem alias aperiam.', 0, 0, '1975-08-07 16:27:35', '1996-03-25 22:12:43');
INSERT INTO `messages` (`id`, `from_user_id`, `to_user_id`, `body`, `is_important`, `is_delivered`, `created_at`, `updated_at`) VALUES (22, 22, 22, 'Praesentium qui neque magni odio. Et sit dignissimos ea hic et. Consequatur laudantium exercitationem corporis officiis odio eos. Maiores aliquid aspernatur doloribus quas laboriosam.', 1, 1, '1970-11-13 05:27:52', '2017-01-25 02:33:06');
INSERT INTO `messages` (`id`, `from_user_id`, `to_user_id`, `body`, `is_important`, `is_delivered`, `created_at`, `updated_at`) VALUES (23, 23, 23, 'A ut officia eligendi et. Cumque aut reprehenderit voluptatibus iusto in at molestiae. Et excepturi et voluptatibus earum.', 1, 0, '2011-08-04 12:27:02', '1972-02-22 23:59:20');
INSERT INTO `messages` (`id`, `from_user_id`, `to_user_id`, `body`, `is_important`, `is_delivered`, `created_at`, `updated_at`) VALUES (24, 24, 24, 'Vel asperiores consequatur eum laudantium voluptate. Et aliquam maxime quae quaerat totam. Tempora aut sed sit cum commodi.', 1, 0, '2002-03-17 06:14:16', '2010-08-01 01:13:36');
INSERT INTO `messages` (`id`, `from_user_id`, `to_user_id`, `body`, `is_important`, `is_delivered`, `created_at`, `updated_at`) VALUES (25, 25, 25, 'Ut labore est nemo consequuntur facere qui voluptates. Accusamus dignissimos sit possimus ipsum voluptas sit. Sit est deleniti nam voluptas.', 1, 1, '1978-09-04 05:59:22', '2014-03-19 20:45:38');
INSERT INTO `messages` (`id`, `from_user_id`, `to_user_id`, `body`, `is_important`, `is_delivered`, `created_at`, `updated_at`) VALUES (26, 26, 26, 'Velit quo minima quia. Et fuga vel libero consequuntur. Repellat delectus rerum aliquid.', 1, 0, '2002-04-13 13:29:47', '2008-10-18 14:31:12');
INSERT INTO `messages` (`id`, `from_user_id`, `to_user_id`, `body`, `is_important`, `is_delivered`, `created_at`, `updated_at`) VALUES (27, 27, 27, 'Distinctio mollitia porro tempore impedit fugit. Error debitis consequuntur at amet est modi. Quisquam perferendis dolorem molestias voluptatem iusto et.', 1, 0, '1989-08-14 12:27:53', '2007-07-11 18:22:15');
INSERT INTO `messages` (`id`, `from_user_id`, `to_user_id`, `body`, `is_important`, `is_delivered`, `created_at`, `updated_at`) VALUES (28, 28, 28, 'Possimus sit at veritatis tempora enim iste. Ut sit rerum sit optio.', 0, 1, '1997-08-06 16:00:31', '1974-04-21 10:05:17');
INSERT INTO `messages` (`id`, `from_user_id`, `to_user_id`, `body`, `is_important`, `is_delivered`, `created_at`, `updated_at`) VALUES (29, 29, 29, 'Delectus est placeat excepturi. Et repudiandae est voluptate ullam eum. Qui minima vel velit et autem ipsam.', 0, 1, '2018-11-27 03:15:15', '2016-12-27 14:15:38');
INSERT INTO `messages` (`id`, `from_user_id`, `to_user_id`, `body`, `is_important`, `is_delivered`, `created_at`, `updated_at`) VALUES (30, 30, 30, 'Eveniet illo et labore officiis ut at ut. Magnam omnis magnam facilis sed. Quia non saepe non omnis dolorem.', 1, 0, '1977-07-29 09:36:12', '1985-11-21 13:12:09');
INSERT INTO `messages` (`id`, `from_user_id`, `to_user_id`, `body`, `is_important`, `is_delivered`, `created_at`, `updated_at`) VALUES (31, 31, 31, 'Explicabo optio asperiores pariatur facere officiis iusto eveniet perferendis. Voluptas optio enim impedit numquam qui temporibus ex. Nobis modi cumque est doloremque. Omnis laborum quasi suscipit eum.', 0, 1, '1984-05-05 00:29:31', '1990-12-23 02:49:05');
INSERT INTO `messages` (`id`, `from_user_id`, `to_user_id`, `body`, `is_important`, `is_delivered`, `created_at`, `updated_at`) VALUES (32, 32, 32, 'Vel saepe porro ipsa qui eos exercitationem non. Eum deserunt ratione veritatis ad et consectetur accusamus.', 0, 0, '1978-02-26 03:22:33', '2020-05-27 16:21:31');
INSERT INTO `messages` (`id`, `from_user_id`, `to_user_id`, `body`, `is_important`, `is_delivered`, `created_at`, `updated_at`) VALUES (33, 33, 33, 'Commodi rerum eius ipsa rem. Aut molestiae aspernatur culpa. Reprehenderit repellat numquam et deserunt nostrum odit. Dolorum id non ut nobis quidem blanditiis. Quibusdam ut aut quidem reiciendis voluptas maiores non.', 1, 0, '1983-12-08 04:32:41', '2019-09-14 13:49:12');
INSERT INTO `messages` (`id`, `from_user_id`, `to_user_id`, `body`, `is_important`, `is_delivered`, `created_at`, `updated_at`) VALUES (34, 34, 34, 'Sequi quia unde quis. Est omnis accusamus sint vero qui et consequatur.', 1, 0, '2003-08-24 15:25:19', '1978-04-27 16:50:52');
INSERT INTO `messages` (`id`, `from_user_id`, `to_user_id`, `body`, `is_important`, `is_delivered`, `created_at`, `updated_at`) VALUES (35, 35, 35, 'Architecto vitae est itaque commodi beatae nisi quidem. Magni quasi quae ea expedita voluptas ut blanditiis maiores. A consequatur molestiae quam ea.', 1, 0, '1979-08-11 21:02:52', '2016-04-20 18:22:42');
INSERT INTO `messages` (`id`, `from_user_id`, `to_user_id`, `body`, `is_important`, `is_delivered`, `created_at`, `updated_at`) VALUES (36, 36, 36, 'Occaecati placeat et eos magni nulla amet. Repellat rerum dolor aliquam exercitationem sequi numquam. Expedita tempore aliquam nisi dolores.', 1, 1, '1971-06-01 07:15:29', '1991-12-25 06:45:30');
INSERT INTO `messages` (`id`, `from_user_id`, `to_user_id`, `body`, `is_important`, `is_delivered`, `created_at`, `updated_at`) VALUES (37, 37, 37, 'Dolorum vel aut autem ut quia expedita. Sapiente iure voluptatem praesentium molestias et expedita quaerat. Impedit cupiditate excepturi ea facilis omnis necessitatibus rerum. Voluptas consequuntur dignissimos voluptatem necessitatibus quia commodi est accusamus.', 1, 1, '2019-12-27 23:35:08', '2009-09-20 18:18:19');
INSERT INTO `messages` (`id`, `from_user_id`, `to_user_id`, `body`, `is_important`, `is_delivered`, `created_at`, `updated_at`) VALUES (38, 38, 38, 'Voluptates et tenetur cum enim. Dignissimos provident quo aut repellat esse sint perferendis debitis. Harum sapiente cupiditate a blanditiis est eum unde qui. Eum ut sed recusandae commodi.', 0, 1, '1975-10-11 15:22:54', '2011-11-20 00:17:04');
INSERT INTO `messages` (`id`, `from_user_id`, `to_user_id`, `body`, `is_important`, `is_delivered`, `created_at`, `updated_at`) VALUES (39, 39, 39, 'Tenetur possimus incidunt necessitatibus sint nostrum repellendus. Optio aut deleniti ea. Nulla aliquid nihil molestiae et nisi quaerat.', 0, 0, '2004-10-13 08:09:08', '1981-01-17 02:57:11');
INSERT INTO `messages` (`id`, `from_user_id`, `to_user_id`, `body`, `is_important`, `is_delivered`, `created_at`, `updated_at`) VALUES (40, 40, 40, 'Vel sed porro dolorum sint nihil. Quia est quidem consequatur qui magnam optio. Fuga delectus consequatur quod sint eius ullam. Quibusdam exercitationem ut sequi inventore atque ab facere qui.', 1, 1, '1978-03-20 01:37:40', '2019-04-11 21:03:45');
INSERT INTO `messages` (`id`, `from_user_id`, `to_user_id`, `body`, `is_important`, `is_delivered`, `created_at`, `updated_at`) VALUES (41, 41, 41, 'Sit quod mollitia iusto cumque ut. Explicabo maxime fugit et in hic est vitae aut. Perspiciatis doloribus nisi occaecati ad nulla.', 1, 1, '1995-07-21 02:55:20', '1982-10-21 13:54:48');
INSERT INTO `messages` (`id`, `from_user_id`, `to_user_id`, `body`, `is_important`, `is_delivered`, `created_at`, `updated_at`) VALUES (42, 42, 42, 'Dolores placeat optio ut. Dolorem eos ipsum possimus est omnis veniam voluptate. Quidem dolorem est reprehenderit rerum modi.', 1, 1, '2004-07-14 13:45:57', '2006-07-20 15:14:22');
INSERT INTO `messages` (`id`, `from_user_id`, `to_user_id`, `body`, `is_important`, `is_delivered`, `created_at`, `updated_at`) VALUES (43, 43, 43, 'Qui dolore nesciunt numquam enim rerum. Voluptatem qui exercitationem suscipit nihil deserunt et. Distinctio temporibus est qui reprehenderit ad voluptatum tempora.', 0, 1, '1991-01-21 21:39:22', '2001-03-15 14:19:03');
INSERT INTO `messages` (`id`, `from_user_id`, `to_user_id`, `body`, `is_important`, `is_delivered`, `created_at`, `updated_at`) VALUES (44, 44, 44, 'Dolores accusantium quo quis eaque sapiente ut eaque. Fugiat non autem neque est nulla. Quaerat enim nulla quasi nobis occaecati voluptas aperiam. Quo voluptas aut voluptates non voluptatibus quae vitae.', 1, 0, '1981-04-12 20:55:13', '1978-06-29 02:45:59');
INSERT INTO `messages` (`id`, `from_user_id`, `to_user_id`, `body`, `is_important`, `is_delivered`, `created_at`, `updated_at`) VALUES (45, 45, 45, 'Nobis excepturi sapiente animi nobis fugit ab ab. Corrupti error doloremque veniam sapiente fugit corporis aspernatur.', 1, 0, '1979-06-06 23:25:28', '1989-12-17 15:02:58');
INSERT INTO `messages` (`id`, `from_user_id`, `to_user_id`, `body`, `is_important`, `is_delivered`, `created_at`, `updated_at`) VALUES (46, 46, 46, 'Aut eius inventore omnis sunt eligendi. Debitis enim quidem atque iste recusandae architecto.', 0, 1, '1978-11-30 04:01:28', '2015-06-09 23:13:12');
INSERT INTO `messages` (`id`, `from_user_id`, `to_user_id`, `body`, `is_important`, `is_delivered`, `created_at`, `updated_at`) VALUES (47, 47, 47, 'Et praesentium iste exercitationem omnis ut distinctio. Ea quia in aut. In labore architecto et et velit. Repellendus sed voluptatem nam quasi.', 1, 0, '2015-08-24 16:34:48', '1995-07-30 07:08:41');
INSERT INTO `messages` (`id`, `from_user_id`, `to_user_id`, `body`, `is_important`, `is_delivered`, `created_at`, `updated_at`) VALUES (48, 48, 48, 'Eum corporis amet earum quis doloribus qui in. Unde repellat tempore sunt nemo possimus ipsum tempore. Vel inventore omnis amet id sunt inventore.', 0, 0, '1984-03-18 12:56:31', '1978-02-16 06:39:53');
INSERT INTO `messages` (`id`, `from_user_id`, `to_user_id`, `body`, `is_important`, `is_delivered`, `created_at`, `updated_at`) VALUES (49, 49, 49, 'Dignissimos itaque aspernatur quia. Totam et aliquid harum.', 0, 0, '1984-12-18 07:39:02', '2006-08-13 08:27:28');
INSERT INTO `messages` (`id`, `from_user_id`, `to_user_id`, `body`, `is_important`, `is_delivered`, `created_at`, `updated_at`) VALUES (50, 50, 50, 'Saepe dolore et magni at qui. Eum est molestiae voluptates fugit cumque sit asperiores. Quo in sed optio. Eveniet est eos consequatur occaecati consequatur ex.', 0, 1, '1998-02-16 14:44:22', '2006-12-31 20:23:19');
INSERT INTO `messages` (`id`, `from_user_id`, `to_user_id`, `body`, `is_important`, `is_delivered`, `created_at`, `updated_at`) VALUES (51, 51, 51, 'Fugit ex aliquid cupiditate inventore blanditiis quas. Fugiat quas aliquid asperiores aliquam voluptates a eos. Sit ipsa alias atque doloribus vitae.', 1, 1, '2021-05-28 19:21:54', '1982-12-07 09:44:11');
INSERT INTO `messages` (`id`, `from_user_id`, `to_user_id`, `body`, `is_important`, `is_delivered`, `created_at`, `updated_at`) VALUES (52, 52, 52, 'Ut consequuntur est voluptatem quod unde. Perferendis doloribus soluta odio dolorum dolor eum pariatur. Aut et sapiente cum rerum expedita. Sed laudantium magni molestiae repudiandae non molestiae.', 1, 0, '2018-08-20 03:28:04', '2008-10-31 15:10:42');
INSERT INTO `messages` (`id`, `from_user_id`, `to_user_id`, `body`, `is_important`, `is_delivered`, `created_at`, `updated_at`) VALUES (53, 53, 53, 'Vel labore qui corporis ea minima vitae. Aut praesentium recusandae quo porro dolores totam.', 0, 1, '2008-10-10 07:03:06', '1998-05-26 12:03:21');
INSERT INTO `messages` (`id`, `from_user_id`, `to_user_id`, `body`, `is_important`, `is_delivered`, `created_at`, `updated_at`) VALUES (54, 54, 54, 'Provident delectus non perspiciatis enim atque libero. Quia in aperiam et libero a illum. Blanditiis non culpa impedit cum. Vel molestias consequatur consequatur.', 1, 0, '1975-03-08 19:50:05', '2016-09-01 20:43:43');
INSERT INTO `messages` (`id`, `from_user_id`, `to_user_id`, `body`, `is_important`, `is_delivered`, `created_at`, `updated_at`) VALUES (55, 55, 55, 'Dignissimos quas officia est atque. Ratione vel ducimus quae voluptatem. Vel ex enim ipsum et sed sed.', 1, 1, '2008-01-16 15:35:58', '1997-03-20 13:17:55');
INSERT INTO `messages` (`id`, `from_user_id`, `to_user_id`, `body`, `is_important`, `is_delivered`, `created_at`, `updated_at`) VALUES (56, 56, 56, 'Et culpa dicta in et exercitationem rerum laudantium. Qui voluptatum vitae nobis nostrum porro illo accusantium aut.', 1, 0, '2004-06-17 21:20:19', '1996-12-18 06:34:28');
INSERT INTO `messages` (`id`, `from_user_id`, `to_user_id`, `body`, `is_important`, `is_delivered`, `created_at`, `updated_at`) VALUES (57, 57, 57, 'Cupiditate tempora mollitia vero officia eum nisi. Reiciendis ea voluptas excepturi. Dolore sit in non et quia sint. Sit modi beatae fugiat earum adipisci modi et.', 0, 1, '1999-11-26 06:02:42', '1976-10-04 05:25:04');
INSERT INTO `messages` (`id`, `from_user_id`, `to_user_id`, `body`, `is_important`, `is_delivered`, `created_at`, `updated_at`) VALUES (58, 58, 58, 'Ea cum facilis veniam tempora consequatur ut. Doloribus ratione aut id ullam fugit voluptatum. Error eum eos delectus qui non quam.', 1, 0, '1974-04-26 19:11:59', '2021-04-02 15:36:32');
INSERT INTO `messages` (`id`, `from_user_id`, `to_user_id`, `body`, `is_important`, `is_delivered`, `created_at`, `updated_at`) VALUES (59, 59, 59, 'Debitis aut impedit dolorem sit dolores eum omnis. Sit distinctio dignissimos ipsam nesciunt libero aliquid amet. Quam neque quisquam in eligendi. Impedit minus odit harum error quibusdam quia illum.', 0, 1, '2009-09-08 20:45:39', '1992-03-11 13:09:29');
INSERT INTO `messages` (`id`, `from_user_id`, `to_user_id`, `body`, `is_important`, `is_delivered`, `created_at`, `updated_at`) VALUES (60, 60, 60, 'Hic sequi non ut non omnis. Nisi praesentium doloremque deleniti maiores aperiam. Et qui quos nemo laboriosam. Voluptatum ut doloremque dolore ut repellendus rerum cum.', 0, 1, '2018-08-15 07:57:26', '2013-05-07 18:41:12');
INSERT INTO `messages` (`id`, `from_user_id`, `to_user_id`, `body`, `is_important`, `is_delivered`, `created_at`, `updated_at`) VALUES (61, 61, 61, 'Ut nihil esse qui atque odit ut. Incidunt est possimus sequi ut vero omnis repellendus. Qui corrupti explicabo fuga porro voluptatem unde. Quo occaecati molestiae architecto consequatur aut.', 1, 0, '1977-02-17 12:33:37', '1993-02-27 19:20:43');
INSERT INTO `messages` (`id`, `from_user_id`, `to_user_id`, `body`, `is_important`, `is_delivered`, `created_at`, `updated_at`) VALUES (62, 62, 62, 'Sint rerum qui fugiat maxime. Qui illum sunt architecto quaerat animi.', 0, 0, '2022-03-11 07:07:52', '1988-11-26 15:08:28');
INSERT INTO `messages` (`id`, `from_user_id`, `to_user_id`, `body`, `is_important`, `is_delivered`, `created_at`, `updated_at`) VALUES (63, 63, 63, 'Quo perspiciatis similique nam consectetur nulla. Modi corrupti fugiat modi atque tempore unde. Tenetur earum beatae blanditiis doloremque molestiae quasi delectus.', 1, 0, '2017-03-20 10:43:59', '1992-12-24 08:06:51');
INSERT INTO `messages` (`id`, `from_user_id`, `to_user_id`, `body`, `is_important`, `is_delivered`, `created_at`, `updated_at`) VALUES (64, 64, 64, 'Ipsa debitis unde quae et. Iste omnis aspernatur animi et perferendis totam minus. Est aut iste ut nam qui.', 0, 0, '2004-06-30 22:59:32', '1990-05-06 15:35:13');
INSERT INTO `messages` (`id`, `from_user_id`, `to_user_id`, `body`, `is_important`, `is_delivered`, `created_at`, `updated_at`) VALUES (65, 65, 65, 'Labore quibusdam ut vel sed adipisci. Adipisci impedit illo facilis magnam sed molestias.', 0, 1, '2006-03-05 14:09:08', '2015-06-18 01:59:13');
INSERT INTO `messages` (`id`, `from_user_id`, `to_user_id`, `body`, `is_important`, `is_delivered`, `created_at`, `updated_at`) VALUES (66, 66, 66, 'Tenetur fuga ipsam consequatur dolor dignissimos voluptatibus ea. Assumenda facilis temporibus recusandae ut. Aut est atque ut ad.', 0, 0, '2000-06-23 03:51:27', '1984-11-12 06:08:27');
INSERT INTO `messages` (`id`, `from_user_id`, `to_user_id`, `body`, `is_important`, `is_delivered`, `created_at`, `updated_at`) VALUES (67, 67, 67, 'Consectetur neque distinctio ad omnis molestiae. Et vitae nemo eligendi sunt. Qui alias quia tempora commodi deleniti corporis quia.', 0, 0, '1982-04-25 02:16:44', '1975-08-07 16:33:28');
INSERT INTO `messages` (`id`, `from_user_id`, `to_user_id`, `body`, `is_important`, `is_delivered`, `created_at`, `updated_at`) VALUES (68, 68, 68, 'Praesentium tempore voluptatem ullam explicabo quam nulla sed. Nihil nesciunt blanditiis nihil reiciendis.', 1, 0, '2011-05-17 23:33:35', '2011-07-08 05:48:14');
INSERT INTO `messages` (`id`, `from_user_id`, `to_user_id`, `body`, `is_important`, `is_delivered`, `created_at`, `updated_at`) VALUES (69, 69, 69, 'Nesciunt optio iusto ut dolores quis distinctio. Ipsa iusto et hic consequatur molestias aut vel. Dolorem aut ducimus qui sapiente dolor.', 0, 1, '2008-05-10 12:59:49', '1984-02-27 17:31:28');
INSERT INTO `messages` (`id`, `from_user_id`, `to_user_id`, `body`, `is_important`, `is_delivered`, `created_at`, `updated_at`) VALUES (70, 70, 70, 'Ut dolor iste et quaerat consequatur libero esse sint. Et magnam architecto dolores unde nesciunt. Cupiditate et eius incidunt molestias esse. Veniam laboriosam in molestias. Perspiciatis corporis magni ratione repellendus.', 0, 0, '2006-05-22 17:13:10', '1992-01-17 19:33:43');
INSERT INTO `messages` (`id`, `from_user_id`, `to_user_id`, `body`, `is_important`, `is_delivered`, `created_at`, `updated_at`) VALUES (71, 71, 71, 'Repellat nisi architecto commodi magnam iusto vel maxime. Sed porro accusantium earum nostrum molestias similique dicta. Culpa reprehenderit culpa dolor quisquam recusandae est qui.', 1, 1, '2017-07-19 19:30:46', '1985-11-21 06:14:46');
INSERT INTO `messages` (`id`, `from_user_id`, `to_user_id`, `body`, `is_important`, `is_delivered`, `created_at`, `updated_at`) VALUES (72, 72, 72, 'Vel aut sit vero. Ut autem magni aut in. Qui maxime et non delectus voluptate quia.', 1, 1, '1972-12-29 23:37:12', '1984-03-30 08:28:53');
INSERT INTO `messages` (`id`, `from_user_id`, `to_user_id`, `body`, `is_important`, `is_delivered`, `created_at`, `updated_at`) VALUES (73, 73, 73, 'Nobis fuga voluptatem quam quos. Rem et occaecati nulla quibusdam minima qui repellendus. Officia aperiam sunt totam velit id ipsum vitae.', 1, 0, '2021-06-10 10:14:13', '1986-04-11 20:43:41');
INSERT INTO `messages` (`id`, `from_user_id`, `to_user_id`, `body`, `is_important`, `is_delivered`, `created_at`, `updated_at`) VALUES (74, 74, 74, 'Ipsam et dolore eos voluptates recusandae inventore nesciunt. Neque voluptatem consequatur inventore ut ad quo et. Minus animi quae aut ad mollitia maxime ipsam. Et veniam deserunt perferendis aut id.', 1, 1, '1971-04-21 18:46:39', '2018-10-10 02:55:39');
INSERT INTO `messages` (`id`, `from_user_id`, `to_user_id`, `body`, `is_important`, `is_delivered`, `created_at`, `updated_at`) VALUES (75, 75, 75, 'Dolorem id a rerum harum. Eligendi esse et esse minus.', 1, 1, '1994-07-12 18:18:31', '2011-03-05 20:57:53');
INSERT INTO `messages` (`id`, `from_user_id`, `to_user_id`, `body`, `is_important`, `is_delivered`, `created_at`, `updated_at`) VALUES (76, 76, 76, 'Cumque distinctio omnis est nam quibusdam dignissimos. Repellat qui quos omnis.', 0, 0, '2003-08-15 13:17:16', '1978-10-27 12:36:38');
INSERT INTO `messages` (`id`, `from_user_id`, `to_user_id`, `body`, `is_important`, `is_delivered`, `created_at`, `updated_at`) VALUES (77, 77, 77, 'Quia debitis consequatur culpa consequatur sunt voluptates. Saepe quas soluta facilis ut.', 0, 1, '1986-08-28 22:23:40', '1981-11-15 19:27:03');
INSERT INTO `messages` (`id`, `from_user_id`, `to_user_id`, `body`, `is_important`, `is_delivered`, `created_at`, `updated_at`) VALUES (78, 78, 78, 'Corporis dolores eos reprehenderit est. Mollitia eveniet consequatur et consequatur saepe. Libero ut dolore totam voluptas ratione cum.', 0, 0, '2003-12-15 12:52:43', '2004-08-20 12:44:55');
INSERT INTO `messages` (`id`, `from_user_id`, `to_user_id`, `body`, `is_important`, `is_delivered`, `created_at`, `updated_at`) VALUES (79, 79, 79, 'Quo ea quia explicabo fuga quos voluptatem sunt in. Praesentium beatae magni fugit tenetur a. Eos velit sapiente aut. Non labore placeat molestias ipsam itaque.', 0, 0, '2009-11-13 20:07:29', '2004-08-07 05:39:24');
INSERT INTO `messages` (`id`, `from_user_id`, `to_user_id`, `body`, `is_important`, `is_delivered`, `created_at`, `updated_at`) VALUES (80, 80, 80, 'Aliquid consequuntur sint quam qui blanditiis. Minima fugiat quas illum mollitia. Et accusantium suscipit asperiores tenetur ad.', 0, 1, '1984-01-16 08:48:32', '2007-03-28 17:51:41');
INSERT INTO `messages` (`id`, `from_user_id`, `to_user_id`, `body`, `is_important`, `is_delivered`, `created_at`, `updated_at`) VALUES (81, 81, 81, 'Sed quia repellat voluptate nam quia. Ipsam nobis veritatis ullam eos illum laudantium.', 0, 0, '1975-09-20 03:45:55', '2013-09-15 18:24:46');
INSERT INTO `messages` (`id`, `from_user_id`, `to_user_id`, `body`, `is_important`, `is_delivered`, `created_at`, `updated_at`) VALUES (82, 82, 82, 'Ea sint iusto occaecati molestiae libero. Dignissimos ab voluptatum aspernatur quam minus. Qui molestiae laborum eum nihil nam dolor.', 1, 1, '1974-08-08 00:47:50', '2006-06-03 20:45:41');
INSERT INTO `messages` (`id`, `from_user_id`, `to_user_id`, `body`, `is_important`, `is_delivered`, `created_at`, `updated_at`) VALUES (83, 83, 83, 'Qui totam nihil dolores repudiandae molestiae recusandae. Laudantium qui nobis non veritatis et. Et qui sit ut ea velit facilis ut.', 0, 0, '1977-09-18 16:14:58', '2016-12-26 07:08:54');
INSERT INTO `messages` (`id`, `from_user_id`, `to_user_id`, `body`, `is_important`, `is_delivered`, `created_at`, `updated_at`) VALUES (84, 84, 84, 'Ea quasi quos similique veniam minus sapiente cupiditate. Quia esse officia totam. Ut esse consequatur aut labore reiciendis. Nisi vero fuga exercitationem assumenda culpa.', 0, 1, '1983-08-30 12:17:17', '1981-03-16 03:37:20');
INSERT INTO `messages` (`id`, `from_user_id`, `to_user_id`, `body`, `is_important`, `is_delivered`, `created_at`, `updated_at`) VALUES (85, 85, 85, 'Vel aut commodi et provident cumque magni. Ut voluptas voluptates doloremque laboriosam repellendus natus. Iste nihil et eos placeat et quibusdam. Accusantium occaecati optio a corporis ea odio et voluptates.', 1, 0, '1975-09-07 06:43:19', '1975-01-15 06:37:13');
INSERT INTO `messages` (`id`, `from_user_id`, `to_user_id`, `body`, `is_important`, `is_delivered`, `created_at`, `updated_at`) VALUES (86, 86, 86, 'Rerum est id labore. Quis et cum atque eaque quas ut.', 0, 1, '1988-10-15 05:53:20', '1983-10-13 21:22:24');
INSERT INTO `messages` (`id`, `from_user_id`, `to_user_id`, `body`, `is_important`, `is_delivered`, `created_at`, `updated_at`) VALUES (87, 87, 87, 'Non qui qui soluta qui doloribus voluptate illo. Accusantium id eaque accusantium assumenda.', 1, 0, '1980-03-29 23:18:25', '1987-01-10 01:15:38');
INSERT INTO `messages` (`id`, `from_user_id`, `to_user_id`, `body`, `is_important`, `is_delivered`, `created_at`, `updated_at`) VALUES (88, 88, 88, 'Ut porro eligendi vel porro. Voluptatum velit aut quam commodi doloribus qui recusandae. Voluptas enim blanditiis non et. Id voluptatem et doloribus minus atque.', 1, 1, '2009-05-11 12:50:40', '1995-08-01 12:09:26');
INSERT INTO `messages` (`id`, `from_user_id`, `to_user_id`, `body`, `is_important`, `is_delivered`, `created_at`, `updated_at`) VALUES (89, 89, 89, 'Voluptatem laudantium possimus ex itaque perspiciatis voluptatem labore. Ab omnis asperiores sunt aperiam eum.', 0, 0, '2002-06-19 02:15:30', '1978-07-03 12:54:03');
INSERT INTO `messages` (`id`, `from_user_id`, `to_user_id`, `body`, `is_important`, `is_delivered`, `created_at`, `updated_at`) VALUES (90, 90, 90, 'Eaque fuga adipisci iusto sed. Occaecati eius voluptatum repudiandae eaque et veniam. Voluptatem necessitatibus assumenda qui asperiores vero. Rerum sit laudantium possimus ea temporibus delectus.', 0, 1, '2004-06-08 19:37:37', '2020-03-30 10:50:20');
INSERT INTO `messages` (`id`, `from_user_id`, `to_user_id`, `body`, `is_important`, `is_delivered`, `created_at`, `updated_at`) VALUES (91, 91, 91, 'Ea explicabo consectetur ipsum ipsum. Quos nihil et dolorem quas quia perferendis. Cum ea facere qui voluptas iste debitis libero voluptatibus.', 1, 1, '1982-11-15 00:53:26', '1993-03-14 20:25:07');
INSERT INTO `messages` (`id`, `from_user_id`, `to_user_id`, `body`, `is_important`, `is_delivered`, `created_at`, `updated_at`) VALUES (92, 92, 92, 'Similique nostrum aspernatur eaque ut. Sed rerum non explicabo est id vitae. Eligendi ut temporibus dolorem vitae. Alias quo illum eos rerum occaecati eos.', 0, 0, '1980-11-09 19:42:46', '2005-08-03 20:44:53');
INSERT INTO `messages` (`id`, `from_user_id`, `to_user_id`, `body`, `is_important`, `is_delivered`, `created_at`, `updated_at`) VALUES (93, 93, 93, 'Illum cumque est ipsum illo facilis. Veniam libero sed expedita laboriosam optio dolorem ad. Voluptas esse deleniti quia quisquam maiores nihil aut. Possimus velit voluptatem voluptates deleniti qui et dolores.', 0, 0, '2017-08-06 08:09:14', '1982-08-26 22:47:06');
INSERT INTO `messages` (`id`, `from_user_id`, `to_user_id`, `body`, `is_important`, `is_delivered`, `created_at`, `updated_at`) VALUES (94, 94, 94, 'Sit quas sint sit suscipit. Et nostrum nulla eligendi. Ut magnam ut voluptas rem reiciendis.', 0, 1, '1995-07-08 00:47:15', '2007-10-18 15:06:07');
INSERT INTO `messages` (`id`, `from_user_id`, `to_user_id`, `body`, `is_important`, `is_delivered`, `created_at`, `updated_at`) VALUES (95, 95, 95, 'Quo voluptas molestias ipsam consequatur dicta molestiae vel. Et molestiae eaque quasi. Sapiente culpa libero ducimus et ut qui voluptate.', 0, 0, '1983-12-15 03:27:14', '2003-02-25 13:45:05');
INSERT INTO `messages` (`id`, `from_user_id`, `to_user_id`, `body`, `is_important`, `is_delivered`, `created_at`, `updated_at`) VALUES (96, 96, 96, 'Sit nisi qui at eum. Natus aut in rerum vitae qui.', 0, 0, '1992-06-26 03:22:59', '1985-06-21 16:58:19');
INSERT INTO `messages` (`id`, `from_user_id`, `to_user_id`, `body`, `is_important`, `is_delivered`, `created_at`, `updated_at`) VALUES (97, 97, 97, 'Non quam nobis sapiente velit dolorem accusantium. Enim est excepturi laborum architecto. Harum aut sint ea sed quibusdam praesentium tempore. Provident sapiente quia placeat repudiandae occaecati quia consequatur qui.', 1, 0, '1982-07-05 00:50:09', '1998-04-25 18:42:18');
INSERT INTO `messages` (`id`, `from_user_id`, `to_user_id`, `body`, `is_important`, `is_delivered`, `created_at`, `updated_at`) VALUES (98, 98, 98, 'Est non quis excepturi labore fugiat blanditiis. Rerum optio eos perspiciatis harum non neque aliquam. Veritatis explicabo officiis sunt laudantium. Inventore temporibus sint explicabo velit totam.', 1, 1, '1992-06-12 21:19:02', '1971-08-03 21:23:18');
INSERT INTO `messages` (`id`, `from_user_id`, `to_user_id`, `body`, `is_important`, `is_delivered`, `created_at`, `updated_at`) VALUES (99, 99, 99, 'Vero voluptatem voluptatem officiis natus et in a. Fugit atque sunt quia. Similique voluptas incidunt laudantium sunt.', 0, 1, '1972-05-29 15:34:34', '2001-09-11 00:08:23');
INSERT INTO `messages` (`id`, `from_user_id`, `to_user_id`, `body`, `is_important`, `is_delivered`, `created_at`, `updated_at`) VALUES (100, 100, 100, 'Error deleniti officia ut nesciunt quo. Omnis labore magni ut quas sunt consequatur maiores. Sed est assumenda quia sed rerum eveniet numquam. Ea exercitationem aperiam ut alias sunt.', 1, 1, '2019-12-12 02:30:40', '2011-04-22 22:25:32');

UPDATE messages SET
from_user_id = FLOOR(1 + RAND()*99.99),
to_user_id = FLOOR(1 + RAND()*99.99)
WHERE id > 0;

INSERT INTO `media_types` (`id`, `name`, `created_at`, `updated_at`) VALUES (1, 'audio', '1984-10-25 23:57:05', '2008-08-18 18:18:39');
INSERT INTO `media_types` (`id`, `name`, `created_at`, `updated_at`) VALUES (2, 'image', '1979-08-14 12:10:43', '1997-07-17 18:14:24');
INSERT INTO `media_types` (`id`, `name`, `created_at`, `updated_at`) VALUES (3, 'video', '2018-08-20 05:22:48', '1991-01-05 06:30:14');
INSERT INTO `media_types` (`id`, `name`, `created_at`, `updated_at`) VALUES (4, 'gif', '2011-02-21 17:46:48', '2020-06-14 03:48:57');
INSERT INTO `media_types` (`id`, `name`, `created_at`, `updated_at`) VALUES (5, 'document', '1972-07-06 12:31:00', '1970-09-05 14:12:23');

INSERT INTO `media` (`id`, `filename`, `media_type_id`, `user_id`, `created_at`, `updated_at`) VALUES (1, 'at', 1, 1, '2016-02-25 04:01:02', '1986-07-23 03:02:40');
INSERT INTO `media` (`id`, `filename`, `media_type_id`, `user_id`, `created_at`, `updated_at`) VALUES (2, 'ipsam', 2, 2, '1990-05-03 21:27:10', '2001-01-19 12:44:14');
INSERT INTO `media` (`id`, `filename`, `media_type_id`, `user_id`, `created_at`, `updated_at`) VALUES (3, 'et', 3, 3, '1988-07-02 08:31:27', '1982-07-03 09:29:57');
INSERT INTO `media` (`id`, `filename`, `media_type_id`, `user_id`, `created_at`, `updated_at`) VALUES (4, 'aut', 4, 4, '2003-10-07 10:29:27', '1971-12-24 07:20:02');
INSERT INTO `media` (`id`, `filename`, `media_type_id`, `user_id`, `created_at`, `updated_at`) VALUES (5, 'molestias', 5, 5, '2003-02-28 09:42:38', '1978-09-13 22:37:07');
INSERT INTO `media` (`id`, `filename`, `media_type_id`, `user_id`, `created_at`, `updated_at`) VALUES (6, 'ad', 1, 6, '1973-09-27 16:49:09', '1975-04-26 05:56:45');
INSERT INTO `media` (`id`, `filename`, `media_type_id`, `user_id`, `created_at`, `updated_at`) VALUES (7, 'voluptatum', 2, 7, '1979-04-15 20:32:21', '2000-09-12 08:57:50');
INSERT INTO `media` (`id`, `filename`, `media_type_id`, `user_id`, `created_at`, `updated_at`) VALUES (8, 'quod', 3, 8, '1970-04-15 03:48:33', '2016-11-04 12:24:06');
INSERT INTO `media` (`id`, `filename`, `media_type_id`, `user_id`, `created_at`, `updated_at`) VALUES (9, 'voluptas', 4, 9, '1970-12-18 11:54:09', '1991-04-09 07:15:08');
INSERT INTO `media` (`id`, `filename`, `media_type_id`, `user_id`, `created_at`, `updated_at`) VALUES (10, 'sed', 5, 10, '2001-06-03 17:48:36', '1986-01-16 01:00:06');
INSERT INTO `media` (`id`, `filename`, `media_type_id`, `user_id`, `created_at`, `updated_at`) VALUES (11, 'nulla', 1, 11, '1971-10-07 16:05:19', '2020-12-02 12:11:16');
INSERT INTO `media` (`id`, `filename`, `media_type_id`, `user_id`, `created_at`, `updated_at`) VALUES (12, 'nulla', 2, 12, '2001-10-04 06:05:28', '1981-07-03 15:57:17');
INSERT INTO `media` (`id`, `filename`, `media_type_id`, `user_id`, `created_at`, `updated_at`) VALUES (13, 'accusamus', 3, 13, '1999-09-17 16:40:52', '2019-05-15 06:22:54');
INSERT INTO `media` (`id`, `filename`, `media_type_id`, `user_id`, `created_at`, `updated_at`) VALUES (14, 'error', 4, 14, '1972-06-20 01:25:31', '1984-02-05 03:07:17');
INSERT INTO `media` (`id`, `filename`, `media_type_id`, `user_id`, `created_at`, `updated_at`) VALUES (15, 'natus', 5, 15, '2003-03-05 03:54:29', '1978-10-04 11:36:58');
INSERT INTO `media` (`id`, `filename`, `media_type_id`, `user_id`, `created_at`, `updated_at`) VALUES (16, 'ratione', 1, 16, '2020-04-14 16:43:56', '2019-08-05 03:46:37');
INSERT INTO `media` (`id`, `filename`, `media_type_id`, `user_id`, `created_at`, `updated_at`) VALUES (17, 'quis', 2, 17, '1975-07-11 07:44:04', '1990-07-27 06:17:05');
INSERT INTO `media` (`id`, `filename`, `media_type_id`, `user_id`, `created_at`, `updated_at`) VALUES (18, 'quae', 3, 18, '1998-06-18 13:27:58', '1979-08-13 09:48:34');
INSERT INTO `media` (`id`, `filename`, `media_type_id`, `user_id`, `created_at`, `updated_at`) VALUES (19, 'non', 4, 19, '1979-06-29 17:25:49', '2018-07-28 06:22:37');
INSERT INTO `media` (`id`, `filename`, `media_type_id`, `user_id`, `created_at`, `updated_at`) VALUES (20, 'expedita', 5, 20, '2008-11-18 16:28:49', '1985-09-22 01:04:16');
INSERT INTO `media` (`id`, `filename`, `media_type_id`, `user_id`, `created_at`, `updated_at`) VALUES (21, 'quis', 1, 21, '2016-09-08 06:04:25', '2004-01-15 17:26:35');
INSERT INTO `media` (`id`, `filename`, `media_type_id`, `user_id`, `created_at`, `updated_at`) VALUES (22, 'neque', 2, 22, '1983-05-28 05:25:11', '1987-09-09 01:27:41');
INSERT INTO `media` (`id`, `filename`, `media_type_id`, `user_id`, `created_at`, `updated_at`) VALUES (23, 'corporis', 3, 23, '2012-10-23 15:26:53', '2004-07-25 14:32:33');
INSERT INTO `media` (`id`, `filename`, `media_type_id`, `user_id`, `created_at`, `updated_at`) VALUES (24, 'sunt', 4, 24, '1992-02-15 13:30:05', '2003-09-07 00:34:55');
INSERT INTO `media` (`id`, `filename`, `media_type_id`, `user_id`, `created_at`, `updated_at`) VALUES (25, 'omnis', 5, 25, '1992-08-24 02:08:26', '2020-12-25 04:16:44');
INSERT INTO `media` (`id`, `filename`, `media_type_id`, `user_id`, `created_at`, `updated_at`) VALUES (26, 'et', 1, 26, '2010-04-09 00:31:28', '1976-05-14 08:17:33');
INSERT INTO `media` (`id`, `filename`, `media_type_id`, `user_id`, `created_at`, `updated_at`) VALUES (27, 'sit', 2, 27, '1981-08-01 01:56:03', '1971-05-25 00:54:44');
INSERT INTO `media` (`id`, `filename`, `media_type_id`, `user_id`, `created_at`, `updated_at`) VALUES (28, 'quaerat', 3, 28, '1982-10-29 16:55:37', '2006-09-09 21:16:15');
INSERT INTO `media` (`id`, `filename`, `media_type_id`, `user_id`, `created_at`, `updated_at`) VALUES (29, 'sed', 4, 29, '1992-07-08 02:45:20', '1980-11-11 06:47:45');
INSERT INTO `media` (`id`, `filename`, `media_type_id`, `user_id`, `created_at`, `updated_at`) VALUES (30, 'numquam', 5, 30, '1980-11-27 23:27:22', '2017-11-25 06:26:55');
INSERT INTO `media` (`id`, `filename`, `media_type_id`, `user_id`, `created_at`, `updated_at`) VALUES (31, 'beatae', 1, 31, '2019-10-26 05:44:49', '2005-02-24 06:44:10');
INSERT INTO `media` (`id`, `filename`, `media_type_id`, `user_id`, `created_at`, `updated_at`) VALUES (32, 'minima', 2, 32, '1996-07-25 19:47:45', '1984-05-07 23:23:52');
INSERT INTO `media` (`id`, `filename`, `media_type_id`, `user_id`, `created_at`, `updated_at`) VALUES (33, 'numquam', 3, 33, '2016-07-13 03:50:39', '1981-05-03 22:19:37');
INSERT INTO `media` (`id`, `filename`, `media_type_id`, `user_id`, `created_at`, `updated_at`) VALUES (34, 'sit', 4, 34, '2011-03-28 07:25:17', '2017-01-04 06:43:07');
INSERT INTO `media` (`id`, `filename`, `media_type_id`, `user_id`, `created_at`, `updated_at`) VALUES (35, 'quidem', 5, 35, '1987-01-15 07:12:00', '1997-12-29 03:59:55');
INSERT INTO `media` (`id`, `filename`, `media_type_id`, `user_id`, `created_at`, `updated_at`) VALUES (36, 'voluptatem', 1, 36, '2005-03-05 13:26:19', '2009-06-18 00:58:33');
INSERT INTO `media` (`id`, `filename`, `media_type_id`, `user_id`, `created_at`, `updated_at`) VALUES (37, 'autem', 2, 37, '1993-12-03 06:35:07', '2000-05-09 11:57:09');
INSERT INTO `media` (`id`, `filename`, `media_type_id`, `user_id`, `created_at`, `updated_at`) VALUES (38, 'quidem', 3, 38, '1998-02-24 15:59:09', '1973-06-27 23:06:17');
INSERT INTO `media` (`id`, `filename`, `media_type_id`, `user_id`, `created_at`, `updated_at`) VALUES (39, 'quo', 4, 39, '1985-06-13 19:28:45', '1978-10-15 08:40:36');
INSERT INTO `media` (`id`, `filename`, `media_type_id`, `user_id`, `created_at`, `updated_at`) VALUES (40, 'et', 5, 40, '1996-05-27 16:42:07', '2007-05-17 11:20:15');
INSERT INTO `media` (`id`, `filename`, `media_type_id`, `user_id`, `created_at`, `updated_at`) VALUES (41, 'occaecati', 1, 41, '1977-11-12 09:19:39', '1985-07-20 10:54:18');
INSERT INTO `media` (`id`, `filename`, `media_type_id`, `user_id`, `created_at`, `updated_at`) VALUES (42, 'magnam', 2, 42, '1991-10-09 07:17:18', '1992-03-14 11:14:05');
INSERT INTO `media` (`id`, `filename`, `media_type_id`, `user_id`, `created_at`, `updated_at`) VALUES (43, 'omnis', 3, 43, '1990-10-07 08:23:19', '2010-06-28 16:42:41');
INSERT INTO `media` (`id`, `filename`, `media_type_id`, `user_id`, `created_at`, `updated_at`) VALUES (44, 'fugit', 4, 44, '1996-02-24 03:56:14', '2008-08-09 11:01:15');
INSERT INTO `media` (`id`, `filename`, `media_type_id`, `user_id`, `created_at`, `updated_at`) VALUES (45, 'sit', 5, 45, '1975-12-25 18:40:17', '1995-01-25 17:43:04');
INSERT INTO `media` (`id`, `filename`, `media_type_id`, `user_id`, `created_at`, `updated_at`) VALUES (46, 'accusantium', 1, 46, '1988-06-26 20:39:02', '1992-12-27 03:10:33');
INSERT INTO `media` (`id`, `filename`, `media_type_id`, `user_id`, `created_at`, `updated_at`) VALUES (47, 'sed', 2, 47, '2010-04-01 02:38:13', '1989-03-31 09:07:16');
INSERT INTO `media` (`id`, `filename`, `media_type_id`, `user_id`, `created_at`, `updated_at`) VALUES (48, 'ut', 3, 48, '1998-03-29 02:00:39', '1995-09-26 21:23:47');
INSERT INTO `media` (`id`, `filename`, `media_type_id`, `user_id`, `created_at`, `updated_at`) VALUES (49, 'in', 4, 49, '1995-10-07 04:15:29', '1985-05-19 17:42:14');
INSERT INTO `media` (`id`, `filename`, `media_type_id`, `user_id`, `created_at`, `updated_at`) VALUES (50, 'sunt', 5, 50, '1985-10-28 16:56:20', '1999-08-16 08:33:56');
INSERT INTO `media` (`id`, `filename`, `media_type_id`, `user_id`, `created_at`, `updated_at`) VALUES (51, 'laboriosam', 1, 51, '2007-12-20 04:11:56', '1978-05-14 01:19:08');
INSERT INTO `media` (`id`, `filename`, `media_type_id`, `user_id`, `created_at`, `updated_at`) VALUES (52, 'consequatur', 2, 52, '2012-09-01 03:34:00', '2016-11-25 01:10:35');
INSERT INTO `media` (`id`, `filename`, `media_type_id`, `user_id`, `created_at`, `updated_at`) VALUES (53, 'ut', 3, 53, '2009-04-30 21:09:07', '1984-02-03 00:03:41');
INSERT INTO `media` (`id`, `filename`, `media_type_id`, `user_id`, `created_at`, `updated_at`) VALUES (54, 'necessitatibus', 4, 54, '2012-12-10 16:09:02', '1979-12-27 05:35:43');
INSERT INTO `media` (`id`, `filename`, `media_type_id`, `user_id`, `created_at`, `updated_at`) VALUES (55, 'deleniti', 5, 55, '1993-06-17 14:57:26', '1991-11-10 07:06:59');
INSERT INTO `media` (`id`, `filename`, `media_type_id`, `user_id`, `created_at`, `updated_at`) VALUES (56, 'saepe', 1, 56, '1973-04-12 07:47:43', '2015-09-30 11:29:56');
INSERT INTO `media` (`id`, `filename`, `media_type_id`, `user_id`, `created_at`, `updated_at`) VALUES (57, 'minima', 2, 57, '2021-08-10 07:00:56', '1997-06-26 14:53:13');
INSERT INTO `media` (`id`, `filename`, `media_type_id`, `user_id`, `created_at`, `updated_at`) VALUES (58, 'illum', 3, 58, '1972-05-17 03:41:22', '1987-08-11 23:41:01');
INSERT INTO `media` (`id`, `filename`, `media_type_id`, `user_id`, `created_at`, `updated_at`) VALUES (59, 'sed', 4, 59, '1985-08-10 00:53:19', '2015-06-04 23:36:34');
INSERT INTO `media` (`id`, `filename`, `media_type_id`, `user_id`, `created_at`, `updated_at`) VALUES (60, 'omnis', 5, 60, '2005-03-19 08:08:44', '2021-03-04 19:11:14');
INSERT INTO `media` (`id`, `filename`, `media_type_id`, `user_id`, `created_at`, `updated_at`) VALUES (61, 'quae', 1, 61, '2008-11-21 11:59:15', '1991-02-25 11:01:46');
INSERT INTO `media` (`id`, `filename`, `media_type_id`, `user_id`, `created_at`, `updated_at`) VALUES (62, 'et', 2, 62, '1994-03-08 00:13:47', '2020-08-03 21:35:50');
INSERT INTO `media` (`id`, `filename`, `media_type_id`, `user_id`, `created_at`, `updated_at`) VALUES (63, 'quia', 3, 63, '2016-03-15 15:40:05', '2007-07-18 07:03:49');
INSERT INTO `media` (`id`, `filename`, `media_type_id`, `user_id`, `created_at`, `updated_at`) VALUES (64, 'praesentium', 4, 64, '1971-04-08 12:16:39', '1989-03-26 12:16:24');
INSERT INTO `media` (`id`, `filename`, `media_type_id`, `user_id`, `created_at`, `updated_at`) VALUES (65, 'nisi', 5, 65, '1992-03-26 23:49:24', '1974-03-21 23:36:33');
INSERT INTO `media` (`id`, `filename`, `media_type_id`, `user_id`, `created_at`, `updated_at`) VALUES (66, 'quibusdam', 1, 66, '1988-05-17 12:55:48', '2006-04-14 12:57:20');
INSERT INTO `media` (`id`, `filename`, `media_type_id`, `user_id`, `created_at`, `updated_at`) VALUES (67, 'necessitatibus', 2, 67, '2017-08-09 04:45:15', '1984-03-06 00:09:25');
INSERT INTO `media` (`id`, `filename`, `media_type_id`, `user_id`, `created_at`, `updated_at`) VALUES (68, 'quam', 3, 68, '1974-03-21 10:40:20', '1986-12-14 12:34:31');
INSERT INTO `media` (`id`, `filename`, `media_type_id`, `user_id`, `created_at`, `updated_at`) VALUES (69, 'dolores', 4, 69, '1998-01-05 06:33:22', '1989-01-03 21:20:41');
INSERT INTO `media` (`id`, `filename`, `media_type_id`, `user_id`, `created_at`, `updated_at`) VALUES (70, 'ipsum', 5, 70, '1985-02-09 10:10:30', '1987-04-15 00:10:19');
INSERT INTO `media` (`id`, `filename`, `media_type_id`, `user_id`, `created_at`, `updated_at`) VALUES (71, 'et', 1, 71, '1982-07-20 03:50:22', '1993-11-19 10:16:25');
INSERT INTO `media` (`id`, `filename`, `media_type_id`, `user_id`, `created_at`, `updated_at`) VALUES (72, 'ut', 2, 72, '1997-03-25 11:09:21', '1997-12-09 15:56:01');
INSERT INTO `media` (`id`, `filename`, `media_type_id`, `user_id`, `created_at`, `updated_at`) VALUES (73, 'culpa', 3, 73, '2016-04-26 03:45:40', '1971-12-20 02:31:51');
INSERT INTO `media` (`id`, `filename`, `media_type_id`, `user_id`, `created_at`, `updated_at`) VALUES (74, 'est', 4, 74, '2013-06-25 23:39:31', '1977-02-25 12:01:28');
INSERT INTO `media` (`id`, `filename`, `media_type_id`, `user_id`, `created_at`, `updated_at`) VALUES (75, 'nemo', 5, 75, '1988-11-26 13:20:41', '2015-02-28 13:29:20');
INSERT INTO `media` (`id`, `filename`, `media_type_id`, `user_id`, `created_at`, `updated_at`) VALUES (76, 'quos', 1, 76, '1994-09-14 20:47:35', '1983-09-13 04:20:20');
INSERT INTO `media` (`id`, `filename`, `media_type_id`, `user_id`, `created_at`, `updated_at`) VALUES (77, 'rem', 2, 77, '1976-01-06 13:59:20', '1992-05-01 22:26:44');
INSERT INTO `media` (`id`, `filename`, `media_type_id`, `user_id`, `created_at`, `updated_at`) VALUES (78, 'cupiditate', 3, 78, '2022-02-26 06:19:36', '1980-10-25 20:32:43');
INSERT INTO `media` (`id`, `filename`, `media_type_id`, `user_id`, `created_at`, `updated_at`) VALUES (79, 'repellat', 4, 79, '1985-03-06 02:58:16', '1972-06-11 05:23:33');
INSERT INTO `media` (`id`, `filename`, `media_type_id`, `user_id`, `created_at`, `updated_at`) VALUES (80, 'doloremque', 5, 80, '1971-11-04 04:13:14', '2020-10-06 10:16:31');
INSERT INTO `media` (`id`, `filename`, `media_type_id`, `user_id`, `created_at`, `updated_at`) VALUES (81, 'explicabo', 1, 81, '2018-10-04 15:42:14', '1994-08-17 23:54:28');
INSERT INTO `media` (`id`, `filename`, `media_type_id`, `user_id`, `created_at`, `updated_at`) VALUES (82, 'est', 2, 82, '1976-01-12 03:00:33', '2011-10-01 12:47:05');
INSERT INTO `media` (`id`, `filename`, `media_type_id`, `user_id`, `created_at`, `updated_at`) VALUES (83, 'temporibus', 3, 83, '1992-02-28 14:13:08', '2015-08-30 10:00:05');
INSERT INTO `media` (`id`, `filename`, `media_type_id`, `user_id`, `created_at`, `updated_at`) VALUES (84, 'qui', 4, 84, '2020-06-02 17:55:10', '2015-01-26 05:04:44');
INSERT INTO `media` (`id`, `filename`, `media_type_id`, `user_id`, `created_at`, `updated_at`) VALUES (85, 'possimus', 5, 85, '1977-04-20 20:45:11', '2001-07-15 20:28:37');
INSERT INTO `media` (`id`, `filename`, `media_type_id`, `user_id`, `created_at`, `updated_at`) VALUES (86, 'nihil', 1, 86, '1982-12-18 15:52:58', '1981-07-12 07:02:49');
INSERT INTO `media` (`id`, `filename`, `media_type_id`, `user_id`, `created_at`, `updated_at`) VALUES (87, 'quisquam', 2, 87, '1979-05-28 05:13:35', '2007-01-09 05:58:36');
INSERT INTO `media` (`id`, `filename`, `media_type_id`, `user_id`, `created_at`, `updated_at`) VALUES (88, 'deserunt', 3, 88, '2008-08-27 15:11:48', '1984-07-26 21:41:26');
INSERT INTO `media` (`id`, `filename`, `media_type_id`, `user_id`, `created_at`, `updated_at`) VALUES (89, 'quas', 4, 89, '1972-10-20 05:23:57', '2007-12-29 22:45:31');
INSERT INTO `media` (`id`, `filename`, `media_type_id`, `user_id`, `created_at`, `updated_at`) VALUES (90, 'pariatur', 5, 90, '1983-05-21 05:36:53', '1995-11-16 19:21:14');
INSERT INTO `media` (`id`, `filename`, `media_type_id`, `user_id`, `created_at`, `updated_at`) VALUES (91, 'deleniti', 1, 91, '1991-05-23 10:13:44', '2001-04-05 17:03:10');
INSERT INTO `media` (`id`, `filename`, `media_type_id`, `user_id`, `created_at`, `updated_at`) VALUES (92, 'harum', 2, 92, '2002-02-17 15:07:21', '1974-07-15 10:24:48');
INSERT INTO `media` (`id`, `filename`, `media_type_id`, `user_id`, `created_at`, `updated_at`) VALUES (93, 'eum', 3, 93, '1971-10-05 21:40:10', '2001-05-08 20:36:01');
INSERT INTO `media` (`id`, `filename`, `media_type_id`, `user_id`, `created_at`, `updated_at`) VALUES (94, 'iusto', 4, 94, '1971-02-21 17:18:57', '2012-05-27 05:08:10');
INSERT INTO `media` (`id`, `filename`, `media_type_id`, `user_id`, `created_at`, `updated_at`) VALUES (95, 'commodi', 5, 95, '1990-07-17 16:49:52', '1990-03-25 06:34:02');
INSERT INTO `media` (`id`, `filename`, `media_type_id`, `user_id`, `created_at`, `updated_at`) VALUES (96, 'et', 1, 96, '2006-05-29 03:11:27', '1976-08-10 18:41:41');
INSERT INTO `media` (`id`, `filename`, `media_type_id`, `user_id`, `created_at`, `updated_at`) VALUES (97, 'perspiciatis', 2, 97, '1974-02-19 21:51:39', '1978-05-23 18:11:23');
INSERT INTO `media` (`id`, `filename`, `media_type_id`, `user_id`, `created_at`, `updated_at`) VALUES (98, 'quae', 3, 98, '2015-10-16 20:37:43', '2012-02-24 18:22:07');
INSERT INTO `media` (`id`, `filename`, `media_type_id`, `user_id`, `created_at`, `updated_at`) VALUES (99, 'fuga', 4, 99, '1972-11-28 07:24:50', '1999-04-27 20:49:25');
INSERT INTO `media` (`id`, `filename`, `media_type_id`, `user_id`, `created_at`, `updated_at`) VALUES (100, 'eius', 5, 100, '1974-05-28 00:48:42', '1979-04-27 11:52:31');

UPDATE media SET
user_id = FLOOR(1 + RAND()*99.99)
WHERE id > 0;

INSERT INTO `posts` (`id`, `user_id`, `name`, `description`, `is_any_media`, `is_from_community`, `created_at`, `updated_at`) VALUES (1, 1, 'doloremque', 'Nobis quidem alias enim a ut nesciunt earum. Et vel nulla sed. Autem impedit dolorem est optio id.', 0, 1, '1977-04-10 05:10:24', '1984-06-07 07:34:53');
INSERT INTO `posts` (`id`, `user_id`, `name`, `description`, `is_any_media`, `is_from_community`, `created_at`, `updated_at`) VALUES (2, 2, 'dignissimos', 'Facere adipisci asperiores fugiat et aliquid. Mollitia incidunt error omnis et et aut. Laudantium consectetur quae aut eum aspernatur. Quia quasi sint dolorem accusantium expedita ut.', 1, 1, '2007-12-23 09:56:21', '1988-08-19 02:43:47');
INSERT INTO `posts` (`id`, `user_id`, `name`, `description`, `is_any_media`, `is_from_community`, `created_at`, `updated_at`) VALUES (3, 3, 'ipsam', 'Non vel illum minus quo necessitatibus maxime fugit. Ullam enim sequi soluta ab exercitationem consequatur. Perferendis fuga incidunt et quas. Dolorem earum est earum.', 0, 0, '1989-02-12 11:34:28', '1979-10-30 00:40:48');
INSERT INTO `posts` (`id`, `user_id`, `name`, `description`, `is_any_media`, `is_from_community`, `created_at`, `updated_at`) VALUES (4, 4, 'in', 'Iste et quia ipsam explicabo. Distinctio molestiae placeat officiis consequatur eum ab nihil unde. Voluptatem dolores voluptates dolorum non corporis.', 0, 0, '1990-01-22 18:32:36', '1989-03-04 16:09:45');
INSERT INTO `posts` (`id`, `user_id`, `name`, `description`, `is_any_media`, `is_from_community`, `created_at`, `updated_at`) VALUES (5, 5, 'molestiae', 'Incidunt accusamus tenetur fugiat. Assumenda id rerum esse praesentium atque autem voluptate. Enim voluptate architecto cum provident similique impedit. Sunt maxime enim reprehenderit aperiam quaerat.', 1, 1, '1971-10-03 21:12:25', '1990-07-15 23:34:17');
INSERT INTO `posts` (`id`, `user_id`, `name`, `description`, `is_any_media`, `is_from_community`, `created_at`, `updated_at`) VALUES (6, 6, 'quasi', 'Totam aut esse consequatur repellat necessitatibus dolor non in. Laudantium reiciendis aperiam dolores voluptas non et. Corrupti id quo voluptatem ratione ea sunt beatae. Distinctio debitis est id quas voluptatem.', 0, 0, '1988-07-19 12:54:54', '1977-03-21 21:40:11');
INSERT INTO `posts` (`id`, `user_id`, `name`, `description`, `is_any_media`, `is_from_community`, `created_at`, `updated_at`) VALUES (7, 7, 'est', 'Delectus nam quo non voluptatem dolorem. Iure aut distinctio omnis ut commodi officiis consequatur error. Ad voluptatem error rem nam. Placeat natus doloremque fugiat quia omnis iure eum.', 0, 0, '1972-12-29 02:49:57', '1999-01-29 19:09:48');
INSERT INTO `posts` (`id`, `user_id`, `name`, `description`, `is_any_media`, `is_from_community`, `created_at`, `updated_at`) VALUES (8, 8, 'nulla', 'Consectetur nam est est ipsa non maiores et. Earum saepe porro reiciendis sed perspiciatis voluptatem. Est eos dolorem mollitia et. Corrupti magnam explicabo unde dicta necessitatibus quos a aperiam. Molestias voluptatem dolor quo id consequatur et.', 0, 1, '1987-07-27 19:13:49', '2019-04-22 15:34:41');
INSERT INTO `posts` (`id`, `user_id`, `name`, `description`, `is_any_media`, `is_from_community`, `created_at`, `updated_at`) VALUES (9, 9, 'numquam', 'Praesentium omnis et perferendis dolor voluptates. Rerum recusandae sequi ullam nam vero esse. Voluptatem sed qui ipsum sint minus. Rerum quas ut fugiat minima quas.', 0, 1, '2012-05-14 08:09:25', '1986-01-04 17:36:39');
INSERT INTO `posts` (`id`, `user_id`, `name`, `description`, `is_any_media`, `is_from_community`, `created_at`, `updated_at`) VALUES (10, 10, 'rerum', 'Reprehenderit a rem et ratione. Et mollitia modi officia itaque sed debitis libero voluptatibus. Aperiam est eaque voluptatem suscipit sint maxime. Distinctio ut voluptatem aut aut aut fugit eligendi quisquam.', 1, 1, '1974-04-21 14:50:40', '1970-04-20 21:12:26');
INSERT INTO `posts` (`id`, `user_id`, `name`, `description`, `is_any_media`, `is_from_community`, `created_at`, `updated_at`) VALUES (11, 11, 'ex', 'Cum quia similique voluptatem dignissimos aut. Id atque ex in facilis rem cum inventore architecto.', 0, 0, '1998-07-03 14:38:20', '2020-08-28 20:33:45');
INSERT INTO `posts` (`id`, `user_id`, `name`, `description`, `is_any_media`, `is_from_community`, `created_at`, `updated_at`) VALUES (12, 12, 'rerum', 'In qui nam et alias. Ut adipisci repellendus veritatis. Delectus illum voluptatum quidem quasi iusto cum velit. Minus praesentium sunt et.', 0, 1, '1992-08-28 12:37:18', '1978-07-17 06:50:27');
INSERT INTO `posts` (`id`, `user_id`, `name`, `description`, `is_any_media`, `is_from_community`, `created_at`, `updated_at`) VALUES (13, 13, 'voluptates', 'Ab quis ad accusamus esse rem est atque. Provident impedit neque laboriosam est officiis porro. Occaecati exercitationem consequatur et ut et. Iste enim voluptas vel est repudiandae.', 0, 1, '2009-03-31 02:15:42', '1971-04-11 02:45:56');
INSERT INTO `posts` (`id`, `user_id`, `name`, `description`, `is_any_media`, `is_from_community`, `created_at`, `updated_at`) VALUES (14, 14, 'voluptatum', 'Dicta atque voluptates consequatur rerum quaerat sed ipsa. Voluptas optio nemo voluptates odit blanditiis. Quaerat aliquam unde possimus et. Aliquam aut ut beatae est.', 1, 1, '1976-09-13 07:53:04', '1984-01-13 17:49:35');
INSERT INTO `posts` (`id`, `user_id`, `name`, `description`, `is_any_media`, `is_from_community`, `created_at`, `updated_at`) VALUES (15, 15, 'quos', 'Voluptatum similique quae suscipit enim eius laborum. Atque totam velit excepturi vero eligendi modi dignissimos. Est et quaerat sit ut tenetur et. Tempore sunt perspiciatis molestiae illo voluptas.', 1, 1, '2014-08-09 02:12:10', '2002-09-15 18:15:16');
INSERT INTO `posts` (`id`, `user_id`, `name`, `description`, `is_any_media`, `is_from_community`, `created_at`, `updated_at`) VALUES (16, 16, 'illo', 'Suscipit rerum eos qui officiis odit minima maiores. Eius et corrupti et id sed animi sed. Quos at rerum minus. Dolor voluptas illo sit iusto. Et fugiat cumque quo voluptatum.', 1, 1, '1984-11-24 06:29:19', '1972-12-14 04:21:58');
INSERT INTO `posts` (`id`, `user_id`, `name`, `description`, `is_any_media`, `is_from_community`, `created_at`, `updated_at`) VALUES (17, 17, 'tempora', 'Modi iusto ullam ratione est doloremque placeat. Commodi dolor et et odio dolores qui odit. Voluptatem earum officiis libero praesentium. Autem natus eum quisquam explicabo.', 0, 1, '2005-05-09 21:22:10', '1999-04-08 17:04:16');
INSERT INTO `posts` (`id`, `user_id`, `name`, `description`, `is_any_media`, `is_from_community`, `created_at`, `updated_at`) VALUES (18, 18, 'aut', 'Necessitatibus recusandae aperiam consequatur perspiciatis sint a nemo. Dolorum id aut esse adipisci voluptas velit consectetur minima.', 0, 0, '1999-09-30 21:22:03', '2004-05-15 12:33:13');
INSERT INTO `posts` (`id`, `user_id`, `name`, `description`, `is_any_media`, `is_from_community`, `created_at`, `updated_at`) VALUES (19, 19, 'nihil', 'Tenetur ut officiis consequatur aspernatur ipsam delectus. Ad totam tenetur ut est. Dicta sint aspernatur officia deleniti accusamus non saepe sit. Rerum ex maxime provident velit.', 0, 1, '1988-11-07 00:56:00', '2004-10-22 12:36:49');
INSERT INTO `posts` (`id`, `user_id`, `name`, `description`, `is_any_media`, `is_from_community`, `created_at`, `updated_at`) VALUES (20, 20, 'ea', 'Corporis cupiditate eius consequatur et voluptas modi numquam. Ab aut dolorum perferendis ut commodi aut. Autem quod voluptas et cum magni iste atque nostrum. Quam rerum et qui omnis soluta.', 1, 0, '2006-08-14 11:46:00', '2016-08-10 20:52:13');
INSERT INTO `posts` (`id`, `user_id`, `name`, `description`, `is_any_media`, `is_from_community`, `created_at`, `updated_at`) VALUES (21, 21, 'minus', 'Est reprehenderit quis vel est quo cumque molestiae. Rerum animi cupiditate ut ipsum commodi vel. Expedita sit mollitia corrupti voluptate quia. Numquam distinctio dolore assumenda nobis molestiae quis veniam.', 1, 1, '1993-02-25 11:54:59', '1992-12-26 23:40:01');
INSERT INTO `posts` (`id`, `user_id`, `name`, `description`, `is_any_media`, `is_from_community`, `created_at`, `updated_at`) VALUES (22, 22, 'saepe', 'Beatae voluptatem iusto ab vel ut itaque omnis. Sapiente aut quam aperiam aspernatur. Dicta ratione tempora veritatis est. Iure magnam aut voluptas voluptas cumque.', 1, 0, '1979-04-23 20:07:49', '1975-07-27 23:28:41');
INSERT INTO `posts` (`id`, `user_id`, `name`, `description`, `is_any_media`, `is_from_community`, `created_at`, `updated_at`) VALUES (23, 23, 'omnis', 'Consectetur quo quia aut a. Nostrum non recusandae accusamus reprehenderit id. Id reiciendis amet at aut.', 0, 0, '1997-09-05 20:17:44', '1978-09-08 19:14:49');
INSERT INTO `posts` (`id`, `user_id`, `name`, `description`, `is_any_media`, `is_from_community`, `created_at`, `updated_at`) VALUES (24, 24, 'eveniet', 'Sunt voluptas deleniti qui repellendus non unde harum. Qui corporis nam qui necessitatibus et eligendi minima. Quos rerum maiores et aut vitae amet. Perferendis amet voluptatem possimus autem temporibus. Mollitia occaecati laudantium autem.', 0, 1, '2019-03-13 08:21:51', '2016-04-16 00:09:58');
INSERT INTO `posts` (`id`, `user_id`, `name`, `description`, `is_any_media`, `is_from_community`, `created_at`, `updated_at`) VALUES (25, 25, 'ut', 'Dolorem repudiandae aut pariatur et accusantium amet. Ea facilis assumenda omnis quis quaerat. Unde tempora eos vero optio. Incidunt asperiores deleniti error veritatis sed praesentium est.', 1, 1, '2003-05-20 14:14:03', '1974-12-28 05:37:20');
INSERT INTO `posts` (`id`, `user_id`, `name`, `description`, `is_any_media`, `is_from_community`, `created_at`, `updated_at`) VALUES (26, 26, 'sit', 'Est quam ipsam optio enim distinctio autem nisi. Ut fugit eos non ullam. Voluptatem cum voluptas ut aut.', 0, 1, '1976-08-29 06:10:24', '2018-07-03 08:32:37');
INSERT INTO `posts` (`id`, `user_id`, `name`, `description`, `is_any_media`, `is_from_community`, `created_at`, `updated_at`) VALUES (27, 27, 'rerum', 'Exercitationem quas voluptas vel consequatur sint expedita. Aliquid mollitia eum ratione in corporis. Non ut sit qui beatae qui. Qui laboriosam corrupti est aut.', 1, 1, '1986-11-03 17:23:49', '1990-03-27 09:41:13');
INSERT INTO `posts` (`id`, `user_id`, `name`, `description`, `is_any_media`, `is_from_community`, `created_at`, `updated_at`) VALUES (28, 28, 'consequuntur', 'Sed debitis facilis deleniti nemo quis aliquam sapiente. Pariatur voluptas perferendis quasi. Officiis sit consequuntur maiores ullam iure. Et et dolorem praesentium et eveniet quas.', 1, 1, '1982-04-08 14:43:41', '2017-10-27 14:53:25');
INSERT INTO `posts` (`id`, `user_id`, `name`, `description`, `is_any_media`, `is_from_community`, `created_at`, `updated_at`) VALUES (29, 29, 'repellendus', 'Quis dolor rerum provident aut. Fugiat omnis reprehenderit ut voluptatem. Et maxime id reiciendis omnis laboriosam.', 1, 0, '1985-05-13 01:37:01', '2017-03-12 21:57:58');
INSERT INTO `posts` (`id`, `user_id`, `name`, `description`, `is_any_media`, `is_from_community`, `created_at`, `updated_at`) VALUES (30, 30, 'facere', 'Esse laudantium molestiae eos et culpa ut adipisci id. Voluptates corporis veritatis perferendis molestiae repellendus. Rem placeat fugiat id iusto unde repellat.', 0, 0, '1988-09-12 11:01:35', '2019-01-22 13:24:22');
INSERT INTO `posts` (`id`, `user_id`, `name`, `description`, `is_any_media`, `is_from_community`, `created_at`, `updated_at`) VALUES (31, 31, 'qui', 'Mollitia commodi voluptatem et ducimus minus et culpa omnis. Quae numquam illum ut architecto. Deleniti velit cumque omnis aut numquam fugit. Cumque eum consequuntur repudiandae sequi dolore. Error enim suscipit nisi eaque ducimus.', 0, 0, '1977-04-10 19:32:40', '1998-01-29 14:36:49');
INSERT INTO `posts` (`id`, `user_id`, `name`, `description`, `is_any_media`, `is_from_community`, `created_at`, `updated_at`) VALUES (32, 32, 'quaerat', 'Commodi ducimus ut sint quidem at est aut. Dolorem ut dolores tempora est est accusamus. Unde ullam veniam voluptatem deserunt voluptas molestiae. Provident velit et rem aut dolore amet.', 0, 0, '1975-05-08 09:32:51', '1971-02-18 17:49:37');
INSERT INTO `posts` (`id`, `user_id`, `name`, `description`, `is_any_media`, `is_from_community`, `created_at`, `updated_at`) VALUES (33, 33, 'suscipit', 'Eius ut aut veniam saepe dolor. Blanditiis voluptate fugiat saepe aspernatur. Tempora voluptas corrupti autem voluptates libero.', 0, 0, '1999-02-04 10:15:34', '2020-05-09 22:59:22');
INSERT INTO `posts` (`id`, `user_id`, `name`, `description`, `is_any_media`, `is_from_community`, `created_at`, `updated_at`) VALUES (34, 34, 'omnis', 'Eos ut est rerum. Architecto quisquam dolorem id provident. Deserunt quod hic quibusdam quibusdam modi.', 0, 0, '1997-02-05 10:07:40', '1972-09-02 04:32:46');
INSERT INTO `posts` (`id`, `user_id`, `name`, `description`, `is_any_media`, `is_from_community`, `created_at`, `updated_at`) VALUES (35, 35, 'consequuntur', 'Et dicta sequi qui hic ut et. Delectus magnam dolorem et rerum provident ad molestiae non. Quos voluptatibus aut sunt et expedita cupiditate nulla. Laborum molestiae et sint error sed aut. Rem nisi eius numquam ipsa pariatur.', 1, 1, '1985-06-08 00:00:09', '1979-08-11 01:23:25');
INSERT INTO `posts` (`id`, `user_id`, `name`, `description`, `is_any_media`, `is_from_community`, `created_at`, `updated_at`) VALUES (36, 36, 'quia', 'Pariatur eum itaque aut ex suscipit optio. Ut ea voluptatem praesentium et blanditiis labore. Fugiat corporis excepturi aliquam.', 1, 0, '1978-03-24 20:56:49', '2013-07-29 04:12:57');
INSERT INTO `posts` (`id`, `user_id`, `name`, `description`, `is_any_media`, `is_from_community`, `created_at`, `updated_at`) VALUES (37, 37, 'quaerat', 'Qui qui dolorem voluptas error explicabo modi veritatis rem. Excepturi aut at tempore aut unde neque officia. Illum reprehenderit est quasi quibusdam ut tenetur quas. Quas in illo iure quos necessitatibus dicta reprehenderit. Quam nam sit et officia qui.', 0, 1, '2016-07-31 17:43:16', '1987-09-13 22:41:07');
INSERT INTO `posts` (`id`, `user_id`, `name`, `description`, `is_any_media`, `is_from_community`, `created_at`, `updated_at`) VALUES (38, 38, 'rerum', 'Dolorum voluptatem id unde at voluptatum saepe. Facilis laborum dolorem est et repellendus. Consequatur aut sapiente rem est nam.', 0, 0, '1971-09-14 08:06:26', '1971-08-01 11:35:59');
INSERT INTO `posts` (`id`, `user_id`, `name`, `description`, `is_any_media`, `is_from_community`, `created_at`, `updated_at`) VALUES (39, 39, 'accusantium', 'Minima qui debitis autem debitis iure quia autem. Amet sunt quia porro ab ut eius et quasi. Qui consequatur ut quam dolorum quisquam eligendi doloremque sed.', 1, 1, '1991-12-09 11:50:31', '1975-02-10 11:40:18');
INSERT INTO `posts` (`id`, `user_id`, `name`, `description`, `is_any_media`, `is_from_community`, `created_at`, `updated_at`) VALUES (40, 40, 'quasi', 'Saepe at est in sit praesentium consequatur esse similique. Hic excepturi dolores enim officiis illum adipisci earum sit. Sunt eaque eligendi culpa sunt id magnam perspiciatis. Quia aliquid eveniet quod sit.', 1, 0, '2003-04-15 16:54:33', '1985-06-09 00:40:38');
INSERT INTO `posts` (`id`, `user_id`, `name`, `description`, `is_any_media`, `is_from_community`, `created_at`, `updated_at`) VALUES (41, 41, 'nemo', 'Ut laudantium omnis dolorum. Iste repellendus ad dolorem praesentium ut nisi qui. Esse quasi facere numquam dignissimos.', 1, 0, '1987-05-06 18:06:44', '2014-10-25 14:03:54');
INSERT INTO `posts` (`id`, `user_id`, `name`, `description`, `is_any_media`, `is_from_community`, `created_at`, `updated_at`) VALUES (42, 42, 'exercitationem', 'In dicta non quia qui voluptatem ut rerum. Ipsum sed eaque libero. Est commodi ut perferendis. Aut voluptatem commodi perferendis. Est sint inventore laudantium quae harum dolor.', 1, 0, '1972-07-30 05:54:34', '2009-06-16 01:55:49');
INSERT INTO `posts` (`id`, `user_id`, `name`, `description`, `is_any_media`, `is_from_community`, `created_at`, `updated_at`) VALUES (43, 43, 'aut', 'Non voluptatem harum porro quam ut et. Id in id odio at dolorem est. Iure expedita fugiat esse consequatur dolor ut omnis. Id dolor sunt sunt quia commodi tempora et nihil.', 1, 0, '2009-02-14 14:39:08', '1980-11-02 01:18:08');
INSERT INTO `posts` (`id`, `user_id`, `name`, `description`, `is_any_media`, `is_from_community`, `created_at`, `updated_at`) VALUES (44, 44, 'recusandae', 'Nostrum et sapiente quisquam accusamus sed enim dignissimos. Fugit enim sit molestiae nam ratione maxime vel qui. Eaque quo nobis eveniet perspiciatis. Consequuntur sed est cum unde eos omnis non consequatur. Temporibus et tenetur quaerat qui enim molestias.', 0, 1, '1972-03-11 20:34:27', '1999-12-10 23:33:27');
INSERT INTO `posts` (`id`, `user_id`, `name`, `description`, `is_any_media`, `is_from_community`, `created_at`, `updated_at`) VALUES (45, 45, 'et', 'Id ex dicta dolores quia natus at aperiam qui. Occaecati aut sit et fugit ipsam aut inventore. Aut assumenda asperiores similique id aut. Eum blanditiis voluptatum dolor aut beatae et.', 1, 1, '1971-08-12 23:56:21', '1992-05-06 07:30:45');
INSERT INTO `posts` (`id`, `user_id`, `name`, `description`, `is_any_media`, `is_from_community`, `created_at`, `updated_at`) VALUES (46, 46, 'assumenda', 'In voluptatem dolorem quod provident. Asperiores molestiae facilis aut hic culpa dolor. Exercitationem tempora itaque ratione voluptate aspernatur.', 0, 0, '1989-07-27 08:37:47', '2002-10-26 15:42:26');
INSERT INTO `posts` (`id`, `user_id`, `name`, `description`, `is_any_media`, `is_from_community`, `created_at`, `updated_at`) VALUES (47, 47, 'magni', 'Ipsa adipisci ut ut aut. Impedit eveniet et adipisci ut ex. Ipsam rerum dolorum atque dolores nobis aut recusandae omnis. Voluptatem reprehenderit omnis aut ut.', 0, 1, '1977-02-24 12:19:46', '1980-08-18 20:10:33');
INSERT INTO `posts` (`id`, `user_id`, `name`, `description`, `is_any_media`, `is_from_community`, `created_at`, `updated_at`) VALUES (48, 48, 'repellat', 'Eveniet laborum qui reprehenderit deleniti et dicta libero commodi. Aut nesciunt iste aut ut.', 0, 1, '2004-06-16 16:50:33', '2012-06-22 19:33:32');
INSERT INTO `posts` (`id`, `user_id`, `name`, `description`, `is_any_media`, `is_from_community`, `created_at`, `updated_at`) VALUES (49, 49, 'sit', 'Alias aut officia pariatur voluptatem animi tempore dolores nihil. Ad illum qui laudantium sunt. Nostrum amet sed sapiente quod illo sed enim. Quia nostrum fugit non impedit laudantium.', 0, 0, '2003-08-27 12:00:49', '2022-02-24 15:29:46');
INSERT INTO `posts` (`id`, `user_id`, `name`, `description`, `is_any_media`, `is_from_community`, `created_at`, `updated_at`) VALUES (50, 50, 'dicta', 'Nihil quia magni dicta magni distinctio nisi. Fugit et ea corrupti voluptatem earum quis quam. Suscipit dignissimos nesciunt sed perferendis voluptas velit quis. Harum aut aut architecto odit.', 1, 0, '2017-04-09 21:06:29', '2000-08-26 17:55:30');
INSERT INTO `posts` (`id`, `user_id`, `name`, `description`, `is_any_media`, `is_from_community`, `created_at`, `updated_at`) VALUES (51, 51, 'veritatis', 'Labore maiores soluta consequatur nam nemo. Dignissimos vero beatae doloremque rem a modi accusantium.', 1, 0, '1994-12-09 08:12:15', '1985-07-28 16:54:02');
INSERT INTO `posts` (`id`, `user_id`, `name`, `description`, `is_any_media`, `is_from_community`, `created_at`, `updated_at`) VALUES (52, 52, 'accusamus', 'Distinctio cum quia laudantium aperiam quibusdam. Corrupti enim consequatur praesentium eum est nihil animi. Totam laudantium autem quisquam nemo. Vel et doloremque enim facere.', 1, 0, '1981-07-06 04:55:08', '2000-03-22 05:30:51');
INSERT INTO `posts` (`id`, `user_id`, `name`, `description`, `is_any_media`, `is_from_community`, `created_at`, `updated_at`) VALUES (53, 53, 'eos', 'Aut temporibus deserunt distinctio temporibus quis. Delectus distinctio quisquam et aut. A possimus dignissimos doloribus dolorem deserunt est.', 0, 0, '1984-12-25 06:33:01', '2021-02-16 23:06:17');
INSERT INTO `posts` (`id`, `user_id`, `name`, `description`, `is_any_media`, `is_from_community`, `created_at`, `updated_at`) VALUES (54, 54, 'laboriosam', 'Mollitia rerum nihil occaecati aut quia. In quia est ut id in. Est aliquam voluptas ratione consequatur voluptates et molestias. Iste vel sed sed.', 0, 0, '2017-04-06 00:54:37', '2020-06-02 08:30:33');
INSERT INTO `posts` (`id`, `user_id`, `name`, `description`, `is_any_media`, `is_from_community`, `created_at`, `updated_at`) VALUES (55, 55, 'facilis', 'Molestiae sunt dicta omnis tenetur aut. Non voluptatem velit porro enim soluta quas sed.', 0, 0, '1971-04-28 10:41:07', '2003-08-12 01:53:47');
INSERT INTO `posts` (`id`, `user_id`, `name`, `description`, `is_any_media`, `is_from_community`, `created_at`, `updated_at`) VALUES (56, 56, 'est', 'Quis suscipit corrupti excepturi laborum facilis dolor voluptates inventore. Voluptas error ut odit at non sunt. Amet tempora totam nesciunt consequatur odit blanditiis sed.', 1, 0, '2011-04-11 23:51:34', '1980-02-26 05:30:48');
INSERT INTO `posts` (`id`, `user_id`, `name`, `description`, `is_any_media`, `is_from_community`, `created_at`, `updated_at`) VALUES (57, 57, 'minima', 'Voluptatum adipisci natus et. Qui sit dolor non et. Qui unde totam sunt. Voluptatum ipsam a sed blanditiis.', 1, 1, '2008-06-29 21:54:21', '2018-08-26 15:19:32');
INSERT INTO `posts` (`id`, `user_id`, `name`, `description`, `is_any_media`, `is_from_community`, `created_at`, `updated_at`) VALUES (58, 58, 'molestias', 'Et libero fugiat quasi ipsum officia cupiditate dolore. Blanditiis voluptatibus harum distinctio voluptates doloremque repellendus enim commodi. Nostrum dolorum quis consequatur voluptatem consequatur velit. Iusto in quo a est velit quidem.', 1, 1, '2000-01-14 12:08:55', '1979-04-10 13:36:21');
INSERT INTO `posts` (`id`, `user_id`, `name`, `description`, `is_any_media`, `is_from_community`, `created_at`, `updated_at`) VALUES (59, 59, 'voluptatem', 'Qui assumenda voluptatem impedit nam illo quia. Et doloribus velit quia asperiores. Ducimus id sint vel ullam perferendis in maxime. Expedita et modi ut architecto quia voluptatibus quaerat.', 0, 0, '2015-12-10 23:04:57', '1982-02-05 06:35:12');
INSERT INTO `posts` (`id`, `user_id`, `name`, `description`, `is_any_media`, `is_from_community`, `created_at`, `updated_at`) VALUES (60, 60, 'voluptatem', 'Nihil maxime beatae excepturi amet qui. Et accusantium itaque itaque. Dolor praesentium numquam in amet porro autem et.', 1, 0, '2014-12-15 14:58:48', '1975-06-05 17:44:29');
INSERT INTO `posts` (`id`, `user_id`, `name`, `description`, `is_any_media`, `is_from_community`, `created_at`, `updated_at`) VALUES (61, 61, 'similique', 'Nemo ipsum reiciendis aut nostrum. Enim perferendis et corrupti ratione enim. Tenetur quisquam quia quisquam veniam. Esse sed quia unde numquam assumenda ut.', 1, 1, '1994-02-13 00:04:44', '2002-02-07 00:43:52');
INSERT INTO `posts` (`id`, `user_id`, `name`, `description`, `is_any_media`, `is_from_community`, `created_at`, `updated_at`) VALUES (62, 62, 'voluptas', 'Iste omnis molestias magni ut in illo aut. Aut sit et ipsum. Mollitia ratione mollitia atque.', 1, 0, '2004-06-21 13:14:26', '1986-09-08 07:03:17');
INSERT INTO `posts` (`id`, `user_id`, `name`, `description`, `is_any_media`, `is_from_community`, `created_at`, `updated_at`) VALUES (63, 63, 'impedit', 'Saepe consequatur laborum est optio assumenda. Autem aspernatur libero eum dolor quas minus. Ut ipsa dolor enim aut sit quod.', 0, 0, '1987-07-10 16:50:33', '2001-07-15 21:09:45');
INSERT INTO `posts` (`id`, `user_id`, `name`, `description`, `is_any_media`, `is_from_community`, `created_at`, `updated_at`) VALUES (64, 64, 'ex', 'Eos ullam nihil facilis officiis. Est itaque ut animi ipsam. Reiciendis eius veniam modi repellendus itaque.', 1, 0, '1988-03-28 20:04:01', '1980-08-27 06:37:12');
INSERT INTO `posts` (`id`, `user_id`, `name`, `description`, `is_any_media`, `is_from_community`, `created_at`, `updated_at`) VALUES (65, 65, 'soluta', 'Occaecati est quas ea delectus. Aperiam vel itaque cum rerum ea consectetur. Veniam perspiciatis omnis natus veritatis ab quia.', 0, 1, '2008-01-27 07:58:13', '1999-08-02 18:55:04');
INSERT INTO `posts` (`id`, `user_id`, `name`, `description`, `is_any_media`, `is_from_community`, `created_at`, `updated_at`) VALUES (66, 66, 'voluptas', 'Tempora quas est commodi quos eum voluptate culpa fuga. Autem aut vero ipsam dolores suscipit. Ea consequatur quo praesentium ea. Molestiae recusandae omnis ipsum est.', 0, 0, '2004-11-01 09:59:51', '1980-06-29 18:21:54');
INSERT INTO `posts` (`id`, `user_id`, `name`, `description`, `is_any_media`, `is_from_community`, `created_at`, `updated_at`) VALUES (67, 67, 'exercitationem', 'Explicabo natus sint ducimus temporibus corporis quisquam et. Voluptas maiores harum suscipit et praesentium. Sit et nulla dolorem possimus ratione eligendi voluptatem.', 0, 0, '2008-07-17 11:48:36', '1985-01-06 01:45:04');
INSERT INTO `posts` (`id`, `user_id`, `name`, `description`, `is_any_media`, `is_from_community`, `created_at`, `updated_at`) VALUES (68, 68, 'quam', 'Temporibus sit quia modi mollitia vel. Dolores sunt cum ducimus voluptatibus delectus. Veniam fugiat temporibus voluptatem nostrum molestiae quaerat odit ut. Iusto delectus soluta dicta numquam nostrum.', 0, 1, '1982-03-16 02:29:09', '1992-09-16 14:12:56');
INSERT INTO `posts` (`id`, `user_id`, `name`, `description`, `is_any_media`, `is_from_community`, `created_at`, `updated_at`) VALUES (69, 69, 'est', 'Praesentium beatae et rem. Optio vitae quaerat eum neque. Pariatur omnis eligendi aut voluptatem. Ducimus nihil natus natus nulla illum et repudiandae.', 1, 1, '1985-05-17 00:30:58', '1985-03-23 21:37:56');
INSERT INTO `posts` (`id`, `user_id`, `name`, `description`, `is_any_media`, `is_from_community`, `created_at`, `updated_at`) VALUES (70, 70, 'provident', 'Qui recusandae rem eveniet velit. Consequatur eum voluptas eligendi assumenda neque ea voluptas. Minus corporis hic et.', 1, 0, '1975-02-04 08:49:05', '2004-03-23 14:36:13');
INSERT INTO `posts` (`id`, `user_id`, `name`, `description`, `is_any_media`, `is_from_community`, `created_at`, `updated_at`) VALUES (71, 71, 'sunt', 'Dicta et et nisi eum inventore eius. Totam et consequuntur officiis rerum aspernatur. Voluptas sint dolor nam dignissimos vero dolorem.', 0, 0, '2009-08-14 11:16:20', '1973-01-22 04:03:33');
INSERT INTO `posts` (`id`, `user_id`, `name`, `description`, `is_any_media`, `is_from_community`, `created_at`, `updated_at`) VALUES (72, 72, 'deserunt', 'Ipsum voluptatum consequatur aut eum accusantium. Officia veniam molestiae eos. Quia asperiores et non ad odio consequatur eaque. Accusantium consequatur dignissimos similique placeat voluptatum expedita saepe.', 1, 0, '1970-07-17 23:08:59', '1995-05-29 01:00:27');
INSERT INTO `posts` (`id`, `user_id`, `name`, `description`, `is_any_media`, `is_from_community`, `created_at`, `updated_at`) VALUES (73, 73, 'aliquam', 'Temporibus quo id qui quia dolores blanditiis. Reprehenderit ducimus vel inventore dolore. Quasi omnis fugiat enim tempore dolorem expedita quaerat. Nemo est velit quae.', 0, 0, '2020-01-19 03:02:47', '2007-10-14 14:24:53');
INSERT INTO `posts` (`id`, `user_id`, `name`, `description`, `is_any_media`, `is_from_community`, `created_at`, `updated_at`) VALUES (74, 74, 'neque', 'Est atque sequi aliquam perferendis. Est fuga quam magni similique. Officia at aut aut odio molestiae quia consequatur labore.', 0, 0, '1971-10-28 10:32:20', '1985-08-07 02:24:24');
INSERT INTO `posts` (`id`, `user_id`, `name`, `description`, `is_any_media`, `is_from_community`, `created_at`, `updated_at`) VALUES (75, 75, 'fugiat', 'Consequatur qui deserunt ipsam et. Fugit quod at non facilis architecto. Architecto amet ipsam nam repellendus dolorem nihil dolor. Atque corrupti at nisi voluptate. Et qui ut consequatur rerum quia et ipsam et.', 1, 0, '1977-04-02 04:01:43', '2003-04-17 01:21:09');
INSERT INTO `posts` (`id`, `user_id`, `name`, `description`, `is_any_media`, `is_from_community`, `created_at`, `updated_at`) VALUES (76, 76, 'amet', 'Quia error quidem nostrum quo id ea sed. Sint nulla impedit excepturi vitae alias et ut molestiae. Qui sed architecto quas id. Deleniti iste expedita aut quidem sequi.', 0, 0, '1992-08-19 08:33:24', '2005-03-10 01:29:07');
INSERT INTO `posts` (`id`, `user_id`, `name`, `description`, `is_any_media`, `is_from_community`, `created_at`, `updated_at`) VALUES (77, 77, 'est', 'Rerum tenetur culpa harum. Quis praesentium nobis ea voluptas qui expedita. Omnis dolorem cumque aut voluptatem aliquid.', 1, 1, '1985-09-03 09:53:50', '1991-10-04 03:42:17');
INSERT INTO `posts` (`id`, `user_id`, `name`, `description`, `is_any_media`, `is_from_community`, `created_at`, `updated_at`) VALUES (78, 78, 'architecto', 'Provident eos voluptatibus labore ut sit non. Nihil consequatur fugit deserunt dolore. Quas accusantium quaerat aperiam id quibusdam.', 0, 0, '2012-07-25 02:40:57', '1975-05-29 17:47:50');
INSERT INTO `posts` (`id`, `user_id`, `name`, `description`, `is_any_media`, `is_from_community`, `created_at`, `updated_at`) VALUES (79, 79, 'et', 'Est voluptatum sit vitae. Odit non et adipisci quaerat delectus ut. Et sed omnis magni autem minus et ut aut.', 0, 1, '2007-12-07 01:46:29', '2001-04-10 20:10:09');
INSERT INTO `posts` (`id`, `user_id`, `name`, `description`, `is_any_media`, `is_from_community`, `created_at`, `updated_at`) VALUES (80, 80, 'alias', 'Labore non natus eum et vero harum ut. Est assumenda consectetur veniam ad placeat in. Delectus nostrum rerum placeat.', 1, 1, '1975-05-31 20:32:44', '1989-04-07 02:19:26');
INSERT INTO `posts` (`id`, `user_id`, `name`, `description`, `is_any_media`, `is_from_community`, `created_at`, `updated_at`) VALUES (81, 81, 'inventore', 'Placeat iusto soluta in rerum deserunt unde totam. Corporis maxime harum sed expedita libero ea velit tempora. Ullam aspernatur architecto dolores officia odit molestiae natus cupiditate.', 0, 1, '1979-06-12 00:23:11', '2017-10-10 08:37:58');
INSERT INTO `posts` (`id`, `user_id`, `name`, `description`, `is_any_media`, `is_from_community`, `created_at`, `updated_at`) VALUES (82, 82, 'beatae', 'Aperiam eaque accusantium aliquid reiciendis. Fugiat tempora quis fuga quis fugit eaque.', 0, 1, '1988-02-20 21:47:16', '2005-07-06 20:23:56');
INSERT INTO `posts` (`id`, `user_id`, `name`, `description`, `is_any_media`, `is_from_community`, `created_at`, `updated_at`) VALUES (83, 83, 'dolore', 'Rerum tempora odio id sed consequatur iste. Nesciunt possimus tempora enim voluptatem. Iure enim nesciunt id possimus nulla excepturi reprehenderit. Ea qui alias occaecati consequatur dolores et voluptatem dignissimos.', 0, 0, '1988-05-02 14:03:11', '1984-01-18 05:37:31');
INSERT INTO `posts` (`id`, `user_id`, `name`, `description`, `is_any_media`, `is_from_community`, `created_at`, `updated_at`) VALUES (84, 84, 'voluptatem', 'Quia laborum et animi mollitia sunt nisi est. Qui omnis ut repudiandae quia. Sunt expedita et debitis ut nesciunt maiores atque. Aut repudiandae magni et nam aut consequuntur dolorem.', 0, 0, '1974-04-10 22:54:08', '2010-10-08 18:10:16');
INSERT INTO `posts` (`id`, `user_id`, `name`, `description`, `is_any_media`, `is_from_community`, `created_at`, `updated_at`) VALUES (85, 85, 'iusto', 'Quasi dolore ut ratione et ipsam explicabo quos. Sed doloribus sapiente aliquam fuga.', 1, 1, '1981-07-28 02:57:46', '2022-02-04 13:10:26');
INSERT INTO `posts` (`id`, `user_id`, `name`, `description`, `is_any_media`, `is_from_community`, `created_at`, `updated_at`) VALUES (86, 86, 'ratione', 'Et perferendis nulla autem consequatur quia aut. Tempora quo enim ipsum iusto voluptatibus rem. Sed iure voluptatum aut. Odio non in cupiditate vel possimus voluptas ut id.', 0, 1, '2001-04-14 00:56:33', '1978-08-27 11:43:21');
INSERT INTO `posts` (`id`, `user_id`, `name`, `description`, `is_any_media`, `is_from_community`, `created_at`, `updated_at`) VALUES (87, 87, 'sit', 'Modi nisi est cum sunt nihil. Exercitationem porro omnis vel et quas voluptatem. Ullam accusamus consequatur et et.', 0, 0, '1992-07-17 22:01:19', '2007-02-25 01:16:42');
INSERT INTO `posts` (`id`, `user_id`, `name`, `description`, `is_any_media`, `is_from_community`, `created_at`, `updated_at`) VALUES (88, 88, 'sed', 'Non consequatur illo aut quas dolorem reprehenderit doloribus. Neque sit repellat odit enim impedit et id. Odio quidem corrupti ex occaecati. At quo impedit ad voluptatibus facere sapiente ipsa.', 0, 1, '1997-02-13 11:22:32', '1977-12-03 07:44:09');
INSERT INTO `posts` (`id`, `user_id`, `name`, `description`, `is_any_media`, `is_from_community`, `created_at`, `updated_at`) VALUES (89, 89, 'recusandae', 'Laudantium necessitatibus beatae molestias temporibus illum. Recusandae est esse sed. Molestiae iure vitae et. Reprehenderit autem blanditiis cum sed.', 1, 0, '1971-07-28 18:23:20', '1995-05-02 18:37:54');
INSERT INTO `posts` (`id`, `user_id`, `name`, `description`, `is_any_media`, `is_from_community`, `created_at`, `updated_at`) VALUES (90, 90, 'sit', 'Voluptatibus ut nulla natus laudantium. Dignissimos sunt fugit qui sit aperiam dolor voluptatem sint. Mollitia rerum sunt voluptatem error at. Possimus hic mollitia ipsa sequi provident magnam adipisci maiores.', 0, 0, '1975-10-08 10:44:52', '2021-03-24 05:55:29');
INSERT INTO `posts` (`id`, `user_id`, `name`, `description`, `is_any_media`, `is_from_community`, `created_at`, `updated_at`) VALUES (91, 91, 'sapiente', 'Consectetur deleniti possimus quam. Qui tempora molestiae esse dolores.', 1, 1, '2008-09-17 02:45:54', '2011-05-16 10:35:50');
INSERT INTO `posts` (`id`, `user_id`, `name`, `description`, `is_any_media`, `is_from_community`, `created_at`, `updated_at`) VALUES (92, 92, 'assumenda', 'Aut ducimus accusantium et et quam nulla corporis. Voluptates veniam deleniti excepturi doloribus facilis. Alias consequatur quia voluptatem tempore voluptatem.', 0, 0, '2007-04-05 23:49:17', '1982-09-05 06:01:53');
INSERT INTO `posts` (`id`, `user_id`, `name`, `description`, `is_any_media`, `is_from_community`, `created_at`, `updated_at`) VALUES (93, 93, 'consequatur', 'Dolorem dicta doloribus assumenda qui nemo aut optio. Ullam ratione ullam qui illo non nemo voluptates itaque. Labore cumque nobis blanditiis molestiae corporis. Voluptatem sint quia est et voluptas in quaerat maiores. Repellat blanditiis maiores reprehenderit in dolorem est velit.', 0, 0, '2002-09-26 18:44:25', '2004-11-14 22:49:03');
INSERT INTO `posts` (`id`, `user_id`, `name`, `description`, `is_any_media`, `is_from_community`, `created_at`, `updated_at`) VALUES (94, 94, 'qui', 'Molestias delectus non in repellat quod quam quisquam in. Similique nisi explicabo doloribus delectus cupiditate soluta. Aut totam quae eveniet repellat voluptates.', 0, 1, '1991-02-27 05:54:06', '1996-02-19 08:22:47');
INSERT INTO `posts` (`id`, `user_id`, `name`, `description`, `is_any_media`, `is_from_community`, `created_at`, `updated_at`) VALUES (95, 95, 'molestiae', 'Impedit architecto est magnam est asperiores qui. Sunt rerum rerum doloribus. Labore incidunt corporis blanditiis sit perferendis tenetur. Dolorem et molestiae quia eveniet aperiam repudiandae.', 1, 1, '1979-01-17 16:17:28', '2015-09-12 19:15:05');
INSERT INTO `posts` (`id`, `user_id`, `name`, `description`, `is_any_media`, `is_from_community`, `created_at`, `updated_at`) VALUES (96, 96, 'odit', 'Dolores asperiores qui ducimus. A omnis id et non distinctio.', 0, 1, '1977-04-16 14:59:59', '1996-09-04 09:00:17');
INSERT INTO `posts` (`id`, `user_id`, `name`, `description`, `is_any_media`, `is_from_community`, `created_at`, `updated_at`) VALUES (97, 97, 'et', 'Tempora illum iusto at. Alias maiores sunt commodi veritatis enim placeat. Est sit labore molestiae distinctio labore voluptatibus. Magni animi facilis aut dicta.', 1, 0, '1978-10-02 08:33:41', '1980-08-13 12:27:41');
INSERT INTO `posts` (`id`, `user_id`, `name`, `description`, `is_any_media`, `is_from_community`, `created_at`, `updated_at`) VALUES (98, 98, 'nihil', 'Omnis sunt ipsa corporis. Et est voluptatem velit voluptatum necessitatibus qui doloremque. Totam sapiente asperiores quo adipisci.', 1, 0, '1979-07-03 14:03:12', '2014-10-28 19:32:08');
INSERT INTO `posts` (`id`, `user_id`, `name`, `description`, `is_any_media`, `is_from_community`, `created_at`, `updated_at`) VALUES (99, 99, 'distinctio', 'Vitae ea voluptatem possimus adipisci voluptatem minus. Aspernatur qui eos eligendi inventore praesentium. Non molestias eaque ratione ipsa reiciendis. Ab nostrum aut quia molestias praesentium ipsam ipsum.', 0, 0, '2018-07-05 02:21:11', '1994-12-08 13:35:02');
INSERT INTO `posts` (`id`, `user_id`, `name`, `description`, `is_any_media`, `is_from_community`, `created_at`, `updated_at`) VALUES (100, 100, 'corporis', 'Sit non labore sed. Ipsa sequi sed odio praesentium voluptatem optio consectetur. Dignissimos delectus voluptas cupiditate voluptatem necessitatibus. Non esse numquam cumque odio iure possimus.', 1, 0, '1977-10-20 05:59:32', '2008-04-04 19:24:13');

UPDATE posts SET
user_id = FLOOR(1 + RAND()*99.99)
WHERE id > 0;

INSERT INTO `posts_media` (`id`, `post_id`, `media_id`, `created_at`, `updated_at`) VALUES (1, 1, 1, '1996-09-14 09:26:09', '2020-02-02 15:15:58');
INSERT INTO `posts_media` (`id`, `post_id`, `media_id`, `created_at`, `updated_at`) VALUES (2, 2, 2, '1977-06-10 12:43:16', '1991-04-13 22:04:20');
INSERT INTO `posts_media` (`id`, `post_id`, `media_id`, `created_at`, `updated_at`) VALUES (3, 3, 3, '1993-11-24 23:09:24', '1974-05-14 14:01:42');
INSERT INTO `posts_media` (`id`, `post_id`, `media_id`, `created_at`, `updated_at`) VALUES (4, 4, 4, '2016-08-17 20:56:34', '1971-03-24 13:10:45');
INSERT INTO `posts_media` (`id`, `post_id`, `media_id`, `created_at`, `updated_at`) VALUES (5, 5, 5, '2015-10-14 04:43:13', '2009-03-25 01:32:17');
INSERT INTO `posts_media` (`id`, `post_id`, `media_id`, `created_at`, `updated_at`) VALUES (6, 6, 6, '1993-09-04 09:14:32', '1972-11-16 14:56:30');
INSERT INTO `posts_media` (`id`, `post_id`, `media_id`, `created_at`, `updated_at`) VALUES (7, 7, 7, '2019-05-20 15:45:10', '2011-10-26 22:19:01');
INSERT INTO `posts_media` (`id`, `post_id`, `media_id`, `created_at`, `updated_at`) VALUES (8, 8, 8, '2018-02-12 22:09:34', '1998-09-29 03:37:03');
INSERT INTO `posts_media` (`id`, `post_id`, `media_id`, `created_at`, `updated_at`) VALUES (9, 9, 9, '1984-03-12 18:50:50', '2001-02-12 07:06:50');
INSERT INTO `posts_media` (`id`, `post_id`, `media_id`, `created_at`, `updated_at`) VALUES (10, 10, 10, '1993-01-06 16:50:27', '1973-04-20 08:33:05');
INSERT INTO `posts_media` (`id`, `post_id`, `media_id`, `created_at`, `updated_at`) VALUES (11, 11, 11, '1996-08-01 23:48:20', '1999-01-15 22:01:23');
INSERT INTO `posts_media` (`id`, `post_id`, `media_id`, `created_at`, `updated_at`) VALUES (12, 12, 12, '2006-02-02 02:48:59', '1977-02-07 14:52:23');
INSERT INTO `posts_media` (`id`, `post_id`, `media_id`, `created_at`, `updated_at`) VALUES (13, 13, 13, '1983-04-05 12:52:10', '1990-04-06 11:18:56');
INSERT INTO `posts_media` (`id`, `post_id`, `media_id`, `created_at`, `updated_at`) VALUES (14, 14, 14, '1986-08-19 08:00:41', '2002-07-26 12:52:53');
INSERT INTO `posts_media` (`id`, `post_id`, `media_id`, `created_at`, `updated_at`) VALUES (15, 15, 15, '1990-01-07 19:05:04', '2005-08-20 08:28:27');
INSERT INTO `posts_media` (`id`, `post_id`, `media_id`, `created_at`, `updated_at`) VALUES (16, 16, 16, '1998-11-13 00:20:34', '2018-12-15 20:02:09');
INSERT INTO `posts_media` (`id`, `post_id`, `media_id`, `created_at`, `updated_at`) VALUES (17, 17, 17, '2017-05-30 14:27:47', '1981-02-08 11:40:24');
INSERT INTO `posts_media` (`id`, `post_id`, `media_id`, `created_at`, `updated_at`) VALUES (18, 18, 18, '2022-04-14 15:21:24', '2009-11-20 10:30:26');
INSERT INTO `posts_media` (`id`, `post_id`, `media_id`, `created_at`, `updated_at`) VALUES (19, 19, 19, '1983-02-15 17:57:13', '2018-08-21 05:45:45');
INSERT INTO `posts_media` (`id`, `post_id`, `media_id`, `created_at`, `updated_at`) VALUES (20, 20, 20, '1999-06-05 04:33:55', '2015-11-07 20:42:29');
INSERT INTO `posts_media` (`id`, `post_id`, `media_id`, `created_at`, `updated_at`) VALUES (21, 21, 21, '1989-08-09 19:39:03', '1977-01-09 12:36:10');
INSERT INTO `posts_media` (`id`, `post_id`, `media_id`, `created_at`, `updated_at`) VALUES (22, 22, 22, '1981-09-18 20:10:55', '1989-03-14 02:30:40');
INSERT INTO `posts_media` (`id`, `post_id`, `media_id`, `created_at`, `updated_at`) VALUES (23, 23, 23, '1971-02-19 22:08:32', '2016-08-22 06:02:51');
INSERT INTO `posts_media` (`id`, `post_id`, `media_id`, `created_at`, `updated_at`) VALUES (24, 24, 24, '2000-01-25 19:10:44', '1988-04-10 01:54:58');
INSERT INTO `posts_media` (`id`, `post_id`, `media_id`, `created_at`, `updated_at`) VALUES (25, 25, 25, '2018-07-21 01:11:43', '1986-08-28 12:54:29');
INSERT INTO `posts_media` (`id`, `post_id`, `media_id`, `created_at`, `updated_at`) VALUES (26, 26, 26, '1999-06-16 16:31:22', '2021-09-14 13:52:35');
INSERT INTO `posts_media` (`id`, `post_id`, `media_id`, `created_at`, `updated_at`) VALUES (27, 27, 27, '1977-06-22 21:28:18', '2013-01-31 17:09:00');
INSERT INTO `posts_media` (`id`, `post_id`, `media_id`, `created_at`, `updated_at`) VALUES (28, 28, 28, '1980-11-15 06:22:55', '1992-08-16 22:24:05');
INSERT INTO `posts_media` (`id`, `post_id`, `media_id`, `created_at`, `updated_at`) VALUES (29, 29, 29, '2016-11-03 10:06:48', '2017-01-24 09:33:44');
INSERT INTO `posts_media` (`id`, `post_id`, `media_id`, `created_at`, `updated_at`) VALUES (30, 30, 30, '2021-12-14 21:44:39', '1978-02-06 20:42:59');
INSERT INTO `posts_media` (`id`, `post_id`, `media_id`, `created_at`, `updated_at`) VALUES (31, 31, 31, '1997-01-09 22:58:32', '2000-08-14 05:09:03');
INSERT INTO `posts_media` (`id`, `post_id`, `media_id`, `created_at`, `updated_at`) VALUES (32, 32, 32, '1999-06-16 01:23:32', '2021-09-13 05:24:45');
INSERT INTO `posts_media` (`id`, `post_id`, `media_id`, `created_at`, `updated_at`) VALUES (33, 33, 33, '2007-03-03 00:53:58', '2002-10-30 04:53:33');
INSERT INTO `posts_media` (`id`, `post_id`, `media_id`, `created_at`, `updated_at`) VALUES (34, 34, 34, '2003-07-13 16:29:27', '1995-08-06 00:29:08');
INSERT INTO `posts_media` (`id`, `post_id`, `media_id`, `created_at`, `updated_at`) VALUES (35, 35, 35, '2008-07-31 12:46:49', '1995-08-24 10:30:21');
INSERT INTO `posts_media` (`id`, `post_id`, `media_id`, `created_at`, `updated_at`) VALUES (36, 36, 36, '1997-04-12 02:43:46', '1983-01-02 21:12:16');
INSERT INTO `posts_media` (`id`, `post_id`, `media_id`, `created_at`, `updated_at`) VALUES (37, 37, 37, '1980-05-26 14:55:18', '1986-12-24 22:25:13');
INSERT INTO `posts_media` (`id`, `post_id`, `media_id`, `created_at`, `updated_at`) VALUES (38, 38, 38, '1999-12-05 06:47:55', '2000-08-01 03:57:26');
INSERT INTO `posts_media` (`id`, `post_id`, `media_id`, `created_at`, `updated_at`) VALUES (39, 39, 39, '1976-09-03 12:55:40', '2022-02-21 02:18:23');
INSERT INTO `posts_media` (`id`, `post_id`, `media_id`, `created_at`, `updated_at`) VALUES (40, 40, 40, '1986-09-29 10:52:05', '2004-03-27 19:13:07');
INSERT INTO `posts_media` (`id`, `post_id`, `media_id`, `created_at`, `updated_at`) VALUES (41, 41, 41, '1982-08-08 20:49:37', '1975-05-25 09:16:16');
INSERT INTO `posts_media` (`id`, `post_id`, `media_id`, `created_at`, `updated_at`) VALUES (42, 42, 42, '2006-03-26 09:07:12', '2018-11-03 23:18:20');
INSERT INTO `posts_media` (`id`, `post_id`, `media_id`, `created_at`, `updated_at`) VALUES (43, 43, 43, '2021-07-20 19:48:58', '1981-11-12 22:11:07');
INSERT INTO `posts_media` (`id`, `post_id`, `media_id`, `created_at`, `updated_at`) VALUES (44, 44, 44, '2005-03-25 14:13:58', '1984-02-22 15:11:54');
INSERT INTO `posts_media` (`id`, `post_id`, `media_id`, `created_at`, `updated_at`) VALUES (45, 45, 45, '1982-04-11 04:46:08', '2020-06-03 05:25:02');
INSERT INTO `posts_media` (`id`, `post_id`, `media_id`, `created_at`, `updated_at`) VALUES (46, 46, 46, '1988-10-07 00:37:47', '2015-02-15 08:36:33');
INSERT INTO `posts_media` (`id`, `post_id`, `media_id`, `created_at`, `updated_at`) VALUES (47, 47, 47, '1970-10-30 08:13:48', '2020-06-13 00:31:42');
INSERT INTO `posts_media` (`id`, `post_id`, `media_id`, `created_at`, `updated_at`) VALUES (48, 48, 48, '1990-06-01 07:32:35', '1996-07-12 13:19:27');
INSERT INTO `posts_media` (`id`, `post_id`, `media_id`, `created_at`, `updated_at`) VALUES (49, 49, 49, '1991-01-23 22:50:35', '1983-08-29 08:33:00');
INSERT INTO `posts_media` (`id`, `post_id`, `media_id`, `created_at`, `updated_at`) VALUES (50, 50, 50, '2000-02-24 06:04:39', '1995-07-15 02:04:12');
INSERT INTO `posts_media` (`id`, `post_id`, `media_id`, `created_at`, `updated_at`) VALUES (51, 51, 51, '1998-09-28 23:30:51', '1992-10-02 06:51:40');
INSERT INTO `posts_media` (`id`, `post_id`, `media_id`, `created_at`, `updated_at`) VALUES (52, 52, 52, '1978-03-29 03:11:06', '1977-12-20 06:05:36');
INSERT INTO `posts_media` (`id`, `post_id`, `media_id`, `created_at`, `updated_at`) VALUES (53, 53, 53, '2013-06-25 11:25:01', '2019-04-02 01:57:29');
INSERT INTO `posts_media` (`id`, `post_id`, `media_id`, `created_at`, `updated_at`) VALUES (54, 54, 54, '2015-05-10 12:50:55', '1994-08-12 01:42:55');
INSERT INTO `posts_media` (`id`, `post_id`, `media_id`, `created_at`, `updated_at`) VALUES (55, 55, 55, '1985-11-03 04:14:11', '2021-04-07 12:24:04');
INSERT INTO `posts_media` (`id`, `post_id`, `media_id`, `created_at`, `updated_at`) VALUES (56, 56, 56, '1994-01-29 18:49:36', '2006-10-29 11:01:54');
INSERT INTO `posts_media` (`id`, `post_id`, `media_id`, `created_at`, `updated_at`) VALUES (57, 57, 57, '1985-06-22 16:40:25', '1990-05-04 01:36:22');
INSERT INTO `posts_media` (`id`, `post_id`, `media_id`, `created_at`, `updated_at`) VALUES (58, 58, 58, '1975-10-26 01:15:44', '2015-10-05 03:03:49');
INSERT INTO `posts_media` (`id`, `post_id`, `media_id`, `created_at`, `updated_at`) VALUES (59, 59, 59, '1974-01-22 11:04:06', '2011-06-07 23:03:13');
INSERT INTO `posts_media` (`id`, `post_id`, `media_id`, `created_at`, `updated_at`) VALUES (60, 60, 60, '2011-10-30 19:55:50', '1977-09-07 04:23:31');
INSERT INTO `posts_media` (`id`, `post_id`, `media_id`, `created_at`, `updated_at`) VALUES (61, 61, 61, '2001-02-03 13:54:54', '2010-01-27 02:07:48');
INSERT INTO `posts_media` (`id`, `post_id`, `media_id`, `created_at`, `updated_at`) VALUES (62, 62, 62, '2000-04-07 11:34:59', '2012-08-19 07:41:19');
INSERT INTO `posts_media` (`id`, `post_id`, `media_id`, `created_at`, `updated_at`) VALUES (63, 63, 63, '2018-12-13 00:09:59', '1991-11-15 02:23:12');
INSERT INTO `posts_media` (`id`, `post_id`, `media_id`, `created_at`, `updated_at`) VALUES (64, 64, 64, '1985-03-25 04:18:29', '1985-10-29 20:38:47');
INSERT INTO `posts_media` (`id`, `post_id`, `media_id`, `created_at`, `updated_at`) VALUES (65, 65, 65, '2016-06-18 13:54:24', '1983-04-02 04:39:23');
INSERT INTO `posts_media` (`id`, `post_id`, `media_id`, `created_at`, `updated_at`) VALUES (66, 66, 66, '2015-12-18 07:45:26', '1990-04-05 08:12:50');
INSERT INTO `posts_media` (`id`, `post_id`, `media_id`, `created_at`, `updated_at`) VALUES (67, 67, 67, '2004-11-20 23:49:16', '2000-06-15 14:03:27');
INSERT INTO `posts_media` (`id`, `post_id`, `media_id`, `created_at`, `updated_at`) VALUES (68, 68, 68, '1980-08-02 15:49:35', '1997-01-29 06:43:16');
INSERT INTO `posts_media` (`id`, `post_id`, `media_id`, `created_at`, `updated_at`) VALUES (69, 69, 69, '2005-09-12 16:15:29', '1982-10-27 12:04:03');
INSERT INTO `posts_media` (`id`, `post_id`, `media_id`, `created_at`, `updated_at`) VALUES (70, 70, 70, '2006-01-22 04:45:40', '1975-04-12 05:51:39');
INSERT INTO `posts_media` (`id`, `post_id`, `media_id`, `created_at`, `updated_at`) VALUES (71, 71, 71, '2001-11-22 19:57:44', '1997-11-06 17:29:26');
INSERT INTO `posts_media` (`id`, `post_id`, `media_id`, `created_at`, `updated_at`) VALUES (72, 72, 72, '2003-09-01 00:53:57', '2008-05-22 09:41:36');
INSERT INTO `posts_media` (`id`, `post_id`, `media_id`, `created_at`, `updated_at`) VALUES (73, 73, 73, '2001-08-13 17:22:11', '1992-06-21 17:58:02');
INSERT INTO `posts_media` (`id`, `post_id`, `media_id`, `created_at`, `updated_at`) VALUES (74, 74, 74, '2000-01-11 03:49:32', '1976-07-11 01:35:53');
INSERT INTO `posts_media` (`id`, `post_id`, `media_id`, `created_at`, `updated_at`) VALUES (75, 75, 75, '2006-04-08 01:15:20', '1997-11-07 20:03:00');
INSERT INTO `posts_media` (`id`, `post_id`, `media_id`, `created_at`, `updated_at`) VALUES (76, 76, 76, '2014-11-01 20:41:04', '1972-12-24 01:48:29');
INSERT INTO `posts_media` (`id`, `post_id`, `media_id`, `created_at`, `updated_at`) VALUES (77, 77, 77, '2002-02-23 23:47:10', '1970-09-16 14:37:17');
INSERT INTO `posts_media` (`id`, `post_id`, `media_id`, `created_at`, `updated_at`) VALUES (78, 78, 78, '1992-04-04 06:55:16', '1977-09-05 08:26:34');
INSERT INTO `posts_media` (`id`, `post_id`, `media_id`, `created_at`, `updated_at`) VALUES (79, 79, 79, '2008-09-08 06:41:02', '2007-01-26 20:28:29');
INSERT INTO `posts_media` (`id`, `post_id`, `media_id`, `created_at`, `updated_at`) VALUES (80, 80, 80, '2003-12-25 10:28:17', '2009-11-17 08:30:32');
INSERT INTO `posts_media` (`id`, `post_id`, `media_id`, `created_at`, `updated_at`) VALUES (81, 81, 81, '1973-10-24 13:04:34', '2008-06-25 12:14:16');
INSERT INTO `posts_media` (`id`, `post_id`, `media_id`, `created_at`, `updated_at`) VALUES (82, 82, 82, '2021-12-08 01:58:28', '2021-04-28 04:14:35');
INSERT INTO `posts_media` (`id`, `post_id`, `media_id`, `created_at`, `updated_at`) VALUES (83, 83, 83, '1999-02-23 18:47:59', '1990-05-06 14:47:15');
INSERT INTO `posts_media` (`id`, `post_id`, `media_id`, `created_at`, `updated_at`) VALUES (84, 84, 84, '1982-12-16 08:56:23', '1987-06-24 13:11:56');
INSERT INTO `posts_media` (`id`, `post_id`, `media_id`, `created_at`, `updated_at`) VALUES (85, 85, 85, '1986-09-01 07:59:13', '1977-03-31 18:14:16');
INSERT INTO `posts_media` (`id`, `post_id`, `media_id`, `created_at`, `updated_at`) VALUES (86, 86, 86, '1999-05-30 04:31:36', '1985-07-19 23:04:57');
INSERT INTO `posts_media` (`id`, `post_id`, `media_id`, `created_at`, `updated_at`) VALUES (87, 87, 87, '1978-02-01 15:08:58', '1988-05-24 18:47:43');
INSERT INTO `posts_media` (`id`, `post_id`, `media_id`, `created_at`, `updated_at`) VALUES (88, 88, 88, '1996-07-04 08:38:54', '2001-12-22 21:03:53');
INSERT INTO `posts_media` (`id`, `post_id`, `media_id`, `created_at`, `updated_at`) VALUES (89, 89, 89, '1983-03-25 21:45:05', '1982-05-14 05:50:14');
INSERT INTO `posts_media` (`id`, `post_id`, `media_id`, `created_at`, `updated_at`) VALUES (90, 90, 90, '1973-08-24 05:04:43', '2002-04-19 19:00:25');
INSERT INTO `posts_media` (`id`, `post_id`, `media_id`, `created_at`, `updated_at`) VALUES (91, 91, 91, '2011-08-26 15:03:31', '2001-10-20 09:06:24');
INSERT INTO `posts_media` (`id`, `post_id`, `media_id`, `created_at`, `updated_at`) VALUES (92, 92, 92, '2014-11-25 02:19:25', '1988-01-05 07:41:26');
INSERT INTO `posts_media` (`id`, `post_id`, `media_id`, `created_at`, `updated_at`) VALUES (93, 93, 93, '1976-04-10 10:12:59', '1973-02-22 00:47:59');
INSERT INTO `posts_media` (`id`, `post_id`, `media_id`, `created_at`, `updated_at`) VALUES (94, 94, 94, '1991-01-18 22:56:29', '2010-10-01 05:40:28');
INSERT INTO `posts_media` (`id`, `post_id`, `media_id`, `created_at`, `updated_at`) VALUES (95, 95, 95, '1993-02-15 23:01:44', '2022-05-06 07:12:10');
INSERT INTO `posts_media` (`id`, `post_id`, `media_id`, `created_at`, `updated_at`) VALUES (96, 96, 96, '1970-06-16 03:41:58', '1990-04-21 00:54:54');
INSERT INTO `posts_media` (`id`, `post_id`, `media_id`, `created_at`, `updated_at`) VALUES (97, 97, 97, '1984-12-28 16:27:29', '1983-09-10 12:49:16');
INSERT INTO `posts_media` (`id`, `post_id`, `media_id`, `created_at`, `updated_at`) VALUES (98, 98, 98, '2016-04-27 03:52:03', '1989-01-27 15:59:40');
INSERT INTO `posts_media` (`id`, `post_id`, `media_id`, `created_at`, `updated_at`) VALUES (99, 99, 99, '2007-03-08 15:59:42', '2004-06-13 07:19:40');
INSERT INTO `posts_media` (`id`, `post_id`, `media_id`, `created_at`, `updated_at`) VALUES (100, 100, 100, '1998-06-30 04:09:09', '1989-05-04 14:16:56');

UPDATE posts_media SET
post_id = FLOOR(1 + RAND()*99.99),
media_id = FLOOR(1 + RAND()*99.99)
WHERE id > 0;

INSERT INTO `like_to_user` (`from_user_id`, `to_user_id`, `created_at`, `updated_at`) VALUES (1, 1, '2010-11-17 10:56:02', '1979-06-27 07:10:05');
INSERT INTO `like_to_user` (`from_user_id`, `to_user_id`, `created_at`, `updated_at`) VALUES (2, 2, '1980-04-26 06:35:08', '2003-12-16 00:36:09');
INSERT INTO `like_to_user` (`from_user_id`, `to_user_id`, `created_at`, `updated_at`) VALUES (3, 3, '2004-08-30 01:12:24', '1972-08-15 07:47:21');
INSERT INTO `like_to_user` (`from_user_id`, `to_user_id`, `created_at`, `updated_at`) VALUES (4, 4, '2012-11-19 00:55:52', '2020-10-09 19:51:14');
INSERT INTO `like_to_user` (`from_user_id`, `to_user_id`, `created_at`, `updated_at`) VALUES (5, 5, '2018-01-29 02:52:45', '2000-08-27 21:42:51');
INSERT INTO `like_to_user` (`from_user_id`, `to_user_id`, `created_at`, `updated_at`) VALUES (6, 6, '2016-11-18 17:29:10', '2009-04-06 11:29:52');
INSERT INTO `like_to_user` (`from_user_id`, `to_user_id`, `created_at`, `updated_at`) VALUES (7, 7, '2006-03-26 05:04:17', '1986-06-14 15:22:44');
INSERT INTO `like_to_user` (`from_user_id`, `to_user_id`, `created_at`, `updated_at`) VALUES (8, 8, '1970-09-15 04:25:41', '1997-10-29 11:01:49');
INSERT INTO `like_to_user` (`from_user_id`, `to_user_id`, `created_at`, `updated_at`) VALUES (9, 9, '1982-04-14 10:21:15', '1993-08-13 20:04:47');
INSERT INTO `like_to_user` (`from_user_id`, `to_user_id`, `created_at`, `updated_at`) VALUES (10, 10, '1999-11-08 22:58:19', '2007-01-29 15:23:53');
INSERT INTO `like_to_user` (`from_user_id`, `to_user_id`, `created_at`, `updated_at`) VALUES (11, 11, '2016-08-02 06:55:34', '2005-07-19 15:56:18');
INSERT INTO `like_to_user` (`from_user_id`, `to_user_id`, `created_at`, `updated_at`) VALUES (12, 12, '1986-07-24 03:36:00', '2009-07-02 10:58:21');
INSERT INTO `like_to_user` (`from_user_id`, `to_user_id`, `created_at`, `updated_at`) VALUES (13, 13, '1993-10-21 07:15:22', '2019-12-19 14:16:40');
INSERT INTO `like_to_user` (`from_user_id`, `to_user_id`, `created_at`, `updated_at`) VALUES (14, 14, '1973-03-31 19:44:41', '1978-10-24 17:25:05');
INSERT INTO `like_to_user` (`from_user_id`, `to_user_id`, `created_at`, `updated_at`) VALUES (15, 15, '2011-09-13 00:35:03', '1998-05-16 09:40:50');
INSERT INTO `like_to_user` (`from_user_id`, `to_user_id`, `created_at`, `updated_at`) VALUES (16, 16, '1978-09-11 20:40:05', '2015-09-16 07:27:30');
INSERT INTO `like_to_user` (`from_user_id`, `to_user_id`, `created_at`, `updated_at`) VALUES (17, 17, '1977-10-06 20:00:15', '2001-07-01 11:28:41');
INSERT INTO `like_to_user` (`from_user_id`, `to_user_id`, `created_at`, `updated_at`) VALUES (18, 18, '2005-02-18 09:48:03', '1971-03-21 04:46:36');
INSERT INTO `like_to_user` (`from_user_id`, `to_user_id`, `created_at`, `updated_at`) VALUES (19, 19, '1984-12-25 06:20:24', '1984-03-21 04:15:09');
INSERT INTO `like_to_user` (`from_user_id`, `to_user_id`, `created_at`, `updated_at`) VALUES (20, 20, '1989-11-07 02:22:55', '1986-05-07 18:36:20');
INSERT INTO `like_to_user` (`from_user_id`, `to_user_id`, `created_at`, `updated_at`) VALUES (21, 21, '2020-11-19 21:42:53', '2020-09-25 10:19:15');
INSERT INTO `like_to_user` (`from_user_id`, `to_user_id`, `created_at`, `updated_at`) VALUES (22, 22, '2017-02-01 01:07:12', '1980-09-27 19:48:54');
INSERT INTO `like_to_user` (`from_user_id`, `to_user_id`, `created_at`, `updated_at`) VALUES (23, 23, '2005-12-17 16:49:09', '2021-10-14 05:40:33');
INSERT INTO `like_to_user` (`from_user_id`, `to_user_id`, `created_at`, `updated_at`) VALUES (24, 24, '1998-07-28 00:08:12', '1999-06-01 18:35:34');
INSERT INTO `like_to_user` (`from_user_id`, `to_user_id`, `created_at`, `updated_at`) VALUES (25, 25, '1992-02-13 08:04:44', '2004-03-07 10:17:56');
INSERT INTO `like_to_user` (`from_user_id`, `to_user_id`, `created_at`, `updated_at`) VALUES (26, 26, '2007-04-18 09:53:11', '1987-07-01 07:40:23');
INSERT INTO `like_to_user` (`from_user_id`, `to_user_id`, `created_at`, `updated_at`) VALUES (27, 27, '1994-11-08 09:28:36', '1984-03-28 21:40:36');
INSERT INTO `like_to_user` (`from_user_id`, `to_user_id`, `created_at`, `updated_at`) VALUES (28, 28, '1978-08-29 16:17:17', '1971-03-25 03:31:39');
INSERT INTO `like_to_user` (`from_user_id`, `to_user_id`, `created_at`, `updated_at`) VALUES (29, 29, '2019-12-26 03:22:16', '1973-05-01 18:42:12');
INSERT INTO `like_to_user` (`from_user_id`, `to_user_id`, `created_at`, `updated_at`) VALUES (30, 30, '1992-05-12 17:23:39', '1972-03-04 21:30:40');
INSERT INTO `like_to_user` (`from_user_id`, `to_user_id`, `created_at`, `updated_at`) VALUES (31, 31, '2003-12-23 08:01:10', '2012-03-25 18:44:12');
INSERT INTO `like_to_user` (`from_user_id`, `to_user_id`, `created_at`, `updated_at`) VALUES (32, 32, '1973-08-05 21:26:47', '2017-03-31 16:50:51');
INSERT INTO `like_to_user` (`from_user_id`, `to_user_id`, `created_at`, `updated_at`) VALUES (33, 33, '2014-01-25 20:48:25', '2003-04-12 11:33:04');
INSERT INTO `like_to_user` (`from_user_id`, `to_user_id`, `created_at`, `updated_at`) VALUES (34, 34, '1977-08-26 04:30:04', '1998-01-10 17:25:46');
INSERT INTO `like_to_user` (`from_user_id`, `to_user_id`, `created_at`, `updated_at`) VALUES (35, 35, '2016-09-08 05:30:29', '1989-02-28 04:10:16');
INSERT INTO `like_to_user` (`from_user_id`, `to_user_id`, `created_at`, `updated_at`) VALUES (36, 36, '2002-12-24 19:42:51', '2018-04-26 18:48:54');
INSERT INTO `like_to_user` (`from_user_id`, `to_user_id`, `created_at`, `updated_at`) VALUES (37, 37, '2006-03-11 11:46:27', '1982-01-29 11:17:28');
INSERT INTO `like_to_user` (`from_user_id`, `to_user_id`, `created_at`, `updated_at`) VALUES (38, 38, '1995-05-06 19:30:59', '1979-07-12 15:57:45');
INSERT INTO `like_to_user` (`from_user_id`, `to_user_id`, `created_at`, `updated_at`) VALUES (39, 39, '1971-11-18 22:35:27', '1999-06-14 04:14:51');
INSERT INTO `like_to_user` (`from_user_id`, `to_user_id`, `created_at`, `updated_at`) VALUES (40, 40, '2015-02-21 01:58:44', '1974-09-30 21:05:53');
INSERT INTO `like_to_user` (`from_user_id`, `to_user_id`, `created_at`, `updated_at`) VALUES (41, 41, '2003-12-22 13:12:18', '2010-05-18 10:27:36');
INSERT INTO `like_to_user` (`from_user_id`, `to_user_id`, `created_at`, `updated_at`) VALUES (42, 42, '2010-03-10 17:18:55', '1970-03-16 21:03:18');
INSERT INTO `like_to_user` (`from_user_id`, `to_user_id`, `created_at`, `updated_at`) VALUES (43, 43, '2017-03-03 11:21:01', '1993-12-09 04:31:38');
INSERT INTO `like_to_user` (`from_user_id`, `to_user_id`, `created_at`, `updated_at`) VALUES (44, 44, '2009-08-30 08:48:17', '2019-04-19 22:07:56');
INSERT INTO `like_to_user` (`from_user_id`, `to_user_id`, `created_at`, `updated_at`) VALUES (45, 45, '1979-09-13 23:41:43', '2003-04-09 06:07:08');
INSERT INTO `like_to_user` (`from_user_id`, `to_user_id`, `created_at`, `updated_at`) VALUES (46, 46, '2007-04-05 16:33:42', '1983-10-08 13:50:27');
INSERT INTO `like_to_user` (`from_user_id`, `to_user_id`, `created_at`, `updated_at`) VALUES (47, 47, '2001-01-22 15:48:16', '2015-12-01 10:27:28');
INSERT INTO `like_to_user` (`from_user_id`, `to_user_id`, `created_at`, `updated_at`) VALUES (48, 48, '1971-04-13 18:55:41', '2004-06-26 19:54:17');
INSERT INTO `like_to_user` (`from_user_id`, `to_user_id`, `created_at`, `updated_at`) VALUES (49, 49, '1982-10-26 23:40:51', '2005-12-12 11:25:26');
INSERT INTO `like_to_user` (`from_user_id`, `to_user_id`, `created_at`, `updated_at`) VALUES (50, 50, '2007-12-09 23:54:16', '1998-11-07 14:08:08');
INSERT INTO `like_to_user` (`from_user_id`, `to_user_id`, `created_at`, `updated_at`) VALUES (51, 51, '1988-08-17 22:42:26', '1981-12-01 17:42:42');
INSERT INTO `like_to_user` (`from_user_id`, `to_user_id`, `created_at`, `updated_at`) VALUES (52, 52, '1999-06-14 10:23:09', '2005-07-11 15:17:16');
INSERT INTO `like_to_user` (`from_user_id`, `to_user_id`, `created_at`, `updated_at`) VALUES (53, 53, '2007-03-19 00:06:56', '1993-04-20 02:36:49');
INSERT INTO `like_to_user` (`from_user_id`, `to_user_id`, `created_at`, `updated_at`) VALUES (54, 54, '2006-06-17 08:58:25', '2016-06-08 11:28:00');
INSERT INTO `like_to_user` (`from_user_id`, `to_user_id`, `created_at`, `updated_at`) VALUES (55, 55, '1994-02-04 16:48:47', '2008-12-09 06:42:24');
INSERT INTO `like_to_user` (`from_user_id`, `to_user_id`, `created_at`, `updated_at`) VALUES (56, 56, '1992-02-26 14:56:28', '1980-05-16 18:42:43');
INSERT INTO `like_to_user` (`from_user_id`, `to_user_id`, `created_at`, `updated_at`) VALUES (57, 57, '1972-11-04 18:57:10', '1984-06-01 10:31:07');
INSERT INTO `like_to_user` (`from_user_id`, `to_user_id`, `created_at`, `updated_at`) VALUES (58, 58, '1996-07-07 11:57:13', '1974-07-07 23:12:41');
INSERT INTO `like_to_user` (`from_user_id`, `to_user_id`, `created_at`, `updated_at`) VALUES (59, 59, '2016-03-05 11:36:00', '1976-10-28 17:25:58');
INSERT INTO `like_to_user` (`from_user_id`, `to_user_id`, `created_at`, `updated_at`) VALUES (60, 60, '2013-04-16 16:05:43', '2016-01-29 09:18:50');
INSERT INTO `like_to_user` (`from_user_id`, `to_user_id`, `created_at`, `updated_at`) VALUES (61, 61, '1999-05-05 06:01:10', '1970-01-20 17:51:24');
INSERT INTO `like_to_user` (`from_user_id`, `to_user_id`, `created_at`, `updated_at`) VALUES (62, 62, '1971-11-28 03:31:28', '1995-12-12 16:07:24');
INSERT INTO `like_to_user` (`from_user_id`, `to_user_id`, `created_at`, `updated_at`) VALUES (63, 63, '1990-05-24 02:38:57', '2009-08-14 07:30:09');
INSERT INTO `like_to_user` (`from_user_id`, `to_user_id`, `created_at`, `updated_at`) VALUES (64, 64, '2001-11-04 21:09:14', '1988-06-16 02:54:12');
INSERT INTO `like_to_user` (`from_user_id`, `to_user_id`, `created_at`, `updated_at`) VALUES (65, 65, '1978-01-30 09:53:19', '2008-04-10 22:22:55');
INSERT INTO `like_to_user` (`from_user_id`, `to_user_id`, `created_at`, `updated_at`) VALUES (66, 66, '2000-07-09 15:16:07', '2013-09-30 08:55:35');
INSERT INTO `like_to_user` (`from_user_id`, `to_user_id`, `created_at`, `updated_at`) VALUES (67, 67, '1994-02-22 16:10:26', '1971-06-06 23:33:28');
INSERT INTO `like_to_user` (`from_user_id`, `to_user_id`, `created_at`, `updated_at`) VALUES (68, 68, '2009-08-04 10:34:15', '2015-09-17 01:03:31');
INSERT INTO `like_to_user` (`from_user_id`, `to_user_id`, `created_at`, `updated_at`) VALUES (69, 69, '1996-11-01 16:35:02', '1979-02-24 21:32:04');
INSERT INTO `like_to_user` (`from_user_id`, `to_user_id`, `created_at`, `updated_at`) VALUES (70, 70, '1998-11-02 11:55:04', '1985-10-05 16:33:10');
INSERT INTO `like_to_user` (`from_user_id`, `to_user_id`, `created_at`, `updated_at`) VALUES (71, 71, '1979-07-24 20:35:58', '1984-05-05 16:53:11');
INSERT INTO `like_to_user` (`from_user_id`, `to_user_id`, `created_at`, `updated_at`) VALUES (72, 72, '1998-01-24 03:57:39', '2017-02-03 05:27:01');
INSERT INTO `like_to_user` (`from_user_id`, `to_user_id`, `created_at`, `updated_at`) VALUES (73, 73, '1974-07-29 07:12:27', '1980-07-18 07:38:06');
INSERT INTO `like_to_user` (`from_user_id`, `to_user_id`, `created_at`, `updated_at`) VALUES (74, 74, '2021-03-21 17:40:38', '1998-08-18 04:39:42');
INSERT INTO `like_to_user` (`from_user_id`, `to_user_id`, `created_at`, `updated_at`) VALUES (75, 75, '2020-03-28 01:11:43', '2001-10-03 18:45:55');
INSERT INTO `like_to_user` (`from_user_id`, `to_user_id`, `created_at`, `updated_at`) VALUES (76, 76, '1992-05-07 01:01:12', '1989-04-24 14:32:33');
INSERT INTO `like_to_user` (`from_user_id`, `to_user_id`, `created_at`, `updated_at`) VALUES (77, 77, '1983-10-24 08:07:57', '1998-01-23 23:31:20');
INSERT INTO `like_to_user` (`from_user_id`, `to_user_id`, `created_at`, `updated_at`) VALUES (78, 78, '1997-10-14 18:41:44', '2018-09-18 12:38:14');
INSERT INTO `like_to_user` (`from_user_id`, `to_user_id`, `created_at`, `updated_at`) VALUES (79, 79, '2013-07-19 10:25:50', '1986-12-13 02:25:57');
INSERT INTO `like_to_user` (`from_user_id`, `to_user_id`, `created_at`, `updated_at`) VALUES (80, 80, '1981-03-03 00:37:01', '2013-11-21 12:03:38');
INSERT INTO `like_to_user` (`from_user_id`, `to_user_id`, `created_at`, `updated_at`) VALUES (81, 81, '2006-06-21 16:02:37', '1986-09-02 18:30:42');
INSERT INTO `like_to_user` (`from_user_id`, `to_user_id`, `created_at`, `updated_at`) VALUES (82, 82, '2010-03-21 20:30:37', '1982-10-26 07:26:37');
INSERT INTO `like_to_user` (`from_user_id`, `to_user_id`, `created_at`, `updated_at`) VALUES (83, 83, '2002-09-30 02:32:05', '2002-12-18 04:21:51');
INSERT INTO `like_to_user` (`from_user_id`, `to_user_id`, `created_at`, `updated_at`) VALUES (84, 84, '2016-12-16 15:31:12', '1973-11-05 21:35:29');
INSERT INTO `like_to_user` (`from_user_id`, `to_user_id`, `created_at`, `updated_at`) VALUES (85, 85, '1986-03-05 02:36:56', '1986-01-07 03:55:27');
INSERT INTO `like_to_user` (`from_user_id`, `to_user_id`, `created_at`, `updated_at`) VALUES (86, 86, '1971-09-25 16:42:52', '1985-03-09 05:12:33');
INSERT INTO `like_to_user` (`from_user_id`, `to_user_id`, `created_at`, `updated_at`) VALUES (87, 87, '1970-06-20 23:28:01', '2009-08-04 08:08:41');
INSERT INTO `like_to_user` (`from_user_id`, `to_user_id`, `created_at`, `updated_at`) VALUES (88, 88, '1996-12-21 05:09:36', '2004-02-16 19:41:46');
INSERT INTO `like_to_user` (`from_user_id`, `to_user_id`, `created_at`, `updated_at`) VALUES (89, 89, '2001-11-11 14:10:07', '2006-10-16 10:52:20');
INSERT INTO `like_to_user` (`from_user_id`, `to_user_id`, `created_at`, `updated_at`) VALUES (90, 90, '2006-04-05 14:43:29', '1988-05-24 18:22:21');
INSERT INTO `like_to_user` (`from_user_id`, `to_user_id`, `created_at`, `updated_at`) VALUES (91, 91, '1983-08-09 19:38:22', '2001-04-04 03:18:25');
INSERT INTO `like_to_user` (`from_user_id`, `to_user_id`, `created_at`, `updated_at`) VALUES (92, 92, '1991-08-30 22:21:08', '1972-06-28 12:23:04');
INSERT INTO `like_to_user` (`from_user_id`, `to_user_id`, `created_at`, `updated_at`) VALUES (93, 93, '1979-03-15 11:18:58', '1987-11-05 15:49:47');
INSERT INTO `like_to_user` (`from_user_id`, `to_user_id`, `created_at`, `updated_at`) VALUES (94, 94, '1978-07-11 15:31:06', '1992-08-24 11:59:35');
INSERT INTO `like_to_user` (`from_user_id`, `to_user_id`, `created_at`, `updated_at`) VALUES (95, 95, '2003-07-07 07:57:25', '1985-03-14 16:09:46');
INSERT INTO `like_to_user` (`from_user_id`, `to_user_id`, `created_at`, `updated_at`) VALUES (96, 96, '2007-06-11 14:50:56', '1988-10-21 02:44:17');
INSERT INTO `like_to_user` (`from_user_id`, `to_user_id`, `created_at`, `updated_at`) VALUES (97, 97, '2009-03-04 04:42:57', '1978-01-31 20:07:24');
INSERT INTO `like_to_user` (`from_user_id`, `to_user_id`, `created_at`, `updated_at`) VALUES (98, 98, '1988-12-14 15:45:25', '1974-02-11 03:25:40');
INSERT INTO `like_to_user` (`from_user_id`, `to_user_id`, `created_at`, `updated_at`) VALUES (99, 99, '1973-01-22 14:32:16', '2021-01-26 13:53:57');
INSERT INTO `like_to_user` (`from_user_id`, `to_user_id`, `created_at`, `updated_at`) VALUES (100, 100, '1988-09-16 08:50:50', '2004-06-26 17:11:16');

UPDATE like_to_user SET
to_user_id = FLOOR(1 + RAND()*99.99)
WHERE from_user_id > 0;

INSERT INTO `like_to_media` (`from_user_id`, `media_id`, `created_at`, `updated_at`) VALUES (1, 1, '1997-06-29 19:23:57', '2013-04-16 09:26:19');
INSERT INTO `like_to_media` (`from_user_id`, `media_id`, `created_at`, `updated_at`) VALUES (2, 2, '1992-04-01 20:25:58', '1997-12-27 06:26:12');
INSERT INTO `like_to_media` (`from_user_id`, `media_id`, `created_at`, `updated_at`) VALUES (3, 3, '1996-09-13 18:44:45', '1998-12-17 19:47:35');
INSERT INTO `like_to_media` (`from_user_id`, `media_id`, `created_at`, `updated_at`) VALUES (4, 4, '2001-06-16 13:50:51', '2021-05-10 03:17:29');
INSERT INTO `like_to_media` (`from_user_id`, `media_id`, `created_at`, `updated_at`) VALUES (5, 5, '2013-12-29 16:33:14', '1980-03-29 08:33:01');
INSERT INTO `like_to_media` (`from_user_id`, `media_id`, `created_at`, `updated_at`) VALUES (6, 6, '1994-02-16 08:48:18', '1998-05-25 02:12:00');
INSERT INTO `like_to_media` (`from_user_id`, `media_id`, `created_at`, `updated_at`) VALUES (7, 7, '2019-09-14 10:38:09', '2021-11-09 09:38:07');
INSERT INTO `like_to_media` (`from_user_id`, `media_id`, `created_at`, `updated_at`) VALUES (8, 8, '1976-07-29 19:25:00', '1973-09-30 17:29:01');
INSERT INTO `like_to_media` (`from_user_id`, `media_id`, `created_at`, `updated_at`) VALUES (9, 9, '1995-01-31 21:51:15', '1975-07-17 21:13:23');
INSERT INTO `like_to_media` (`from_user_id`, `media_id`, `created_at`, `updated_at`) VALUES (10, 10, '1979-08-09 06:48:53', '1982-04-25 11:50:30');
INSERT INTO `like_to_media` (`from_user_id`, `media_id`, `created_at`, `updated_at`) VALUES (11, 11, '2013-03-06 20:19:45', '1977-08-29 11:45:50');
INSERT INTO `like_to_media` (`from_user_id`, `media_id`, `created_at`, `updated_at`) VALUES (12, 12, '1971-10-19 05:19:24', '1993-12-01 08:29:15');
INSERT INTO `like_to_media` (`from_user_id`, `media_id`, `created_at`, `updated_at`) VALUES (13, 13, '2006-04-09 23:41:15', '2013-01-10 03:56:06');
INSERT INTO `like_to_media` (`from_user_id`, `media_id`, `created_at`, `updated_at`) VALUES (14, 14, '2014-08-10 12:20:39', '2018-09-28 04:56:09');
INSERT INTO `like_to_media` (`from_user_id`, `media_id`, `created_at`, `updated_at`) VALUES (15, 15, '1988-02-17 06:24:11', '1983-10-05 23:49:04');
INSERT INTO `like_to_media` (`from_user_id`, `media_id`, `created_at`, `updated_at`) VALUES (16, 16, '1991-03-31 02:18:03', '1983-05-21 13:27:41');
INSERT INTO `like_to_media` (`from_user_id`, `media_id`, `created_at`, `updated_at`) VALUES (17, 17, '2006-08-26 18:15:46', '1982-05-25 14:34:56');
INSERT INTO `like_to_media` (`from_user_id`, `media_id`, `created_at`, `updated_at`) VALUES (18, 18, '2021-10-25 21:02:37', '1987-06-18 16:34:41');
INSERT INTO `like_to_media` (`from_user_id`, `media_id`, `created_at`, `updated_at`) VALUES (19, 19, '1977-01-31 18:30:33', '1970-12-08 00:54:37');
INSERT INTO `like_to_media` (`from_user_id`, `media_id`, `created_at`, `updated_at`) VALUES (20, 20, '1991-03-16 06:09:40', '1987-05-16 02:12:50');
INSERT INTO `like_to_media` (`from_user_id`, `media_id`, `created_at`, `updated_at`) VALUES (21, 21, '1983-03-15 12:41:30', '2001-03-29 15:55:45');
INSERT INTO `like_to_media` (`from_user_id`, `media_id`, `created_at`, `updated_at`) VALUES (22, 22, '1972-06-13 13:58:46', '1998-12-29 19:51:06');
INSERT INTO `like_to_media` (`from_user_id`, `media_id`, `created_at`, `updated_at`) VALUES (23, 23, '1990-02-25 11:36:26', '1993-03-24 16:30:23');
INSERT INTO `like_to_media` (`from_user_id`, `media_id`, `created_at`, `updated_at`) VALUES (24, 24, '1996-05-16 09:04:44', '2022-04-21 15:24:23');
INSERT INTO `like_to_media` (`from_user_id`, `media_id`, `created_at`, `updated_at`) VALUES (25, 25, '2018-06-24 14:36:27', '1997-11-17 04:50:17');
INSERT INTO `like_to_media` (`from_user_id`, `media_id`, `created_at`, `updated_at`) VALUES (26, 26, '2003-03-13 22:49:45', '1971-05-19 01:10:14');
INSERT INTO `like_to_media` (`from_user_id`, `media_id`, `created_at`, `updated_at`) VALUES (27, 27, '1974-11-30 22:24:42', '1981-06-15 22:40:34');
INSERT INTO `like_to_media` (`from_user_id`, `media_id`, `created_at`, `updated_at`) VALUES (28, 28, '1983-10-10 10:39:26', '2007-10-07 18:50:28');
INSERT INTO `like_to_media` (`from_user_id`, `media_id`, `created_at`, `updated_at`) VALUES (29, 29, '1986-12-20 18:23:45', '2007-10-10 10:17:52');
INSERT INTO `like_to_media` (`from_user_id`, `media_id`, `created_at`, `updated_at`) VALUES (30, 30, '1974-04-27 13:17:11', '2007-03-02 11:10:08');
INSERT INTO `like_to_media` (`from_user_id`, `media_id`, `created_at`, `updated_at`) VALUES (31, 31, '1994-11-07 05:00:33', '1975-10-18 13:28:02');
INSERT INTO `like_to_media` (`from_user_id`, `media_id`, `created_at`, `updated_at`) VALUES (32, 32, '1975-09-17 18:43:06', '1999-01-07 17:01:04');
INSERT INTO `like_to_media` (`from_user_id`, `media_id`, `created_at`, `updated_at`) VALUES (33, 33, '1993-02-01 08:23:42', '1972-01-21 03:58:40');
INSERT INTO `like_to_media` (`from_user_id`, `media_id`, `created_at`, `updated_at`) VALUES (34, 34, '2006-01-25 19:54:08', '2007-08-09 10:52:58');
INSERT INTO `like_to_media` (`from_user_id`, `media_id`, `created_at`, `updated_at`) VALUES (35, 35, '2007-04-11 04:30:16', '2006-07-25 03:42:51');
INSERT INTO `like_to_media` (`from_user_id`, `media_id`, `created_at`, `updated_at`) VALUES (36, 36, '2009-01-15 23:39:31', '2014-10-15 02:56:23');
INSERT INTO `like_to_media` (`from_user_id`, `media_id`, `created_at`, `updated_at`) VALUES (37, 37, '2003-11-05 21:39:45', '1981-01-19 20:46:48');
INSERT INTO `like_to_media` (`from_user_id`, `media_id`, `created_at`, `updated_at`) VALUES (38, 38, '2000-09-03 16:45:56', '1988-05-14 18:37:21');
INSERT INTO `like_to_media` (`from_user_id`, `media_id`, `created_at`, `updated_at`) VALUES (39, 39, '2006-07-11 05:02:46', '1993-07-05 05:59:40');
INSERT INTO `like_to_media` (`from_user_id`, `media_id`, `created_at`, `updated_at`) VALUES (40, 40, '1986-10-10 04:36:37', '1984-11-07 19:08:03');
INSERT INTO `like_to_media` (`from_user_id`, `media_id`, `created_at`, `updated_at`) VALUES (41, 41, '2006-03-26 15:23:16', '1989-01-18 13:45:52');
INSERT INTO `like_to_media` (`from_user_id`, `media_id`, `created_at`, `updated_at`) VALUES (42, 42, '2007-09-27 16:38:25', '2015-11-09 18:39:43');
INSERT INTO `like_to_media` (`from_user_id`, `media_id`, `created_at`, `updated_at`) VALUES (43, 43, '2017-03-31 03:50:17', '1973-05-24 04:55:27');
INSERT INTO `like_to_media` (`from_user_id`, `media_id`, `created_at`, `updated_at`) VALUES (44, 44, '1977-01-23 00:39:43', '1998-02-26 15:31:17');
INSERT INTO `like_to_media` (`from_user_id`, `media_id`, `created_at`, `updated_at`) VALUES (45, 45, '1998-09-25 03:51:49', '2000-02-05 21:38:52');
INSERT INTO `like_to_media` (`from_user_id`, `media_id`, `created_at`, `updated_at`) VALUES (46, 46, '2004-05-25 10:53:12', '1989-01-28 09:45:03');
INSERT INTO `like_to_media` (`from_user_id`, `media_id`, `created_at`, `updated_at`) VALUES (47, 47, '1977-01-05 05:45:11', '1991-05-14 19:37:34');
INSERT INTO `like_to_media` (`from_user_id`, `media_id`, `created_at`, `updated_at`) VALUES (48, 48, '1984-06-02 10:09:11', '1979-01-29 03:23:35');
INSERT INTO `like_to_media` (`from_user_id`, `media_id`, `created_at`, `updated_at`) VALUES (49, 49, '2003-06-06 03:10:05', '2018-09-17 12:27:25');
INSERT INTO `like_to_media` (`from_user_id`, `media_id`, `created_at`, `updated_at`) VALUES (50, 50, '1992-12-17 13:52:50', '2010-02-02 08:02:52');
INSERT INTO `like_to_media` (`from_user_id`, `media_id`, `created_at`, `updated_at`) VALUES (51, 51, '2013-02-02 12:40:30', '1996-08-08 09:10:09');
INSERT INTO `like_to_media` (`from_user_id`, `media_id`, `created_at`, `updated_at`) VALUES (52, 52, '1993-10-12 16:50:49', '2015-05-24 19:03:33');
INSERT INTO `like_to_media` (`from_user_id`, `media_id`, `created_at`, `updated_at`) VALUES (53, 53, '2003-12-30 10:28:01', '2002-01-01 11:33:06');
INSERT INTO `like_to_media` (`from_user_id`, `media_id`, `created_at`, `updated_at`) VALUES (54, 54, '2014-04-25 08:22:02', '2010-01-18 13:54:41');
INSERT INTO `like_to_media` (`from_user_id`, `media_id`, `created_at`, `updated_at`) VALUES (55, 55, '2016-06-12 04:42:17', '1975-10-25 19:12:29');
INSERT INTO `like_to_media` (`from_user_id`, `media_id`, `created_at`, `updated_at`) VALUES (56, 56, '2017-09-01 20:15:18', '1996-12-18 07:54:17');
INSERT INTO `like_to_media` (`from_user_id`, `media_id`, `created_at`, `updated_at`) VALUES (57, 57, '1998-12-19 04:45:21', '2021-05-09 17:55:15');
INSERT INTO `like_to_media` (`from_user_id`, `media_id`, `created_at`, `updated_at`) VALUES (58, 58, '1980-08-24 08:25:29', '1999-10-18 08:42:48');
INSERT INTO `like_to_media` (`from_user_id`, `media_id`, `created_at`, `updated_at`) VALUES (59, 59, '2001-08-13 17:17:43', '1979-07-08 16:36:26');
INSERT INTO `like_to_media` (`from_user_id`, `media_id`, `created_at`, `updated_at`) VALUES (60, 60, '2010-10-19 06:52:25', '1972-09-11 20:14:12');
INSERT INTO `like_to_media` (`from_user_id`, `media_id`, `created_at`, `updated_at`) VALUES (61, 61, '1977-08-11 00:17:49', '1982-04-07 20:04:28');
INSERT INTO `like_to_media` (`from_user_id`, `media_id`, `created_at`, `updated_at`) VALUES (62, 62, '2010-01-09 18:10:51', '1980-03-16 10:53:19');
INSERT INTO `like_to_media` (`from_user_id`, `media_id`, `created_at`, `updated_at`) VALUES (63, 63, '1984-07-28 03:58:53', '1994-01-18 13:41:16');
INSERT INTO `like_to_media` (`from_user_id`, `media_id`, `created_at`, `updated_at`) VALUES (64, 64, '2002-11-16 07:37:59', '2000-03-03 21:33:37');
INSERT INTO `like_to_media` (`from_user_id`, `media_id`, `created_at`, `updated_at`) VALUES (65, 65, '2018-04-11 16:17:14', '1995-12-22 22:11:04');
INSERT INTO `like_to_media` (`from_user_id`, `media_id`, `created_at`, `updated_at`) VALUES (66, 66, '1972-11-28 03:09:56', '2017-01-19 08:48:24');
INSERT INTO `like_to_media` (`from_user_id`, `media_id`, `created_at`, `updated_at`) VALUES (67, 67, '1993-10-30 01:29:46', '1991-10-04 23:17:55');
INSERT INTO `like_to_media` (`from_user_id`, `media_id`, `created_at`, `updated_at`) VALUES (68, 68, '2001-09-30 21:03:35', '1981-02-03 19:01:31');
INSERT INTO `like_to_media` (`from_user_id`, `media_id`, `created_at`, `updated_at`) VALUES (69, 69, '1983-06-10 23:38:47', '1984-08-07 17:21:14');
INSERT INTO `like_to_media` (`from_user_id`, `media_id`, `created_at`, `updated_at`) VALUES (70, 70, '1985-12-30 01:45:47', '2006-04-27 14:30:56');
INSERT INTO `like_to_media` (`from_user_id`, `media_id`, `created_at`, `updated_at`) VALUES (71, 71, '2003-09-01 22:24:53', '2008-10-18 18:21:59');
INSERT INTO `like_to_media` (`from_user_id`, `media_id`, `created_at`, `updated_at`) VALUES (72, 72, '1977-05-14 09:05:43', '1987-05-31 23:34:13');
INSERT INTO `like_to_media` (`from_user_id`, `media_id`, `created_at`, `updated_at`) VALUES (73, 73, '1987-05-26 14:47:29', '1980-11-12 00:32:01');
INSERT INTO `like_to_media` (`from_user_id`, `media_id`, `created_at`, `updated_at`) VALUES (74, 74, '1978-11-01 22:10:55', '2007-08-23 12:51:40');
INSERT INTO `like_to_media` (`from_user_id`, `media_id`, `created_at`, `updated_at`) VALUES (75, 75, '2007-01-26 11:41:17', '1987-01-09 20:26:15');
INSERT INTO `like_to_media` (`from_user_id`, `media_id`, `created_at`, `updated_at`) VALUES (76, 76, '1972-07-04 08:18:54', '2006-04-05 11:08:47');
INSERT INTO `like_to_media` (`from_user_id`, `media_id`, `created_at`, `updated_at`) VALUES (77, 77, '1984-07-31 20:06:05', '1971-11-21 05:46:32');
INSERT INTO `like_to_media` (`from_user_id`, `media_id`, `created_at`, `updated_at`) VALUES (78, 78, '1981-03-17 19:45:33', '1974-06-26 18:33:48');
INSERT INTO `like_to_media` (`from_user_id`, `media_id`, `created_at`, `updated_at`) VALUES (79, 79, '1992-07-11 23:28:34', '1997-09-07 00:18:52');
INSERT INTO `like_to_media` (`from_user_id`, `media_id`, `created_at`, `updated_at`) VALUES (80, 80, '2019-05-17 05:07:26', '1991-06-24 15:48:30');
INSERT INTO `like_to_media` (`from_user_id`, `media_id`, `created_at`, `updated_at`) VALUES (81, 81, '2016-07-14 09:31:59', '2019-05-30 16:07:42');
INSERT INTO `like_to_media` (`from_user_id`, `media_id`, `created_at`, `updated_at`) VALUES (82, 82, '2002-09-11 09:16:02', '1981-10-21 13:20:16');
INSERT INTO `like_to_media` (`from_user_id`, `media_id`, `created_at`, `updated_at`) VALUES (83, 83, '2016-06-15 16:18:05', '1984-11-18 13:02:56');
INSERT INTO `like_to_media` (`from_user_id`, `media_id`, `created_at`, `updated_at`) VALUES (84, 84, '2010-08-22 20:52:47', '2008-04-09 09:35:15');
INSERT INTO `like_to_media` (`from_user_id`, `media_id`, `created_at`, `updated_at`) VALUES (85, 85, '1995-04-26 07:59:57', '1972-10-09 01:47:26');
INSERT INTO `like_to_media` (`from_user_id`, `media_id`, `created_at`, `updated_at`) VALUES (86, 86, '2015-12-16 06:56:12', '1975-02-12 18:54:42');
INSERT INTO `like_to_media` (`from_user_id`, `media_id`, `created_at`, `updated_at`) VALUES (87, 87, '2005-02-07 15:14:46', '2016-04-29 09:58:39');
INSERT INTO `like_to_media` (`from_user_id`, `media_id`, `created_at`, `updated_at`) VALUES (88, 88, '1982-03-26 02:22:48', '1980-08-06 13:49:00');
INSERT INTO `like_to_media` (`from_user_id`, `media_id`, `created_at`, `updated_at`) VALUES (89, 89, '2022-04-21 01:05:53', '1973-04-29 03:05:50');
INSERT INTO `like_to_media` (`from_user_id`, `media_id`, `created_at`, `updated_at`) VALUES (90, 90, '1976-12-28 12:18:53', '2007-03-19 15:50:57');
INSERT INTO `like_to_media` (`from_user_id`, `media_id`, `created_at`, `updated_at`) VALUES (91, 91, '2001-11-22 16:18:37', '2017-08-17 11:10:10');
INSERT INTO `like_to_media` (`from_user_id`, `media_id`, `created_at`, `updated_at`) VALUES (92, 92, '2001-04-20 03:05:34', '2018-04-05 13:17:09');
INSERT INTO `like_to_media` (`from_user_id`, `media_id`, `created_at`, `updated_at`) VALUES (93, 93, '1985-02-26 19:47:31', '1971-12-10 11:21:54');
INSERT INTO `like_to_media` (`from_user_id`, `media_id`, `created_at`, `updated_at`) VALUES (94, 94, '1985-12-07 05:55:33', '2017-12-04 12:20:18');
INSERT INTO `like_to_media` (`from_user_id`, `media_id`, `created_at`, `updated_at`) VALUES (95, 95, '2010-05-25 01:30:08', '1980-12-20 12:55:13');
INSERT INTO `like_to_media` (`from_user_id`, `media_id`, `created_at`, `updated_at`) VALUES (96, 96, '2020-06-03 12:46:27', '2017-09-07 19:57:28');
INSERT INTO `like_to_media` (`from_user_id`, `media_id`, `created_at`, `updated_at`) VALUES (97, 97, '1997-06-12 21:23:42', '1987-09-03 03:35:38');
INSERT INTO `like_to_media` (`from_user_id`, `media_id`, `created_at`, `updated_at`) VALUES (98, 98, '1990-12-25 08:30:23', '1970-08-27 12:24:31');
INSERT INTO `like_to_media` (`from_user_id`, `media_id`, `created_at`, `updated_at`) VALUES (99, 99, '2006-05-28 07:30:04', '2004-11-13 00:27:14');
INSERT INTO `like_to_media` (`from_user_id`, `media_id`, `created_at`, `updated_at`) VALUES (100, 100, '2009-04-23 10:27:21', '1998-04-20 06:46:28');

UPDATE like_to_media SET
from_user_id = FLOOR(1 + RAND()*99.99)
WHERE media_id > 0;

INSERT INTO `like_to_post` (`from_user_id`, `post_id`, `created_at`, `updated_at`) VALUES (1, 1, '2008-10-09 13:42:49', '1986-09-02 06:19:24');
INSERT INTO `like_to_post` (`from_user_id`, `post_id`, `created_at`, `updated_at`) VALUES (2, 2, '2021-05-16 18:16:41', '1989-01-23 09:29:16');
INSERT INTO `like_to_post` (`from_user_id`, `post_id`, `created_at`, `updated_at`) VALUES (3, 3, '1980-06-17 23:09:57', '1983-11-24 13:47:18');
INSERT INTO `like_to_post` (`from_user_id`, `post_id`, `created_at`, `updated_at`) VALUES (4, 4, '1985-10-28 00:11:40', '2010-06-05 16:31:37');
INSERT INTO `like_to_post` (`from_user_id`, `post_id`, `created_at`, `updated_at`) VALUES (5, 5, '2016-01-12 18:50:35', '2021-12-21 11:35:29');
INSERT INTO `like_to_post` (`from_user_id`, `post_id`, `created_at`, `updated_at`) VALUES (6, 6, '2018-02-01 13:32:20', '2006-02-20 11:25:57');
INSERT INTO `like_to_post` (`from_user_id`, `post_id`, `created_at`, `updated_at`) VALUES (7, 7, '2003-09-13 01:47:09', '1998-07-04 16:37:04');
INSERT INTO `like_to_post` (`from_user_id`, `post_id`, `created_at`, `updated_at`) VALUES (8, 8, '2014-01-28 19:21:41', '1984-07-14 07:55:19');
INSERT INTO `like_to_post` (`from_user_id`, `post_id`, `created_at`, `updated_at`) VALUES (9, 9, '1971-10-13 18:24:12', '1981-08-14 17:07:07');
INSERT INTO `like_to_post` (`from_user_id`, `post_id`, `created_at`, `updated_at`) VALUES (10, 10, '2004-02-06 22:11:40', '2020-08-13 15:20:08');
INSERT INTO `like_to_post` (`from_user_id`, `post_id`, `created_at`, `updated_at`) VALUES (11, 11, '2008-01-09 12:36:52', '1981-10-15 15:45:41');
INSERT INTO `like_to_post` (`from_user_id`, `post_id`, `created_at`, `updated_at`) VALUES (12, 12, '1973-12-15 20:47:09', '2000-03-28 20:53:15');
INSERT INTO `like_to_post` (`from_user_id`, `post_id`, `created_at`, `updated_at`) VALUES (13, 13, '2019-11-12 09:03:10', '1987-03-13 02:53:18');
INSERT INTO `like_to_post` (`from_user_id`, `post_id`, `created_at`, `updated_at`) VALUES (14, 14, '2000-07-09 00:04:47', '2002-12-31 05:07:31');
INSERT INTO `like_to_post` (`from_user_id`, `post_id`, `created_at`, `updated_at`) VALUES (15, 15, '1972-12-14 18:58:09', '2009-02-26 02:41:50');
INSERT INTO `like_to_post` (`from_user_id`, `post_id`, `created_at`, `updated_at`) VALUES (16, 16, '1984-10-02 10:51:19', '1981-11-24 09:45:52');
INSERT INTO `like_to_post` (`from_user_id`, `post_id`, `created_at`, `updated_at`) VALUES (17, 17, '1991-09-30 07:52:05', '1987-03-15 21:41:56');
INSERT INTO `like_to_post` (`from_user_id`, `post_id`, `created_at`, `updated_at`) VALUES (18, 18, '2020-07-30 13:29:15', '1998-09-20 17:08:18');
INSERT INTO `like_to_post` (`from_user_id`, `post_id`, `created_at`, `updated_at`) VALUES (19, 19, '1978-11-16 11:30:24', '1999-07-23 19:50:34');
INSERT INTO `like_to_post` (`from_user_id`, `post_id`, `created_at`, `updated_at`) VALUES (20, 20, '2018-09-14 00:04:32', '1993-12-29 03:09:25');
INSERT INTO `like_to_post` (`from_user_id`, `post_id`, `created_at`, `updated_at`) VALUES (21, 21, '2019-01-22 07:12:39', '1982-02-25 22:09:31');
INSERT INTO `like_to_post` (`from_user_id`, `post_id`, `created_at`, `updated_at`) VALUES (22, 22, '1992-06-05 05:32:19', '1993-09-20 22:10:14');
INSERT INTO `like_to_post` (`from_user_id`, `post_id`, `created_at`, `updated_at`) VALUES (23, 23, '2020-06-22 10:20:56', '1999-10-15 22:38:47');
INSERT INTO `like_to_post` (`from_user_id`, `post_id`, `created_at`, `updated_at`) VALUES (24, 24, '2013-08-18 16:51:32', '2004-05-13 11:20:32');
INSERT INTO `like_to_post` (`from_user_id`, `post_id`, `created_at`, `updated_at`) VALUES (25, 25, '2018-11-16 14:44:40', '2007-10-24 13:31:29');
INSERT INTO `like_to_post` (`from_user_id`, `post_id`, `created_at`, `updated_at`) VALUES (26, 26, '1996-09-16 00:52:09', '1985-10-16 06:47:01');
INSERT INTO `like_to_post` (`from_user_id`, `post_id`, `created_at`, `updated_at`) VALUES (27, 27, '2010-08-06 17:13:46', '2016-03-05 10:36:00');
INSERT INTO `like_to_post` (`from_user_id`, `post_id`, `created_at`, `updated_at`) VALUES (28, 28, '2000-04-13 10:52:29', '2021-12-31 08:23:07');
INSERT INTO `like_to_post` (`from_user_id`, `post_id`, `created_at`, `updated_at`) VALUES (29, 29, '1977-12-08 19:38:25', '1976-11-04 03:43:10');
INSERT INTO `like_to_post` (`from_user_id`, `post_id`, `created_at`, `updated_at`) VALUES (30, 30, '2017-11-17 16:29:06', '2013-10-10 17:14:13');
INSERT INTO `like_to_post` (`from_user_id`, `post_id`, `created_at`, `updated_at`) VALUES (31, 31, '2014-04-24 03:53:33', '1974-10-12 21:12:16');
INSERT INTO `like_to_post` (`from_user_id`, `post_id`, `created_at`, `updated_at`) VALUES (32, 32, '1982-01-09 12:52:11', '2003-02-20 12:07:45');
INSERT INTO `like_to_post` (`from_user_id`, `post_id`, `created_at`, `updated_at`) VALUES (33, 33, '2021-08-07 12:25:57', '1977-11-25 11:54:47');
INSERT INTO `like_to_post` (`from_user_id`, `post_id`, `created_at`, `updated_at`) VALUES (34, 34, '1999-09-14 03:17:40', '2007-04-15 20:46:56');
INSERT INTO `like_to_post` (`from_user_id`, `post_id`, `created_at`, `updated_at`) VALUES (35, 35, '2006-03-03 03:48:36', '2007-07-24 09:25:44');
INSERT INTO `like_to_post` (`from_user_id`, `post_id`, `created_at`, `updated_at`) VALUES (36, 36, '1999-02-04 12:30:36', '1986-11-02 11:31:35');
INSERT INTO `like_to_post` (`from_user_id`, `post_id`, `created_at`, `updated_at`) VALUES (37, 37, '2008-11-06 17:43:01', '2015-12-20 07:49:40');
INSERT INTO `like_to_post` (`from_user_id`, `post_id`, `created_at`, `updated_at`) VALUES (38, 38, '2000-05-02 08:39:25', '1985-03-22 12:31:58');
INSERT INTO `like_to_post` (`from_user_id`, `post_id`, `created_at`, `updated_at`) VALUES (39, 39, '1987-03-17 22:23:41', '2019-07-23 22:51:41');
INSERT INTO `like_to_post` (`from_user_id`, `post_id`, `created_at`, `updated_at`) VALUES (40, 40, '1972-05-25 04:14:06', '1983-04-02 02:21:47');
INSERT INTO `like_to_post` (`from_user_id`, `post_id`, `created_at`, `updated_at`) VALUES (41, 41, '1974-04-16 17:43:04', '2020-06-01 17:48:40');
INSERT INTO `like_to_post` (`from_user_id`, `post_id`, `created_at`, `updated_at`) VALUES (42, 42, '1994-08-01 21:31:43', '1976-12-21 01:29:03');
INSERT INTO `like_to_post` (`from_user_id`, `post_id`, `created_at`, `updated_at`) VALUES (43, 43, '1979-02-21 20:03:59', '2013-04-30 11:42:43');
INSERT INTO `like_to_post` (`from_user_id`, `post_id`, `created_at`, `updated_at`) VALUES (44, 44, '2019-04-04 16:33:59', '1985-12-23 19:28:42');
INSERT INTO `like_to_post` (`from_user_id`, `post_id`, `created_at`, `updated_at`) VALUES (45, 45, '1995-04-24 13:06:16', '2011-07-14 18:47:25');
INSERT INTO `like_to_post` (`from_user_id`, `post_id`, `created_at`, `updated_at`) VALUES (46, 46, '2002-02-20 12:35:21', '1980-04-30 08:47:44');
INSERT INTO `like_to_post` (`from_user_id`, `post_id`, `created_at`, `updated_at`) VALUES (47, 47, '1986-02-11 13:07:01', '1998-07-14 10:14:54');
INSERT INTO `like_to_post` (`from_user_id`, `post_id`, `created_at`, `updated_at`) VALUES (48, 48, '1978-04-14 00:26:50', '1983-07-14 21:21:12');
INSERT INTO `like_to_post` (`from_user_id`, `post_id`, `created_at`, `updated_at`) VALUES (49, 49, '1996-12-01 11:36:55', '1978-04-10 18:57:58');
INSERT INTO `like_to_post` (`from_user_id`, `post_id`, `created_at`, `updated_at`) VALUES (50, 50, '1971-12-02 01:52:38', '1976-01-30 17:45:25');
INSERT INTO `like_to_post` (`from_user_id`, `post_id`, `created_at`, `updated_at`) VALUES (51, 51, '1970-10-20 19:28:47', '1979-04-14 13:47:54');
INSERT INTO `like_to_post` (`from_user_id`, `post_id`, `created_at`, `updated_at`) VALUES (52, 52, '1978-07-31 00:30:19', '1991-10-25 16:55:46');
INSERT INTO `like_to_post` (`from_user_id`, `post_id`, `created_at`, `updated_at`) VALUES (53, 53, '1972-03-03 20:34:50', '2020-03-26 17:41:41');
INSERT INTO `like_to_post` (`from_user_id`, `post_id`, `created_at`, `updated_at`) VALUES (54, 54, '1973-08-09 20:52:37', '2006-04-09 04:48:13');
INSERT INTO `like_to_post` (`from_user_id`, `post_id`, `created_at`, `updated_at`) VALUES (55, 55, '1972-03-13 04:49:54', '1986-09-02 14:51:31');
INSERT INTO `like_to_post` (`from_user_id`, `post_id`, `created_at`, `updated_at`) VALUES (56, 56, '2001-06-27 07:45:12', '1976-10-04 09:07:14');
INSERT INTO `like_to_post` (`from_user_id`, `post_id`, `created_at`, `updated_at`) VALUES (57, 57, '2018-03-19 07:51:46', '1993-02-14 12:22:01');
INSERT INTO `like_to_post` (`from_user_id`, `post_id`, `created_at`, `updated_at`) VALUES (58, 58, '2006-03-16 03:22:45', '1975-09-26 15:11:34');
INSERT INTO `like_to_post` (`from_user_id`, `post_id`, `created_at`, `updated_at`) VALUES (59, 59, '1994-06-08 18:16:04', '1982-02-02 01:23:11');
INSERT INTO `like_to_post` (`from_user_id`, `post_id`, `created_at`, `updated_at`) VALUES (60, 60, '1985-02-16 05:45:23', '1986-03-11 16:59:43');
INSERT INTO `like_to_post` (`from_user_id`, `post_id`, `created_at`, `updated_at`) VALUES (61, 61, '1970-11-14 10:20:10', '2000-09-09 13:54:30');
INSERT INTO `like_to_post` (`from_user_id`, `post_id`, `created_at`, `updated_at`) VALUES (62, 62, '1982-11-27 16:41:36', '2017-06-21 03:54:43');
INSERT INTO `like_to_post` (`from_user_id`, `post_id`, `created_at`, `updated_at`) VALUES (63, 63, '2004-04-02 02:53:53', '1992-01-02 10:21:24');
INSERT INTO `like_to_post` (`from_user_id`, `post_id`, `created_at`, `updated_at`) VALUES (64, 64, '2019-08-31 18:37:09', '1996-10-08 00:41:48');
INSERT INTO `like_to_post` (`from_user_id`, `post_id`, `created_at`, `updated_at`) VALUES (65, 65, '1988-07-14 23:41:37', '1994-04-18 00:52:19');
INSERT INTO `like_to_post` (`from_user_id`, `post_id`, `created_at`, `updated_at`) VALUES (66, 66, '2015-08-06 23:25:38', '2012-01-24 19:40:32');
INSERT INTO `like_to_post` (`from_user_id`, `post_id`, `created_at`, `updated_at`) VALUES (67, 67, '1978-04-02 01:00:46', '1992-10-04 22:22:42');
INSERT INTO `like_to_post` (`from_user_id`, `post_id`, `created_at`, `updated_at`) VALUES (68, 68, '1989-01-26 16:28:20', '1988-01-20 21:19:59');
INSERT INTO `like_to_post` (`from_user_id`, `post_id`, `created_at`, `updated_at`) VALUES (69, 69, '1982-02-21 03:18:17', '1981-04-18 13:33:45');
INSERT INTO `like_to_post` (`from_user_id`, `post_id`, `created_at`, `updated_at`) VALUES (70, 70, '1996-09-06 18:12:04', '1979-11-09 06:19:55');
INSERT INTO `like_to_post` (`from_user_id`, `post_id`, `created_at`, `updated_at`) VALUES (71, 71, '1984-07-18 23:24:17', '1981-08-22 15:15:50');
INSERT INTO `like_to_post` (`from_user_id`, `post_id`, `created_at`, `updated_at`) VALUES (72, 72, '2020-10-19 01:40:17', '1980-07-20 01:25:25');
INSERT INTO `like_to_post` (`from_user_id`, `post_id`, `created_at`, `updated_at`) VALUES (73, 73, '2012-01-14 02:00:27', '2016-01-13 08:54:18');
INSERT INTO `like_to_post` (`from_user_id`, `post_id`, `created_at`, `updated_at`) VALUES (74, 74, '2007-02-13 05:15:39', '1993-09-14 23:39:41');
INSERT INTO `like_to_post` (`from_user_id`, `post_id`, `created_at`, `updated_at`) VALUES (75, 75, '2009-02-17 11:24:58', '1996-04-26 02:42:39');
INSERT INTO `like_to_post` (`from_user_id`, `post_id`, `created_at`, `updated_at`) VALUES (76, 76, '1997-07-12 14:39:35', '1974-10-14 04:47:15');
INSERT INTO `like_to_post` (`from_user_id`, `post_id`, `created_at`, `updated_at`) VALUES (77, 77, '2003-07-27 04:40:00', '2019-11-24 09:04:58');
INSERT INTO `like_to_post` (`from_user_id`, `post_id`, `created_at`, `updated_at`) VALUES (78, 78, '1981-10-12 11:21:17', '2010-06-30 20:38:39');
INSERT INTO `like_to_post` (`from_user_id`, `post_id`, `created_at`, `updated_at`) VALUES (79, 79, '1982-11-14 14:06:10', '2017-05-01 16:21:00');
INSERT INTO `like_to_post` (`from_user_id`, `post_id`, `created_at`, `updated_at`) VALUES (80, 80, '1990-08-28 13:38:19', '1989-04-25 01:24:27');
INSERT INTO `like_to_post` (`from_user_id`, `post_id`, `created_at`, `updated_at`) VALUES (81, 81, '2001-04-21 19:26:59', '2017-03-09 07:41:03');
INSERT INTO `like_to_post` (`from_user_id`, `post_id`, `created_at`, `updated_at`) VALUES (82, 82, '2017-04-15 07:28:21', '2011-04-30 07:18:57');
INSERT INTO `like_to_post` (`from_user_id`, `post_id`, `created_at`, `updated_at`) VALUES (83, 83, '2018-09-27 15:58:14', '1972-04-25 22:17:59');
INSERT INTO `like_to_post` (`from_user_id`, `post_id`, `created_at`, `updated_at`) VALUES (84, 84, '1984-01-04 11:40:56', '2008-11-19 00:19:26');
INSERT INTO `like_to_post` (`from_user_id`, `post_id`, `created_at`, `updated_at`) VALUES (85, 85, '1991-09-09 05:17:01', '2001-12-30 19:40:30');
INSERT INTO `like_to_post` (`from_user_id`, `post_id`, `created_at`, `updated_at`) VALUES (86, 86, '1989-07-09 04:58:02', '2010-07-14 07:26:02');
INSERT INTO `like_to_post` (`from_user_id`, `post_id`, `created_at`, `updated_at`) VALUES (87, 87, '2013-03-01 10:36:57', '1995-10-07 05:58:11');
INSERT INTO `like_to_post` (`from_user_id`, `post_id`, `created_at`, `updated_at`) VALUES (88, 88, '1985-06-26 17:32:34', '1997-07-20 18:35:12');
INSERT INTO `like_to_post` (`from_user_id`, `post_id`, `created_at`, `updated_at`) VALUES (89, 89, '1970-01-12 21:17:32', '1973-07-30 06:49:55');
INSERT INTO `like_to_post` (`from_user_id`, `post_id`, `created_at`, `updated_at`) VALUES (90, 90, '2017-07-15 11:37:44', '2011-04-26 09:08:21');
INSERT INTO `like_to_post` (`from_user_id`, `post_id`, `created_at`, `updated_at`) VALUES (91, 91, '1990-10-02 22:34:53', '1970-10-02 05:10:13');
INSERT INTO `like_to_post` (`from_user_id`, `post_id`, `created_at`, `updated_at`) VALUES (92, 92, '1986-07-07 23:50:48', '1988-09-01 06:18:26');
INSERT INTO `like_to_post` (`from_user_id`, `post_id`, `created_at`, `updated_at`) VALUES (93, 93, '2012-03-29 12:04:24', '1990-01-27 15:06:08');
INSERT INTO `like_to_post` (`from_user_id`, `post_id`, `created_at`, `updated_at`) VALUES (94, 94, '2020-04-13 06:03:45', '2004-08-10 07:45:29');
INSERT INTO `like_to_post` (`from_user_id`, `post_id`, `created_at`, `updated_at`) VALUES (95, 95, '1974-12-27 15:35:18', '1995-02-03 23:42:55');
INSERT INTO `like_to_post` (`from_user_id`, `post_id`, `created_at`, `updated_at`) VALUES (96, 96, '1996-03-12 13:38:51', '1989-05-30 02:41:52');
INSERT INTO `like_to_post` (`from_user_id`, `post_id`, `created_at`, `updated_at`) VALUES (97, 97, '1978-08-04 14:21:43', '1998-09-22 04:29:49');
INSERT INTO `like_to_post` (`from_user_id`, `post_id`, `created_at`, `updated_at`) VALUES (98, 98, '1970-05-23 22:01:09', '1980-04-09 05:21:10');
INSERT INTO `like_to_post` (`from_user_id`, `post_id`, `created_at`, `updated_at`) VALUES (99, 99, '1980-09-02 11:30:04', '2013-03-05 17:16:02');
INSERT INTO `like_to_post` (`from_user_id`, `post_id`, `created_at`, `updated_at`) VALUES (100, 100, '1995-08-24 05:07:06', '2017-01-27 11:24:04');

UPDATE like_to_post SET
from_user_id = FLOOR(1 + RAND()*99.99)
WHERE post_id > 0;