INSERT INTO `users` (`id`, `first_name`, `last_name`, `birthday`, `gender`, `email`, `phone`, `created_at`, `updated_at`) VALUES (1, 'Linnie', 'Kutch', '1988-02-17', 'M', 'lorenza.lueilwitz@example.com', '(035)660-18', '1975-03-22 08:09:51', '2019-12-03 11:07:36');
INSERT INTO `users` (`id`, `first_name`, `last_name`, `birthday`, `gender`, `email`, `phone`, `created_at`, `updated_at`) VALUES (2, 'Wilmer', 'Zulauf', '2016-01-24', 'M', 'vhuel@example.net', '1-219-225-9', '1992-05-05 08:08:15', '1981-02-14 04:48:52');
INSERT INTO `users` (`id`, `first_name`, `last_name`, `birthday`, `gender`, `email`, `phone`, `created_at`, `updated_at`) VALUES (3, 'Lucius', 'Mitchell', '1977-01-17', 'M', 'schroeder.baby@example.com', '1-488-998-9', '2002-01-29 21:10:46', '2008-08-30 20:56:06');
INSERT INTO `users` (`id`, `first_name`, `last_name`, `birthday`, `gender`, `email`, `phone`, `created_at`, `updated_at`) VALUES (4, 'Anderson', 'Schimmel', '2001-02-27', 'F', 'morissette.mara@example.net', '09728685371', '1972-07-26 21:42:14', '2000-04-29 00:25:56');
INSERT INTO `users` (`id`, `first_name`, `last_name`, `birthday`, `gender`, `email`, `phone`, `created_at`, `updated_at`) VALUES (5, 'Gracie', 'Welch', '1979-11-09', 'M', 'fgulgowski@example.org', '1-819-376-4', '2011-04-28 02:27:49', '2016-03-12 23:39:10');
INSERT INTO `users` (`id`, `first_name`, `last_name`, `birthday`, `gender`, `email`, `phone`, `created_at`, `updated_at`) VALUES (6, 'Kasey', 'Dooley', '2019-02-04', 'F', 'fred48@example.net', '333.227.067', '1970-02-08 16:50:57', '1997-04-30 13:25:42');
INSERT INTO `users` (`id`, `first_name`, `last_name`, `birthday`, `gender`, `email`, `phone`, `created_at`, `updated_at`) VALUES (7, 'Adeline', 'Wunsch', '2002-03-20', 'F', 'rempel.howard@example.com', '596.587.872', '1987-12-13 14:06:27', '2004-01-31 12:36:48');
INSERT INTO `users` (`id`, `first_name`, `last_name`, `birthday`, `gender`, `email`, `phone`, `created_at`, `updated_at`) VALUES (8, 'Laurel', 'Crist', '1973-11-13', 'M', 'schuppe.ahmad@example.net', '373-831-602', '1981-07-30 17:51:41', '2004-11-01 20:11:48');
INSERT INTO `users` (`id`, `first_name`, `last_name`, `birthday`, `gender`, `email`, `phone`, `created_at`, `updated_at`) VALUES (9, 'Isidro', 'Anderson', '2011-12-20', 'F', 'johnson.reggie@example.net', '1-547-021-2', '2017-04-24 11:43:41', '1981-11-14 03:23:21');
INSERT INTO `users` (`id`, `first_name`, `last_name`, `birthday`, `gender`, `email`, `phone`, `created_at`, `updated_at`) VALUES (10, 'Lula', 'Kassulke', '2008-10-23', 'M', 'udare@example.net', '06928494451', '2000-07-09 21:25:41', '1996-09-10 14:38:46');
INSERT INTO `users` (`id`, `first_name`, `last_name`, `birthday`, `gender`, `email`, `phone`, `created_at`, `updated_at`) VALUES (11, 'Shawn', 'Schuppe', '2009-12-04', 'F', 'kaycee51@example.net', '1-643-905-9', '2020-05-24 04:46:46', '1996-11-06 17:27:27');
INSERT INTO `users` (`id`, `first_name`, `last_name`, `birthday`, `gender`, `email`, `phone`, `created_at`, `updated_at`) VALUES (12, 'Bernita', 'Cole', '1992-08-07', 'F', 'kjohnson@example.org', '1-201-641-8', '1973-01-20 23:11:00', '2018-12-15 07:02:14');
INSERT INTO `users` (`id`, `first_name`, `last_name`, `birthday`, `gender`, `email`, `phone`, `created_at`, `updated_at`) VALUES (13, 'Bryon', 'Stoltenberg', '2004-06-17', 'F', 'lizzie62@example.net', '+17(5)31980', '2016-02-14 09:12:11', '1973-08-05 07:25:09');
INSERT INTO `users` (`id`, `first_name`, `last_name`, `birthday`, `gender`, `email`, `phone`, `created_at`, `updated_at`) VALUES (14, 'Raina', 'Cassin', '1984-12-11', 'F', 'langosh.annabelle@example.net', '725-252-531', '2012-08-26 09:29:07', '1992-09-15 07:06:02');
INSERT INTO `users` (`id`, `first_name`, `last_name`, `birthday`, `gender`, `email`, `phone`, `created_at`, `updated_at`) VALUES (15, 'Casper', 'Botsford', '1983-01-06', 'F', 'hudson07@example.org', '095-227-650', '2015-09-12 07:14:38', '2020-07-10 02:16:18');
INSERT INTO `users` (`id`, `first_name`, `last_name`, `birthday`, `gender`, `email`, `phone`, `created_at`, `updated_at`) VALUES (16, 'Ruby', 'Kuhn', '2001-03-18', 'F', 'holden38@example.org', '161-399-204', '1977-07-31 00:56:29', '2013-05-22 04:37:46');
INSERT INTO `users` (`id`, `first_name`, `last_name`, `birthday`, `gender`, `email`, `phone`, `created_at`, `updated_at`) VALUES (17, 'Danika', 'Koepp', '2004-11-17', 'F', 'markus.crooks@example.net', '(400)022-02', '1982-09-11 11:06:05', '1979-09-08 00:21:58');
INSERT INTO `users` (`id`, `first_name`, `last_name`, `birthday`, `gender`, `email`, `phone`, `created_at`, `updated_at`) VALUES (18, 'Bridget', 'Kling', '1987-10-25', 'M', 'shanahan.ernie@example.com', '174.872.782', '2021-03-29 20:06:36', '1976-06-08 22:41:43');
INSERT INTO `users` (`id`, `first_name`, `last_name`, `birthday`, `gender`, `email`, `phone`, `created_at`, `updated_at`) VALUES (19, 'Marcel', 'Stanton', '1982-02-26', 'M', 'dach.diana@example.com', '(652)214-38', '1976-04-11 13:38:47', '1998-07-07 14:18:35');
INSERT INTO `users` (`id`, `first_name`, `last_name`, `birthday`, `gender`, `email`, `phone`, `created_at`, `updated_at`) VALUES (20, 'Jerrold', 'Gulgowski', '1978-09-07', 'F', 'semard@example.org', '1-114-166-5', '1983-01-09 23:00:14', '1981-05-01 16:27:25');
INSERT INTO `users` (`id`, `first_name`, `last_name`, `birthday`, `gender`, `email`, `phone`, `created_at`, `updated_at`) VALUES (21, 'Merl', 'Larson', '1975-08-30', 'M', 'dovie.oberbrunner@example.org', '(154)956-21', '2020-09-30 19:39:11', '2010-04-28 02:52:23');
INSERT INTO `users` (`id`, `first_name`, `last_name`, `birthday`, `gender`, `email`, `phone`, `created_at`, `updated_at`) VALUES (22, 'Amanda', 'McLaughlin', '1980-11-17', 'M', 'jedidiah.kshlerin@example.org', '(674)251-72', '2020-10-16 01:01:09', '2008-11-07 09:59:43');
INSERT INTO `users` (`id`, `first_name`, `last_name`, `birthday`, `gender`, `email`, `phone`, `created_at`, `updated_at`) VALUES (23, 'Dillon', 'Boyer', '2005-05-21', 'F', 'zachariah.mante@example.com', '415.390.753', '1973-12-18 07:24:13', '1990-07-28 00:09:50');
INSERT INTO `users` (`id`, `first_name`, `last_name`, `birthday`, `gender`, `email`, `phone`, `created_at`, `updated_at`) VALUES (24, 'Vanessa', 'Batz', '1975-06-26', 'M', 'jlehner@example.org', '(771)809-10', '1976-04-16 21:08:30', '2006-12-24 02:17:28');
INSERT INTO `users` (`id`, `first_name`, `last_name`, `birthday`, `gender`, `email`, `phone`, `created_at`, `updated_at`) VALUES (25, 'Wilma', 'Gusikowski', '2013-05-15', 'M', 'thettinger@example.com', '1-614-950-6', '1997-03-20 04:07:56', '2017-02-08 04:12:35');
INSERT INTO `users` (`id`, `first_name`, `last_name`, `birthday`, `gender`, `email`, `phone`, `created_at`, `updated_at`) VALUES (26, 'Matteo', 'Breitenberg', '2014-02-27', 'M', 'pouros.wilfred@example.org', '+16(0)86672', '1972-06-29 01:40:33', '1989-12-24 02:38:34');
INSERT INTO `users` (`id`, `first_name`, `last_name`, `birthday`, `gender`, `email`, `phone`, `created_at`, `updated_at`) VALUES (27, 'Flossie', 'Jakubowski', '2004-06-15', 'F', 'blabadie@example.net', '(878)686-84', '2018-06-05 04:06:13', '1988-07-29 10:53:23');
INSERT INTO `users` (`id`, `first_name`, `last_name`, `birthday`, `gender`, `email`, `phone`, `created_at`, `updated_at`) VALUES (28, 'Dallas', 'Will', '2002-07-08', 'F', 'humberto64@example.com', '1-680-785-5', '1982-04-13 01:47:40', '1990-05-04 06:23:15');
INSERT INTO `users` (`id`, `first_name`, `last_name`, `birthday`, `gender`, `email`, `phone`, `created_at`, `updated_at`) VALUES (29, 'Ayana', 'Beahan', '1981-11-21', 'F', 'melba42@example.com', '1-702-250-4', '1978-09-04 09:11:39', '1976-08-01 01:53:27');
INSERT INTO `users` (`id`, `first_name`, `last_name`, `birthday`, `gender`, `email`, `phone`, `created_at`, `updated_at`) VALUES (30, 'Verner', 'Ward', '1999-05-23', 'M', 'lazaro.ankunding@example.net', '+63(5)78347', '1975-10-13 18:18:05', '1981-06-04 15:12:57');
INSERT INTO `users` (`id`, `first_name`, `last_name`, `birthday`, `gender`, `email`, `phone`, `created_at`, `updated_at`) VALUES (31, 'Amely', 'Schinner', '2002-09-20', 'F', 'veum.brandy@example.org', '1-108-542-9', '2017-01-28 13:43:09', '1994-06-24 12:36:52');
INSERT INTO `users` (`id`, `first_name`, `last_name`, `birthday`, `gender`, `email`, `phone`, `created_at`, `updated_at`) VALUES (32, 'Gussie', 'Schiller', '2016-08-29', 'M', 'dfritsch@example.com', '514.325.647', '2016-01-08 12:59:10', '1975-11-14 11:32:45');
INSERT INTO `users` (`id`, `first_name`, `last_name`, `birthday`, `gender`, `email`, `phone`, `created_at`, `updated_at`) VALUES (33, 'Ena', 'Hane', '1994-02-15', 'M', 'kaci.stokes@example.org', '(630)864-87', '1975-10-19 15:32:28', '2013-02-11 12:11:05');
INSERT INTO `users` (`id`, `first_name`, `last_name`, `birthday`, `gender`, `email`, `phone`, `created_at`, `updated_at`) VALUES (34, 'Skylar', 'Pouros', '1986-07-24', 'M', 'pstiedemann@example.net', '(431)107-86', '2010-06-24 06:59:48', '1996-05-22 14:11:42');
INSERT INTO `users` (`id`, `first_name`, `last_name`, `birthday`, `gender`, `email`, `phone`, `created_at`, `updated_at`) VALUES (35, 'Cassandre', 'Mante', '1976-07-21', 'F', 'upton.kailyn@example.com', '1-275-806-5', '1970-12-01 05:51:07', '1999-11-18 06:58:50');
INSERT INTO `users` (`id`, `first_name`, `last_name`, `birthday`, `gender`, `email`, `phone`, `created_at`, `updated_at`) VALUES (36, 'Marco', 'Ernser', '1983-07-30', 'F', 'kutch.patricia@example.com', '(844)755-67', '1977-01-13 00:06:01', '1974-02-11 21:32:11');
INSERT INTO `users` (`id`, `first_name`, `last_name`, `birthday`, `gender`, `email`, `phone`, `created_at`, `updated_at`) VALUES (37, 'Bridget', 'Romaguera', '2000-06-15', 'M', 'joannie.o\'keefe@example.org', '151-007-403', '1989-09-30 04:24:49', '1978-09-28 03:07:57');
INSERT INTO `users` (`id`, `first_name`, `last_name`, `birthday`, `gender`, `email`, `phone`, `created_at`, `updated_at`) VALUES (38, 'Cecilia', 'Nitzsche', '2019-06-03', 'M', 'xturner@example.net', '217-338-524', '1989-10-19 02:02:40', '1980-03-13 17:38:09');
INSERT INTO `users` (`id`, `first_name`, `last_name`, `birthday`, `gender`, `email`, `phone`, `created_at`, `updated_at`) VALUES (39, 'Catalina', 'Denesik', '2014-10-30', 'M', 'ashton.koch@example.net', '432.560.266', '2011-09-02 09:09:21', '2009-01-05 22:40:15');
INSERT INTO `users` (`id`, `first_name`, `last_name`, `birthday`, `gender`, `email`, `phone`, `created_at`, `updated_at`) VALUES (40, 'Xzavier', 'Cole', '2004-12-29', 'F', 'demarco95@example.com', '457.420.788', '1991-06-16 15:46:52', '2006-09-21 07:18:49');
INSERT INTO `users` (`id`, `first_name`, `last_name`, `birthday`, `gender`, `email`, `phone`, `created_at`, `updated_at`) VALUES (41, 'Percy', 'Ziemann', '1975-10-12', 'M', 'zhowe@example.net', '424.535.764', '2018-07-09 10:35:34', '2020-08-09 05:08:55');
INSERT INTO `users` (`id`, `first_name`, `last_name`, `birthday`, `gender`, `email`, `phone`, `created_at`, `updated_at`) VALUES (42, 'Micaela', 'Deckow', '2012-05-28', 'M', 'abernathy.loraine@example.org', '043.011.103', '1991-02-26 05:43:29', '1972-05-23 15:16:39');
INSERT INTO `users` (`id`, `first_name`, `last_name`, `birthday`, `gender`, `email`, `phone`, `created_at`, `updated_at`) VALUES (43, 'Gregory', 'Predovic', '2000-10-01', 'F', 'wdubuque@example.org', '+59(6)83954', '1997-04-14 12:23:48', '2017-03-17 20:12:42');
INSERT INTO `users` (`id`, `first_name`, `last_name`, `birthday`, `gender`, `email`, `phone`, `created_at`, `updated_at`) VALUES (44, 'Sherman', 'Simonis', '1978-09-17', 'M', 'tyost@example.net', '03817930182', '1988-09-25 00:38:32', '1998-06-17 08:25:13');
INSERT INTO `users` (`id`, `first_name`, `last_name`, `birthday`, `gender`, `email`, `phone`, `created_at`, `updated_at`) VALUES (45, 'Tracey', 'Mraz', '1997-08-25', 'F', 'nyasia54@example.net', '283.453.261', '2009-12-09 09:05:45', '1984-05-30 16:07:34');
INSERT INTO `users` (`id`, `first_name`, `last_name`, `birthday`, `gender`, `email`, `phone`, `created_at`, `updated_at`) VALUES (46, 'Laisha', 'Trantow', '1983-10-11', 'M', 'kirstin73@example.com', '(207)990-49', '1999-08-20 04:33:53', '1972-11-23 22:54:18');
INSERT INTO `users` (`id`, `first_name`, `last_name`, `birthday`, `gender`, `email`, `phone`, `created_at`, `updated_at`) VALUES (47, 'Stephon', 'Nitzsche', '2010-02-08', 'M', 'chad01@example.com', '376.631.909', '2007-11-28 04:16:32', '1980-11-05 14:25:51');
INSERT INTO `users` (`id`, `first_name`, `last_name`, `birthday`, `gender`, `email`, `phone`, `created_at`, `updated_at`) VALUES (48, 'Ines', 'Prosacco', '2003-04-28', 'F', 'antonina.mayer@example.org', '1-465-462-6', '1993-11-02 23:27:17', '1986-02-28 02:16:24');
INSERT INTO `users` (`id`, `first_name`, `last_name`, `birthday`, `gender`, `email`, `phone`, `created_at`, `updated_at`) VALUES (49, 'Dulce', 'Mertz', '2015-06-18', 'F', 'schoen.aditya@example.net', '1-396-849-0', '2001-11-07 19:46:46', '1981-01-28 15:17:20');
INSERT INTO `users` (`id`, `first_name`, `last_name`, `birthday`, `gender`, `email`, `phone`, `created_at`, `updated_at`) VALUES (50, 'Rodrigo', 'Cronin', '2018-03-06', 'F', 'otis.moore@example.org', '1-675-540-6', '2022-03-20 09:48:00', '1996-06-03 14:08:32');
INSERT INTO `users` (`id`, `first_name`, `last_name`, `birthday`, `gender`, `email`, `phone`, `created_at`, `updated_at`) VALUES (51, 'Ila', 'Ratke', '2002-10-04', 'M', 'igleichner@example.net', '620.856.255', '1976-12-21 09:59:02', '2016-05-04 19:52:50');
INSERT INTO `users` (`id`, `first_name`, `last_name`, `birthday`, `gender`, `email`, `phone`, `created_at`, `updated_at`) VALUES (52, 'Margot', 'Smith', '2006-01-11', 'F', 'pfeffer.harmony@example.net', '+55(2)56932', '2018-08-31 10:26:06', '1984-09-21 06:19:17');
INSERT INTO `users` (`id`, `first_name`, `last_name`, `birthday`, `gender`, `email`, `phone`, `created_at`, `updated_at`) VALUES (53, 'Guadalupe', 'Mertz', '1976-08-22', 'M', 'breitenberg.chelsey@example.com', '373.756.285', '2016-09-29 15:48:14', '2014-05-11 03:34:39');
INSERT INTO `users` (`id`, `first_name`, `last_name`, `birthday`, `gender`, `email`, `phone`, `created_at`, `updated_at`) VALUES (54, 'Adella', 'Grant', '2020-02-23', 'F', 'pschmitt@example.net', '(595)422-26', '2002-01-12 15:03:55', '1995-11-21 12:31:08');
INSERT INTO `users` (`id`, `first_name`, `last_name`, `birthday`, `gender`, `email`, `phone`, `created_at`, `updated_at`) VALUES (55, 'Jacques', 'Hagenes', '2003-03-05', 'M', 'andrew75@example.org', '(427)885-20', '2005-01-07 02:07:58', '2008-07-10 05:04:11');
INSERT INTO `users` (`id`, `first_name`, `last_name`, `birthday`, `gender`, `email`, `phone`, `created_at`, `updated_at`) VALUES (56, 'Hulda', 'Bauch', '1999-06-08', 'F', 'annamae.heidenreich@example.com', '(722)394-99', '1973-01-11 23:02:23', '1989-11-22 03:28:00');
INSERT INTO `users` (`id`, `first_name`, `last_name`, `birthday`, `gender`, `email`, `phone`, `created_at`, `updated_at`) VALUES (57, 'Morgan', 'Heaney', '2014-11-24', 'F', 'schaefer.julian@example.org', '1-977-997-9', '1979-04-04 01:24:38', '1996-07-20 23:02:17');
INSERT INTO `users` (`id`, `first_name`, `last_name`, `birthday`, `gender`, `email`, `phone`, `created_at`, `updated_at`) VALUES (58, 'Rosanna', 'Hamill', '1995-04-08', 'F', 'jolie31@example.com', '1-318-063-9', '2005-06-13 06:36:35', '2012-04-27 13:09:25');
INSERT INTO `users` (`id`, `first_name`, `last_name`, `birthday`, `gender`, `email`, `phone`, `created_at`, `updated_at`) VALUES (59, 'Kennith', 'Gulgowski', '1991-08-25', 'F', 'hosea84@example.com', '1-758-727-0', '1977-05-12 01:00:16', '1974-03-25 10:40:21');
INSERT INTO `users` (`id`, `first_name`, `last_name`, `birthday`, `gender`, `email`, `phone`, `created_at`, `updated_at`) VALUES (60, 'Annalise', 'Armstrong', '2009-02-02', 'M', 'tremblay.lois@example.org', '995.289.492', '2007-10-20 19:33:45', '1985-04-05 00:01:48');
INSERT INTO `users` (`id`, `first_name`, `last_name`, `birthday`, `gender`, `email`, `phone`, `created_at`, `updated_at`) VALUES (61, 'Mauricio', 'O\'Hara', '1984-03-04', 'M', 'ijohnston@example.com', '1-327-601-6', '2004-04-25 12:00:31', '2006-08-23 22:04:57');
INSERT INTO `users` (`id`, `first_name`, `last_name`, `birthday`, `gender`, `email`, `phone`, `created_at`, `updated_at`) VALUES (62, 'Abelardo', 'Casper', '2000-08-18', 'M', 'quigley.christian@example.com', '066.336.419', '2003-07-09 12:54:48', '2013-07-12 13:03:23');
INSERT INTO `users` (`id`, `first_name`, `last_name`, `birthday`, `gender`, `email`, `phone`, `created_at`, `updated_at`) VALUES (63, 'Randall', 'Schimmel', '2002-01-16', 'F', 'bins.orion@example.net', '1-294-710-0', '1972-10-16 15:29:55', '1994-12-06 20:39:27');
INSERT INTO `users` (`id`, `first_name`, `last_name`, `birthday`, `gender`, `email`, `phone`, `created_at`, `updated_at`) VALUES (64, 'Oceane', 'Jast', '1993-07-19', 'M', 'mccullough.xander@example.net', '819-356-059', '1973-12-01 03:53:27', '2001-12-20 23:01:19');
INSERT INTO `users` (`id`, `first_name`, `last_name`, `birthday`, `gender`, `email`, `phone`, `created_at`, `updated_at`) VALUES (65, 'Quinton', 'Brown', '2015-07-06', 'F', 'fkrajcik@example.net', '1-605-954-6', '2011-10-26 22:32:14', '1982-06-22 23:25:36');
INSERT INTO `users` (`id`, `first_name`, `last_name`, `birthday`, `gender`, `email`, `phone`, `created_at`, `updated_at`) VALUES (66, 'Antwon', 'Medhurst', '2019-11-11', 'F', 'hassie.bogisich@example.com', '600-326-105', '1983-10-12 00:03:21', '2015-05-31 15:41:28');
INSERT INTO `users` (`id`, `first_name`, `last_name`, `birthday`, `gender`, `email`, `phone`, `created_at`, `updated_at`) VALUES (67, 'Eleanore', 'Keeling', '1976-01-14', 'M', 'mafalda89@example.com', '513-382-551', '1980-11-28 09:23:28', '2009-03-30 01:36:44');
INSERT INTO `users` (`id`, `first_name`, `last_name`, `birthday`, `gender`, `email`, `phone`, `created_at`, `updated_at`) VALUES (68, 'Kelley', 'Hauck', '1992-10-08', 'F', 'linwood89@example.net', '(341)507-31', '1976-09-30 05:31:38', '2002-09-03 06:14:55');
INSERT INTO `users` (`id`, `first_name`, `last_name`, `birthday`, `gender`, `email`, `phone`, `created_at`, `updated_at`) VALUES (69, 'Shana', 'Bogisich', '2001-05-19', 'M', 'trantow.enrique@example.org', '1-518-887-7', '2008-09-24 18:59:04', '2009-06-14 18:38:15');
INSERT INTO `users` (`id`, `first_name`, `last_name`, `birthday`, `gender`, `email`, `phone`, `created_at`, `updated_at`) VALUES (70, 'Geoffrey', 'Renner', '1989-03-27', 'M', 'mschultz@example.org', '189-288-671', '1986-04-01 03:15:36', '2008-12-01 08:55:11');
INSERT INTO `users` (`id`, `first_name`, `last_name`, `birthday`, `gender`, `email`, `phone`, `created_at`, `updated_at`) VALUES (71, 'Katherine', 'Hessel', '1986-07-21', 'F', 'tstehr@example.com', '809-692-279', '1992-11-27 13:39:24', '2001-03-21 20:46:59');
INSERT INTO `users` (`id`, `first_name`, `last_name`, `birthday`, `gender`, `email`, `phone`, `created_at`, `updated_at`) VALUES (72, 'Matt', 'Toy', '2009-08-07', 'F', 'madelynn31@example.com', '448-954-637', '1984-04-10 09:01:58', '2003-06-06 18:23:20');
INSERT INTO `users` (`id`, `first_name`, `last_name`, `birthday`, `gender`, `email`, `phone`, `created_at`, `updated_at`) VALUES (73, 'Morgan', 'Pfeffer', '1979-10-02', 'F', 'kris.maynard@example.net', '1-207-820-0', '1977-10-28 04:04:52', '1996-09-03 11:02:06');
INSERT INTO `users` (`id`, `first_name`, `last_name`, `birthday`, `gender`, `email`, `phone`, `created_at`, `updated_at`) VALUES (74, 'Bessie', 'Waelchi', '2002-04-11', 'F', 'emely17@example.com', '(355)016-49', '1978-12-02 18:35:52', '1980-12-12 22:35:10');
INSERT INTO `users` (`id`, `first_name`, `last_name`, `birthday`, `gender`, `email`, `phone`, `created_at`, `updated_at`) VALUES (75, 'Austyn', 'Reilly', '1985-02-01', 'F', 'smitham.kara@example.net', '+70(7)56714', '2018-01-26 22:44:46', '2006-06-01 16:50:13');
INSERT INTO `users` (`id`, `first_name`, `last_name`, `birthday`, `gender`, `email`, `phone`, `created_at`, `updated_at`) VALUES (76, 'Saige', 'Schmitt', '1993-08-17', 'M', 'cory86@example.org', '1-110-462-3', '2020-11-02 10:40:03', '1979-04-24 12:15:17');
INSERT INTO `users` (`id`, `first_name`, `last_name`, `birthday`, `gender`, `email`, `phone`, `created_at`, `updated_at`) VALUES (77, 'Reese', 'Klein', '2015-11-07', 'F', 'juliet.turcotte@example.org', '802-215-422', '2001-09-27 09:55:51', '2016-01-07 01:10:35');
INSERT INTO `users` (`id`, `first_name`, `last_name`, `birthday`, `gender`, `email`, `phone`, `created_at`, `updated_at`) VALUES (78, 'Katrina', 'Schuster', '1994-09-07', 'F', 'king.jarrett@example.net', '01422925171', '2010-09-16 16:51:33', '1984-05-06 05:37:02');
INSERT INTO `users` (`id`, `first_name`, `last_name`, `birthday`, `gender`, `email`, `phone`, `created_at`, `updated_at`) VALUES (79, 'Milton', 'Littel', '1998-04-05', 'M', 'bart54@example.org', '+36(3)29420', '2020-03-09 07:14:20', '2006-11-17 09:23:35');
INSERT INTO `users` (`id`, `first_name`, `last_name`, `birthday`, `gender`, `email`, `phone`, `created_at`, `updated_at`) VALUES (80, 'Juliana', 'Orn', '2021-01-23', 'M', 'ayana.lang@example.org', '677.201.676', '1997-01-17 14:47:22', '2004-01-31 05:07:20');
INSERT INTO `users` (`id`, `first_name`, `last_name`, `birthday`, `gender`, `email`, `phone`, `created_at`, `updated_at`) VALUES (81, 'Berry', 'Botsford', '2002-04-29', 'M', 'arvel.rice@example.net', '627-626-930', '1989-02-09 00:14:06', '2016-08-03 11:55:42');
INSERT INTO `users` (`id`, `first_name`, `last_name`, `birthday`, `gender`, `email`, `phone`, `created_at`, `updated_at`) VALUES (82, 'Joanny', 'Kilback', '1974-09-15', 'F', 'yoshiko27@example.com', '1-815-915-5', '2003-06-25 06:07:33', '1999-07-19 19:28:51');
INSERT INTO `users` (`id`, `first_name`, `last_name`, `birthday`, `gender`, `email`, `phone`, `created_at`, `updated_at`) VALUES (83, 'Osvaldo', 'Sipes', '2004-02-04', 'M', 'mayer.daija@example.net', '337.620.984', '2016-05-16 08:17:43', '1979-01-06 08:37:44');
INSERT INTO `users` (`id`, `first_name`, `last_name`, `birthday`, `gender`, `email`, `phone`, `created_at`, `updated_at`) VALUES (84, 'Celine', 'Denesik', '1976-04-18', 'F', 'kemmer.sabina@example.net', '518.048.026', '2010-09-13 21:40:18', '2012-06-08 22:44:48');
INSERT INTO `users` (`id`, `first_name`, `last_name`, `birthday`, `gender`, `email`, `phone`, `created_at`, `updated_at`) VALUES (85, 'Newell', 'Graham', '2000-04-12', 'M', 'abernathy.virginia@example.com', '(439)471-62', '2020-05-02 19:46:17', '1990-02-09 03:58:53');
INSERT INTO `users` (`id`, `first_name`, `last_name`, `birthday`, `gender`, `email`, `phone`, `created_at`, `updated_at`) VALUES (86, 'Carolanne', 'Huel', '1988-06-03', 'F', 'heathcote.wilber@example.net', '335-689-915', '2018-11-17 01:37:55', '2021-01-18 04:52:23');
INSERT INTO `users` (`id`, `first_name`, `last_name`, `birthday`, `gender`, `email`, `phone`, `created_at`, `updated_at`) VALUES (87, 'Ubaldo', 'Zemlak', '2019-05-16', 'F', 'oledner@example.org', '865-656-971', '1998-04-18 09:38:37', '1980-08-16 16:33:14');
INSERT INTO `users` (`id`, `first_name`, `last_name`, `birthday`, `gender`, `email`, `phone`, `created_at`, `updated_at`) VALUES (88, 'Katlyn', 'Orn', '2007-01-20', 'M', 'juana98@example.org', '1-520-582-0', '2002-01-25 19:39:15', '2010-10-08 04:35:55');
INSERT INTO `users` (`id`, `first_name`, `last_name`, `birthday`, `gender`, `email`, `phone`, `created_at`, `updated_at`) VALUES (89, 'Antwon', 'Kertzmann', '1973-03-17', 'F', 'strosin.foster@example.com', '608-130-252', '2002-10-13 13:30:00', '1983-05-27 06:58:38');
INSERT INTO `users` (`id`, `first_name`, `last_name`, `birthday`, `gender`, `email`, `phone`, `created_at`, `updated_at`) VALUES (90, 'Mireille', 'Konopelski', '1979-12-02', 'F', 'schiller.kasandra@example.net', '259.220.160', '1979-01-15 19:27:59', '1997-11-18 06:43:51');
INSERT INTO `users` (`id`, `first_name`, `last_name`, `birthday`, `gender`, `email`, `phone`, `created_at`, `updated_at`) VALUES (91, 'Laurie', 'Boyer', '1999-07-19', 'F', 'kling.juwan@example.org', '(638)444-88', '1992-11-12 19:45:01', '1970-06-21 05:10:00');
INSERT INTO `users` (`id`, `first_name`, `last_name`, `birthday`, `gender`, `email`, `phone`, `created_at`, `updated_at`) VALUES (92, 'Joanne', 'Fadel', '2002-12-08', 'F', 'esperanza58@example.com', '462-704-672', '1981-09-10 04:03:06', '2002-12-02 20:19:44');
INSERT INTO `users` (`id`, `first_name`, `last_name`, `birthday`, `gender`, `email`, `phone`, `created_at`, `updated_at`) VALUES (93, 'Stephan', 'Halvorson', '1997-04-23', 'F', 'zulauf.flavio@example.org', '100-579-557', '2012-01-28 03:51:12', '1984-05-27 06:23:48');
INSERT INTO `users` (`id`, `first_name`, `last_name`, `birthday`, `gender`, `email`, `phone`, `created_at`, `updated_at`) VALUES (94, 'Kiera', 'Koepp', '1992-11-22', 'F', 'ibergstrom@example.org', '877.014.846', '2004-08-01 06:46:41', '1999-12-22 23:06:48');
INSERT INTO `users` (`id`, `first_name`, `last_name`, `birthday`, `gender`, `email`, `phone`, `created_at`, `updated_at`) VALUES (95, 'Raphaelle', 'Fadel', '2008-12-31', 'F', 'alfred.doyle@example.org', '04150956247', '1983-02-15 12:13:59', '1982-12-29 17:57:50');
INSERT INTO `users` (`id`, `first_name`, `last_name`, `birthday`, `gender`, `email`, `phone`, `created_at`, `updated_at`) VALUES (96, 'Brain', 'D\'Amore', '2020-07-06', 'F', 'wintheiser.pinkie@example.net', '04607658378', '1988-12-21 23:54:34', '2018-05-22 00:01:53');
INSERT INTO `users` (`id`, `first_name`, `last_name`, `birthday`, `gender`, `email`, `phone`, `created_at`, `updated_at`) VALUES (97, 'Kiera', 'Feest', '2011-04-20', 'M', 'prohaska.ottis@example.com', '971-548-845', '1984-03-13 00:00:50', '2018-07-03 20:52:26');
INSERT INTO `users` (`id`, `first_name`, `last_name`, `birthday`, `gender`, `email`, `phone`, `created_at`, `updated_at`) VALUES (98, 'Garland', 'Reilly', '1970-11-20', 'M', 'jaunita85@example.org', '387-654-985', '1999-10-28 21:06:23', '2005-12-09 10:47:50');
INSERT INTO `users` (`id`, `first_name`, `last_name`, `birthday`, `gender`, `email`, `phone`, `created_at`, `updated_at`) VALUES (99, 'Irwin', 'Jenkins', '1997-07-21', 'M', 'obeatty@example.net', '665-611-573', '2014-05-12 20:35:05', '1997-07-26 05:59:45');
INSERT INTO `users` (`id`, `first_name`, `last_name`, `birthday`, `gender`, `email`, `phone`, `created_at`, `updated_at`) VALUES (100, 'Clotilde', 'Stokes', '2019-06-28', 'F', 'ncarter@example.org', '306.495.510', '2006-07-24 17:55:29', '1976-05-17 01:26:06');

INSERT INTO `profiles` (`user_id`, `city`, `country`, `status`, `created_at`, `updated_at`) VALUES (1, 'East Geovanny', '69', 'Inactive', '2004-03-21 12:14:37', '1991-11-03 14:16:35');
INSERT INTO `profiles` (`user_id`, `city`, `country`, `status`, `created_at`, `updated_at`) VALUES (2, 'Gleasonfort', '85620', 'Inactive', '2002-03-18 05:10:41', '1982-07-19 19:45:00');
INSERT INTO `profiles` (`user_id`, `city`, `country`, `status`, `created_at`, `updated_at`) VALUES (3, 'Zemlakshire', '301448255', 'Offline', '1988-11-16 03:43:14', '2019-07-01 01:59:54');
INSERT INTO `profiles` (`user_id`, `city`, `country`, `status`, `created_at`, `updated_at`) VALUES (4, 'Howardburgh', '98665808', 'Inactive', '2002-03-26 02:20:21', '1988-12-15 04:00:38');
INSERT INTO `profiles` (`user_id`, `city`, `country`, `status`, `created_at`, `updated_at`) VALUES (5, 'Flatleymouth', '39', 'Online', '2018-08-26 12:45:28', '2001-12-28 16:58:54');
INSERT INTO `profiles` (`user_id`, `city`, `country`, `status`, `created_at`, `updated_at`) VALUES (6, 'West Constancechester', '80546985', 'Online', '2002-06-21 23:25:24', '1999-08-13 03:25:14');
INSERT INTO `profiles` (`user_id`, `city`, `country`, `status`, `created_at`, `updated_at`) VALUES (7, 'Jeffereyborough', '46736', 'Online', '2020-07-30 12:14:14', '1990-08-30 06:11:59');
INSERT INTO `profiles` (`user_id`, `city`, `country`, `status`, `created_at`, `updated_at`) VALUES (8, 'Alfordside', '148697894', 'Online', '1973-12-27 04:22:40', '1988-11-16 06:13:59');
INSERT INTO `profiles` (`user_id`, `city`, `country`, `status`, `created_at`, `updated_at`) VALUES (9, 'Friesenmouth', '693070', 'Online', '2001-12-26 00:01:32', '2019-04-28 18:43:32');
INSERT INTO `profiles` (`user_id`, `city`, `country`, `status`, `created_at`, `updated_at`) VALUES (10, 'New Obiefort', '24655010', 'Inactive', '1991-05-07 14:16:01', '2020-07-05 11:11:08');
INSERT INTO `profiles` (`user_id`, `city`, `country`, `status`, `created_at`, `updated_at`) VALUES (11, 'Kuhlmanmouth', '875', 'Offline', '1979-03-08 20:23:49', '1988-07-08 07:33:58');
INSERT INTO `profiles` (`user_id`, `city`, `country`, `status`, `created_at`, `updated_at`) VALUES (12, 'West Eribertofurt', '6357', 'Inactive', '1997-04-28 19:58:50', '2020-06-12 06:44:09');
INSERT INTO `profiles` (`user_id`, `city`, `country`, `status`, `created_at`, `updated_at`) VALUES (13, 'Jarodton', '', 'Offline', '2005-04-30 02:29:15', '1973-06-06 16:56:38');
INSERT INTO `profiles` (`user_id`, `city`, `country`, `status`, `created_at`, `updated_at`) VALUES (14, 'South Lowell', '', 'Offline', '1975-12-26 03:38:02', '1979-04-06 17:46:52');
INSERT INTO `profiles` (`user_id`, `city`, `country`, `status`, `created_at`, `updated_at`) VALUES (15, 'Alexandraville', '92', 'Online', '1982-09-29 08:39:31', '2009-11-07 09:16:16');
INSERT INTO `profiles` (`user_id`, `city`, `country`, `status`, `created_at`, `updated_at`) VALUES (16, 'Port Vivienne', '132188', 'Inactive', '2000-10-15 14:40:36', '2016-11-09 12:48:41');
INSERT INTO `profiles` (`user_id`, `city`, `country`, `status`, `created_at`, `updated_at`) VALUES (17, 'Carleemouth', '', 'Offline', '1994-04-30 16:29:56', '1999-11-06 16:23:08');
INSERT INTO `profiles` (`user_id`, `city`, `country`, `status`, `created_at`, `updated_at`) VALUES (18, 'Websterton', '75841', 'Offline', '1989-05-05 00:54:42', '2002-11-23 10:03:30');
INSERT INTO `profiles` (`user_id`, `city`, `country`, `status`, `created_at`, `updated_at`) VALUES (19, 'Palmamouth', '51390344', 'Inactive', '2016-09-13 00:08:55', '1996-06-19 19:13:05');
INSERT INTO `profiles` (`user_id`, `city`, `country`, `status`, `created_at`, `updated_at`) VALUES (20, 'North Chasityville', '220296936', 'Offline', '1976-04-12 19:06:46', '2001-04-20 09:15:16');
INSERT INTO `profiles` (`user_id`, `city`, `country`, `status`, `created_at`, `updated_at`) VALUES (21, 'New Yasmin', '78', 'Offline', '1981-07-23 19:50:50', '2019-12-23 22:41:39');
INSERT INTO `profiles` (`user_id`, `city`, `country`, `status`, `created_at`, `updated_at`) VALUES (22, 'Schadenstad', '6154', 'Offline', '1992-07-23 08:02:07', '2009-12-23 19:01:35');
INSERT INTO `profiles` (`user_id`, `city`, `country`, `status`, `created_at`, `updated_at`) VALUES (23, 'Port Selenaburgh', '57076', 'Inactive', '1974-07-13 02:32:42', '1987-03-15 09:07:58');
INSERT INTO `profiles` (`user_id`, `city`, `country`, `status`, `created_at`, `updated_at`) VALUES (24, 'West Cicerochester', '6', 'Inactive', '2016-12-24 07:32:52', '2016-11-22 00:26:35');
INSERT INTO `profiles` (`user_id`, `city`, `country`, `status`, `created_at`, `updated_at`) VALUES (25, 'Jastside', '3491', 'Offline', '1980-06-18 08:49:22', '1985-03-15 19:00:19');
INSERT INTO `profiles` (`user_id`, `city`, `country`, `status`, `created_at`, `updated_at`) VALUES (26, 'Yasmeenmouth', '96', 'Online', '1991-09-01 06:47:58', '1975-04-30 15:17:50');
INSERT INTO `profiles` (`user_id`, `city`, `country`, `status`, `created_at`, `updated_at`) VALUES (27, 'West Reyesshire', '57706812', 'Inactive', '2004-07-19 09:25:54', '1980-06-19 14:56:24');
INSERT INTO `profiles` (`user_id`, `city`, `country`, `status`, `created_at`, `updated_at`) VALUES (28, 'North Raegan', '5627283', 'Inactive', '1975-04-05 23:56:55', '2018-04-08 04:18:14');
INSERT INTO `profiles` (`user_id`, `city`, `country`, `status`, `created_at`, `updated_at`) VALUES (29, 'Retabury', '814854581', 'Online', '2009-07-28 09:33:06', '1972-03-03 20:24:31');
INSERT INTO `profiles` (`user_id`, `city`, `country`, `status`, `created_at`, `updated_at`) VALUES (30, 'North Estherberg', '', 'Inactive', '2001-06-24 21:58:00', '2009-07-22 16:15:59');
INSERT INTO `profiles` (`user_id`, `city`, `country`, `status`, `created_at`, `updated_at`) VALUES (31, 'Batztown', '425693395', 'Offline', '1998-04-27 10:56:28', '1980-04-29 11:02:36');
INSERT INTO `profiles` (`user_id`, `city`, `country`, `status`, `created_at`, `updated_at`) VALUES (32, 'Talonville', '8', 'Inactive', '1976-04-19 05:58:09', '2009-12-28 00:05:14');
INSERT INTO `profiles` (`user_id`, `city`, `country`, `status`, `created_at`, `updated_at`) VALUES (33, 'Giovaniview', '1', 'Online', '1973-08-29 17:45:02', '1984-04-17 19:34:06');
INSERT INTO `profiles` (`user_id`, `city`, `country`, `status`, `created_at`, `updated_at`) VALUES (34, 'Boehmburgh', '86706955', 'Inactive', '2009-05-06 23:05:50', '1975-09-15 11:47:22');
INSERT INTO `profiles` (`user_id`, `city`, `country`, `status`, `created_at`, `updated_at`) VALUES (35, 'Arthurfurt', '', 'Offline', '1970-05-10 06:28:51', '2009-12-02 06:57:41');
INSERT INTO `profiles` (`user_id`, `city`, `country`, `status`, `created_at`, `updated_at`) VALUES (36, 'Huelchester', '1134919', 'Inactive', '2017-11-03 22:11:19', '1982-07-14 05:19:45');
INSERT INTO `profiles` (`user_id`, `city`, `country`, `status`, `created_at`, `updated_at`) VALUES (37, 'New Minervatown', '54', 'Online', '1984-08-29 19:40:45', '2003-01-26 16:56:02');
INSERT INTO `profiles` (`user_id`, `city`, `country`, `status`, `created_at`, `updated_at`) VALUES (38, 'Mozelleville', '1328007', 'Inactive', '1973-04-20 01:48:17', '2011-10-07 06:20:46');
INSERT INTO `profiles` (`user_id`, `city`, `country`, `status`, `created_at`, `updated_at`) VALUES (39, 'Carmelbury', '77083511', 'Offline', '2002-09-29 20:09:30', '1989-10-07 07:10:51');
INSERT INTO `profiles` (`user_id`, `city`, `country`, `status`, `created_at`, `updated_at`) VALUES (40, 'New Barton', '59', 'Inactive', '2003-12-07 12:24:53', '1983-10-18 15:50:28');
INSERT INTO `profiles` (`user_id`, `city`, `country`, `status`, `created_at`, `updated_at`) VALUES (41, 'Romanmouth', '828309', 'Online', '1997-11-09 10:34:52', '2010-05-05 08:02:45');
INSERT INTO `profiles` (`user_id`, `city`, `country`, `status`, `created_at`, `updated_at`) VALUES (42, 'Port Dee', '23908824', 'Offline', '2008-09-10 03:25:42', '1989-11-23 09:58:06');
INSERT INTO `profiles` (`user_id`, `city`, `country`, `status`, `created_at`, `updated_at`) VALUES (43, 'Erdmanview', '5283893', 'Online', '1999-03-10 01:30:47', '1981-06-25 23:05:34');
INSERT INTO `profiles` (`user_id`, `city`, `country`, `status`, `created_at`, `updated_at`) VALUES (44, 'East Erynview', '161', 'Inactive', '1996-01-20 09:02:47', '1990-06-03 17:50:00');
INSERT INTO `profiles` (`user_id`, `city`, `country`, `status`, `created_at`, `updated_at`) VALUES (45, 'West Mckennahaven', '4948', 'Online', '1973-12-18 16:22:02', '2000-05-17 09:29:26');
INSERT INTO `profiles` (`user_id`, `city`, `country`, `status`, `created_at`, `updated_at`) VALUES (46, 'West Shannonborough', '5689775', 'Offline', '2012-09-28 12:24:07', '2017-12-30 23:27:56');
INSERT INTO `profiles` (`user_id`, `city`, `country`, `status`, `created_at`, `updated_at`) VALUES (47, 'Heidenreichmouth', '835', 'Offline', '1983-06-11 02:13:02', '1989-04-20 23:31:06');
INSERT INTO `profiles` (`user_id`, `city`, `country`, `status`, `created_at`, `updated_at`) VALUES (48, 'Port Joshua', '27693', 'Online', '2020-06-30 20:09:10', '1971-03-25 13:43:49');
INSERT INTO `profiles` (`user_id`, `city`, `country`, `status`, `created_at`, `updated_at`) VALUES (49, 'O\'Konbury', '90', 'Inactive', '2004-07-08 13:03:22', '2008-05-30 10:56:08');
INSERT INTO `profiles` (`user_id`, `city`, `country`, `status`, `created_at`, `updated_at`) VALUES (50, 'New Salma', '9379', 'Inactive', '1998-10-27 06:40:46', '2019-03-21 14:52:31');
INSERT INTO `profiles` (`user_id`, `city`, `country`, `status`, `created_at`, `updated_at`) VALUES (51, 'South Celestine', '', 'Online', '2002-01-06 05:42:20', '2022-04-24 05:11:14');
INSERT INTO `profiles` (`user_id`, `city`, `country`, `status`, `created_at`, `updated_at`) VALUES (52, 'Amelieton', '83694', 'Inactive', '1988-04-10 20:49:18', '1973-02-20 04:57:07');
INSERT INTO `profiles` (`user_id`, `city`, `country`, `status`, `created_at`, `updated_at`) VALUES (53, 'Shaynefort', '', 'Inactive', '2020-05-19 19:54:23', '1971-07-25 15:14:21');
INSERT INTO `profiles` (`user_id`, `city`, `country`, `status`, `created_at`, `updated_at`) VALUES (54, 'South Annamariestad', '3200806', 'Inactive', '1981-11-30 13:31:36', '2005-02-24 12:46:02');
INSERT INTO `profiles` (`user_id`, `city`, `country`, `status`, `created_at`, `updated_at`) VALUES (55, 'Burleyborough', '3918', 'Inactive', '2005-03-22 07:14:18', '2019-01-04 06:48:45');
INSERT INTO `profiles` (`user_id`, `city`, `country`, `status`, `created_at`, `updated_at`) VALUES (56, 'Shaniyabury', '9094962', 'Online', '1991-09-29 14:38:36', '2006-03-02 12:52:14');
INSERT INTO `profiles` (`user_id`, `city`, `country`, `status`, `created_at`, `updated_at`) VALUES (57, 'Creolafurt', '68171274', 'Offline', '1990-03-14 14:47:19', '1996-02-13 01:20:08');
INSERT INTO `profiles` (`user_id`, `city`, `country`, `status`, `created_at`, `updated_at`) VALUES (58, 'Grantshire', '502', 'Online', '1973-05-18 02:34:21', '2011-02-07 21:54:18');
INSERT INTO `profiles` (`user_id`, `city`, `country`, `status`, `created_at`, `updated_at`) VALUES (59, 'East Marcelo', '29748', 'Offline', '1987-05-13 15:50:33', '1984-06-25 19:46:13');
INSERT INTO `profiles` (`user_id`, `city`, `country`, `status`, `created_at`, `updated_at`) VALUES (60, 'Port Kobyborough', '', 'Online', '1993-03-09 08:27:32', '1971-09-04 10:26:36');
INSERT INTO `profiles` (`user_id`, `city`, `country`, `status`, `created_at`, `updated_at`) VALUES (61, 'Lake Ressiehaven', '5821', 'Offline', '2014-08-31 09:46:57', '2013-09-13 23:35:19');
INSERT INTO `profiles` (`user_id`, `city`, `country`, `status`, `created_at`, `updated_at`) VALUES (62, 'South Ofelia', '473605', 'Online', '1977-01-15 11:43:14', '2005-04-10 23:54:49');
INSERT INTO `profiles` (`user_id`, `city`, `country`, `status`, `created_at`, `updated_at`) VALUES (63, 'Alessiahaven', '591', 'Online', '1983-12-13 20:50:36', '2016-02-02 06:52:29');
INSERT INTO `profiles` (`user_id`, `city`, `country`, `status`, `created_at`, `updated_at`) VALUES (64, 'Ritchieside', '90206', 'Inactive', '1973-05-30 17:42:40', '2005-07-20 13:21:32');
INSERT INTO `profiles` (`user_id`, `city`, `country`, `status`, `created_at`, `updated_at`) VALUES (65, 'West Anyaborough', '', 'Offline', '2003-05-15 15:33:56', '1970-11-21 08:51:46');
INSERT INTO `profiles` (`user_id`, `city`, `country`, `status`, `created_at`, `updated_at`) VALUES (66, 'Dickenston', '1', 'Online', '1985-01-25 05:50:46', '2015-10-09 21:54:23');
INSERT INTO `profiles` (`user_id`, `city`, `country`, `status`, `created_at`, `updated_at`) VALUES (67, 'East Romantown', '4584', 'Inactive', '2012-09-23 04:45:42', '1995-07-17 19:22:16');
INSERT INTO `profiles` (`user_id`, `city`, `country`, `status`, `created_at`, `updated_at`) VALUES (68, 'South Ashleyburgh', '972709701', 'Offline', '2014-04-03 06:12:11', '2016-05-08 14:48:28');
INSERT INTO `profiles` (`user_id`, `city`, `country`, `status`, `created_at`, `updated_at`) VALUES (69, 'New Valentinview', '', 'Offline', '1971-01-18 09:03:46', '1980-03-16 14:04:36');
INSERT INTO `profiles` (`user_id`, `city`, `country`, `status`, `created_at`, `updated_at`) VALUES (70, 'Bayerland', '7', 'Inactive', '1976-08-26 20:58:36', '1973-08-14 20:22:05');
INSERT INTO `profiles` (`user_id`, `city`, `country`, `status`, `created_at`, `updated_at`) VALUES (71, 'Port Dayne', '67', 'Offline', '1980-07-16 22:15:44', '1992-11-26 05:59:01');
INSERT INTO `profiles` (`user_id`, `city`, `country`, `status`, `created_at`, `updated_at`) VALUES (72, 'North Coltonmouth', '5035351', 'Online', '2014-01-03 02:39:02', '2012-07-23 07:38:26');
INSERT INTO `profiles` (`user_id`, `city`, `country`, `status`, `created_at`, `updated_at`) VALUES (73, 'East Domenicaside', '2', 'Inactive', '2010-10-01 09:13:40', '1989-12-07 18:25:51');
INSERT INTO `profiles` (`user_id`, `city`, `country`, `status`, `created_at`, `updated_at`) VALUES (74, 'West Nadiahaven', '8046', 'Inactive', '2009-06-26 11:29:55', '1990-11-14 14:51:17');
INSERT INTO `profiles` (`user_id`, `city`, `country`, `status`, `created_at`, `updated_at`) VALUES (75, 'Port Amyastad', '4', 'Offline', '1990-10-02 11:40:58', '1985-03-21 13:24:16');
INSERT INTO `profiles` (`user_id`, `city`, `country`, `status`, `created_at`, `updated_at`) VALUES (76, 'New Grahambury', '56081134', 'Inactive', '2010-09-17 15:35:33', '1985-03-29 15:35:59');
INSERT INTO `profiles` (`user_id`, `city`, `country`, `status`, `created_at`, `updated_at`) VALUES (77, 'North Sonia', '637454510', 'Online', '2000-01-18 20:43:08', '2002-11-23 21:52:11');
INSERT INTO `profiles` (`user_id`, `city`, `country`, `status`, `created_at`, `updated_at`) VALUES (78, 'Gaylordville', '5569', 'Online', '2000-07-18 22:59:34', '2013-06-16 03:36:07');
INSERT INTO `profiles` (`user_id`, `city`, `country`, `status`, `created_at`, `updated_at`) VALUES (79, 'West Odell', '81306', 'Online', '1975-10-23 09:29:20', '1980-04-25 05:38:40');
INSERT INTO `profiles` (`user_id`, `city`, `country`, `status`, `created_at`, `updated_at`) VALUES (80, 'North Leilaside', '5098', 'Online', '1995-12-07 03:28:21', '1980-04-10 21:44:57');
INSERT INTO `profiles` (`user_id`, `city`, `country`, `status`, `created_at`, `updated_at`) VALUES (81, 'Port Gabriellafort', '215', 'Online', '2015-10-18 08:49:37', '2012-01-06 23:12:22');
INSERT INTO `profiles` (`user_id`, `city`, `country`, `status`, `created_at`, `updated_at`) VALUES (82, 'South Juliannechester', '5', 'Offline', '1970-07-20 14:11:32', '1984-03-01 06:35:24');
INSERT INTO `profiles` (`user_id`, `city`, `country`, `status`, `created_at`, `updated_at`) VALUES (83, 'East Sheila', '5', 'Inactive', '1990-01-13 22:37:25', '2001-05-07 19:07:53');
INSERT INTO `profiles` (`user_id`, `city`, `country`, `status`, `created_at`, `updated_at`) VALUES (84, 'Fannietown', '58468', 'Inactive', '1988-09-20 04:01:55', '1992-12-27 21:41:13');
INSERT INTO `profiles` (`user_id`, `city`, `country`, `status`, `created_at`, `updated_at`) VALUES (85, 'New Johathan', '10', 'Offline', '1983-09-10 09:15:35', '2001-02-28 15:16:11');
INSERT INTO `profiles` (`user_id`, `city`, `country`, `status`, `created_at`, `updated_at`) VALUES (86, 'Stevetown', '9010', 'Online', '1975-05-17 03:42:37', '1994-02-01 13:31:17');
INSERT INTO `profiles` (`user_id`, `city`, `country`, `status`, `created_at`, `updated_at`) VALUES (87, 'Patsyberg', '7854496', 'Inactive', '1981-12-13 11:08:16', '1991-06-22 10:55:55');
INSERT INTO `profiles` (`user_id`, `city`, `country`, `status`, `created_at`, `updated_at`) VALUES (88, 'Romahaven', '292235', 'Inactive', '1975-02-26 16:04:46', '1983-07-29 06:22:58');
INSERT INTO `profiles` (`user_id`, `city`, `country`, `status`, `created_at`, `updated_at`) VALUES (89, 'North Priscillafort', '262', 'Offline', '2018-01-31 15:07:33', '1982-06-21 04:09:55');
INSERT INTO `profiles` (`user_id`, `city`, `country`, `status`, `created_at`, `updated_at`) VALUES (90, 'New Hollie', '584', 'Online', '1991-03-13 23:21:30', '1976-07-24 02:42:55');
INSERT INTO `profiles` (`user_id`, `city`, `country`, `status`, `created_at`, `updated_at`) VALUES (91, 'West Angie', '1817965', 'Inactive', '1975-11-30 09:13:06', '2006-02-05 09:19:03');
INSERT INTO `profiles` (`user_id`, `city`, `country`, `status`, `created_at`, `updated_at`) VALUES (92, 'South Enrico', '3499611', 'Online', '1997-11-15 21:27:47', '2004-08-22 13:37:54');
INSERT INTO `profiles` (`user_id`, `city`, `country`, `status`, `created_at`, `updated_at`) VALUES (93, 'South Elinorehaven', '84', 'Online', '1992-08-06 22:17:20', '2018-10-23 04:08:45');
INSERT INTO `profiles` (`user_id`, `city`, `country`, `status`, `created_at`, `updated_at`) VALUES (94, 'Port Vilma', '5530291', 'Inactive', '1975-11-17 10:58:41', '2008-07-10 13:13:50');
INSERT INTO `profiles` (`user_id`, `city`, `country`, `status`, `created_at`, `updated_at`) VALUES (95, 'Port Arianeton', '86', 'Offline', '2002-09-26 12:22:50', '1985-03-28 10:03:52');
INSERT INTO `profiles` (`user_id`, `city`, `country`, `status`, `created_at`, `updated_at`) VALUES (96, 'Hodkiewiczville', '3', 'Online', '2017-06-27 22:57:11', '1972-01-04 01:02:26');
INSERT INTO `profiles` (`user_id`, `city`, `country`, `status`, `created_at`, `updated_at`) VALUES (97, 'New Leannehaven', '', 'Offline', '2004-09-05 13:59:14', '1998-06-13 08:36:04');
INSERT INTO `profiles` (`user_id`, `city`, `country`, `status`, `created_at`, `updated_at`) VALUES (98, 'New Hassie', '8645691', 'Online', '1972-11-08 21:39:59', '2001-01-04 15:18:45');
INSERT INTO `profiles` (`user_id`, `city`, `country`, `status`, `created_at`, `updated_at`) VALUES (99, 'Harveybury', '8185', 'Inactive', '1994-01-13 20:45:08', '1979-04-01 18:13:36');
INSERT INTO `profiles` (`user_id`, `city`, `country`, `status`, `created_at`, `updated_at`) VALUES (100, 'South Nikki', '7', 'Offline', '1984-07-22 21:29:08', '1994-01-14 21:10:21');

INSERT INTO `friendship_request_types` (`id`, `name`, `created_at`, `updated_at`) VALUES (1, 'accusantium', '1984-12-31 05:38:06', '1999-07-20 13:33:00');
INSERT INTO `friendship_request_types` (`id`, `name`, `created_at`, `updated_at`) VALUES (2, 'expedita', '1980-08-22 12:41:23', '1972-04-06 19:18:22');
INSERT INTO `friendship_request_types` (`id`, `name`, `created_at`, `updated_at`) VALUES (3, 'sequi', '1999-11-17 21:49:46', '2003-09-08 16:12:04');

INSERT INTO `friendship` (`user_id`, `friend_id`, `request_type_id`, `requested_at`, `confirmed_at`, `created_at`, `updated_at`) VALUES (1, 1, 1, '2002-10-14 06:56:55', '1988-10-26 05:59:50', '1980-11-06 10:42:21', '2008-10-22 09:21:19');
INSERT INTO `friendship` (`user_id`, `friend_id`, `request_type_id`, `requested_at`, `confirmed_at`, `created_at`, `updated_at`) VALUES (2, 2, 2, '1982-06-27 16:59:31', '1984-07-07 08:45:29', '1974-05-21 12:35:00', '1992-08-07 10:37:50');
INSERT INTO `friendship` (`user_id`, `friend_id`, `request_type_id`, `requested_at`, `confirmed_at`, `created_at`, `updated_at`) VALUES (3, 3, 3, '1993-01-13 15:25:18', '1985-10-08 18:18:08', '2002-05-11 06:19:31', '1994-03-15 23:50:33');
INSERT INTO `friendship` (`user_id`, `friend_id`, `request_type_id`, `requested_at`, `confirmed_at`, `created_at`, `updated_at`) VALUES (4, 4, 1, '1982-06-18 22:41:53', '2015-08-11 08:09:31', '1977-01-21 21:31:15', '1997-11-24 00:29:34');
INSERT INTO `friendship` (`user_id`, `friend_id`, `request_type_id`, `requested_at`, `confirmed_at`, `created_at`, `updated_at`) VALUES (5, 5, 2, '2006-12-17 16:22:37', '2021-11-19 19:05:49', '2021-12-06 17:18:41', '1984-09-07 17:42:04');
INSERT INTO `friendship` (`user_id`, `friend_id`, `request_type_id`, `requested_at`, `confirmed_at`, `created_at`, `updated_at`) VALUES (6, 6, 3, '1980-08-26 03:58:16', '2004-02-19 21:01:14', '1995-12-05 04:32:39', '1989-12-02 14:20:02');
INSERT INTO `friendship` (`user_id`, `friend_id`, `request_type_id`, `requested_at`, `confirmed_at`, `created_at`, `updated_at`) VALUES (7, 7, 1, '2006-03-21 11:51:44', '2001-04-13 05:47:49', '1991-03-22 02:33:56', '1980-02-26 00:16:26');
INSERT INTO `friendship` (`user_id`, `friend_id`, `request_type_id`, `requested_at`, `confirmed_at`, `created_at`, `updated_at`) VALUES (8, 8, 2, '1971-01-18 17:11:39', '1982-09-09 07:06:14', '1991-12-23 06:11:43', '1977-07-06 08:25:28');
INSERT INTO `friendship` (`user_id`, `friend_id`, `request_type_id`, `requested_at`, `confirmed_at`, `created_at`, `updated_at`) VALUES (9, 9, 3, '1978-04-24 05:32:59', '1987-06-23 00:06:04', '1994-06-27 19:22:10', '2021-09-23 07:04:57');
INSERT INTO `friendship` (`user_id`, `friend_id`, `request_type_id`, `requested_at`, `confirmed_at`, `created_at`, `updated_at`) VALUES (10, 10, 1, '1974-11-26 22:56:08', '1989-11-11 20:34:32', '1971-08-13 01:43:17', '2005-11-15 00:25:42');
INSERT INTO `friendship` (`user_id`, `friend_id`, `request_type_id`, `requested_at`, `confirmed_at`, `created_at`, `updated_at`) VALUES (11, 11, 2, '2004-05-28 00:17:27', '1988-11-25 10:20:25', '2018-12-04 07:46:27', '2008-08-14 02:39:26');
INSERT INTO `friendship` (`user_id`, `friend_id`, `request_type_id`, `requested_at`, `confirmed_at`, `created_at`, `updated_at`) VALUES (12, 12, 3, '1985-06-26 14:15:18', '1991-10-31 04:27:35', '2011-10-25 02:35:12', '2020-08-02 15:13:36');
INSERT INTO `friendship` (`user_id`, `friend_id`, `request_type_id`, `requested_at`, `confirmed_at`, `created_at`, `updated_at`) VALUES (13, 13, 1, '2013-03-19 02:38:08', '2004-01-29 03:56:00', '2015-10-19 23:21:28', '1986-02-02 14:35:24');
INSERT INTO `friendship` (`user_id`, `friend_id`, `request_type_id`, `requested_at`, `confirmed_at`, `created_at`, `updated_at`) VALUES (14, 14, 2, '2013-11-12 08:32:48', '2003-07-12 23:16:21', '1972-06-29 03:12:11', '1988-03-23 08:38:53');
INSERT INTO `friendship` (`user_id`, `friend_id`, `request_type_id`, `requested_at`, `confirmed_at`, `created_at`, `updated_at`) VALUES (15, 15, 3, '2020-08-27 06:22:35', '2010-06-21 03:30:35', '2006-10-17 04:33:11', '1975-08-02 08:04:03');
INSERT INTO `friendship` (`user_id`, `friend_id`, `request_type_id`, `requested_at`, `confirmed_at`, `created_at`, `updated_at`) VALUES (16, 16, 1, '2001-11-11 00:10:04', '2011-07-13 20:43:08', '1975-06-28 08:55:56', '2010-01-30 13:31:08');
INSERT INTO `friendship` (`user_id`, `friend_id`, `request_type_id`, `requested_at`, `confirmed_at`, `created_at`, `updated_at`) VALUES (17, 17, 2, '2009-09-09 17:35:10', '1999-01-05 06:41:32', '2000-09-19 23:10:15', '1988-03-10 21:16:32');
INSERT INTO `friendship` (`user_id`, `friend_id`, `request_type_id`, `requested_at`, `confirmed_at`, `created_at`, `updated_at`) VALUES (18, 18, 3, '1995-01-24 23:34:02', '2019-03-14 16:50:46', '1973-02-12 23:43:32', '2013-05-02 01:45:23');
INSERT INTO `friendship` (`user_id`, `friend_id`, `request_type_id`, `requested_at`, `confirmed_at`, `created_at`, `updated_at`) VALUES (19, 19, 1, '2002-02-18 12:27:43', '2006-01-09 19:30:43', '2021-09-16 08:37:08', '1976-01-29 13:19:00');
INSERT INTO `friendship` (`user_id`, `friend_id`, `request_type_id`, `requested_at`, `confirmed_at`, `created_at`, `updated_at`) VALUES (20, 20, 2, '2017-06-16 11:40:32', '2004-08-04 12:56:19', '1976-01-10 11:01:43', '2008-04-17 22:54:25');
INSERT INTO `friendship` (`user_id`, `friend_id`, `request_type_id`, `requested_at`, `confirmed_at`, `created_at`, `updated_at`) VALUES (21, 21, 3, '1970-11-09 19:33:03', '1986-04-22 16:56:08', '1981-03-02 19:32:06', '1990-04-06 13:12:04');
INSERT INTO `friendship` (`user_id`, `friend_id`, `request_type_id`, `requested_at`, `confirmed_at`, `created_at`, `updated_at`) VALUES (22, 22, 1, '2011-06-04 22:10:36', '2022-04-19 09:32:29', '1991-08-11 11:31:28', '1978-10-23 22:42:11');
INSERT INTO `friendship` (`user_id`, `friend_id`, `request_type_id`, `requested_at`, `confirmed_at`, `created_at`, `updated_at`) VALUES (23, 23, 2, '1997-08-12 00:28:48', '2017-04-26 02:50:20', '1993-02-24 05:58:27', '1977-12-22 15:50:39');
INSERT INTO `friendship` (`user_id`, `friend_id`, `request_type_id`, `requested_at`, `confirmed_at`, `created_at`, `updated_at`) VALUES (24, 24, 3, '2008-05-01 13:38:40', '2007-09-12 14:17:03', '1980-09-14 03:29:59', '1980-08-06 00:55:19');
INSERT INTO `friendship` (`user_id`, `friend_id`, `request_type_id`, `requested_at`, `confirmed_at`, `created_at`, `updated_at`) VALUES (25, 25, 1, '1988-03-29 15:32:12', '1982-02-01 15:59:59', '1998-11-26 12:29:17', '2020-02-25 07:59:59');
INSERT INTO `friendship` (`user_id`, `friend_id`, `request_type_id`, `requested_at`, `confirmed_at`, `created_at`, `updated_at`) VALUES (26, 26, 2, '1999-04-18 02:36:32', '2003-10-08 11:11:49', '1983-08-21 00:57:01', '2008-11-09 19:54:55');
INSERT INTO `friendship` (`user_id`, `friend_id`, `request_type_id`, `requested_at`, `confirmed_at`, `created_at`, `updated_at`) VALUES (27, 27, 3, '1986-08-03 23:30:59', '1998-10-30 20:40:32', '1999-12-16 10:46:11', '1994-02-13 02:26:11');
INSERT INTO `friendship` (`user_id`, `friend_id`, `request_type_id`, `requested_at`, `confirmed_at`, `created_at`, `updated_at`) VALUES (28, 28, 1, '2020-10-12 00:32:18', '2004-02-18 22:30:28', '1986-11-14 14:09:46', '1981-04-09 06:18:59');
INSERT INTO `friendship` (`user_id`, `friend_id`, `request_type_id`, `requested_at`, `confirmed_at`, `created_at`, `updated_at`) VALUES (29, 29, 2, '2003-05-16 18:17:59', '1993-02-19 19:13:49', '1980-04-02 18:36:23', '1998-10-02 18:05:39');
INSERT INTO `friendship` (`user_id`, `friend_id`, `request_type_id`, `requested_at`, `confirmed_at`, `created_at`, `updated_at`) VALUES (30, 30, 3, '1975-06-01 12:17:49', '1984-11-04 06:05:55', '1975-08-29 09:28:49', '1975-01-19 10:25:54');
INSERT INTO `friendship` (`user_id`, `friend_id`, `request_type_id`, `requested_at`, `confirmed_at`, `created_at`, `updated_at`) VALUES (31, 31, 1, '1998-07-12 13:46:13', '1998-04-21 18:52:38', '1997-10-20 19:08:17', '2020-11-15 07:11:50');
INSERT INTO `friendship` (`user_id`, `friend_id`, `request_type_id`, `requested_at`, `confirmed_at`, `created_at`, `updated_at`) VALUES (32, 32, 2, '2006-11-19 03:13:26', '2020-03-20 10:40:40', '2021-11-04 12:10:15', '1990-04-29 04:25:22');
INSERT INTO `friendship` (`user_id`, `friend_id`, `request_type_id`, `requested_at`, `confirmed_at`, `created_at`, `updated_at`) VALUES (33, 33, 3, '1989-06-14 01:47:17', '2008-06-23 05:52:10', '2005-11-08 14:23:33', '1972-02-12 20:49:46');
INSERT INTO `friendship` (`user_id`, `friend_id`, `request_type_id`, `requested_at`, `confirmed_at`, `created_at`, `updated_at`) VALUES (34, 34, 1, '2001-12-09 18:59:41', '1989-10-14 11:05:08', '2017-05-22 18:25:37', '1977-10-06 19:35:26');
INSERT INTO `friendship` (`user_id`, `friend_id`, `request_type_id`, `requested_at`, `confirmed_at`, `created_at`, `updated_at`) VALUES (35, 35, 2, '1985-07-27 06:04:04', '1989-12-28 19:35:49', '1980-12-23 06:58:42', '2000-02-27 18:22:11');
INSERT INTO `friendship` (`user_id`, `friend_id`, `request_type_id`, `requested_at`, `confirmed_at`, `created_at`, `updated_at`) VALUES (36, 36, 3, '1998-01-19 10:47:40', '1991-07-05 23:13:04', '2000-11-08 04:10:20', '1994-12-30 17:17:30');
INSERT INTO `friendship` (`user_id`, `friend_id`, `request_type_id`, `requested_at`, `confirmed_at`, `created_at`, `updated_at`) VALUES (37, 37, 1, '1984-06-18 06:40:54', '2005-07-03 17:56:36', '2017-12-12 10:36:54', '1999-06-24 22:38:03');
INSERT INTO `friendship` (`user_id`, `friend_id`, `request_type_id`, `requested_at`, `confirmed_at`, `created_at`, `updated_at`) VALUES (38, 38, 2, '2014-05-09 13:24:43', '2002-01-12 05:34:56', '1973-02-25 07:28:21', '1995-10-20 00:39:38');
INSERT INTO `friendship` (`user_id`, `friend_id`, `request_type_id`, `requested_at`, `confirmed_at`, `created_at`, `updated_at`) VALUES (39, 39, 3, '1995-10-08 22:30:21', '1994-11-21 11:42:54', '2003-06-17 18:31:22', '1983-08-22 18:06:23');
INSERT INTO `friendship` (`user_id`, `friend_id`, `request_type_id`, `requested_at`, `confirmed_at`, `created_at`, `updated_at`) VALUES (40, 40, 1, '2008-03-13 18:44:56', '1986-12-30 06:21:51', '2019-12-17 21:38:39', '2016-06-23 10:22:57');
INSERT INTO `friendship` (`user_id`, `friend_id`, `request_type_id`, `requested_at`, `confirmed_at`, `created_at`, `updated_at`) VALUES (41, 41, 2, '1994-07-02 22:35:33', '2008-07-07 08:27:22', '1986-10-29 17:51:31', '2019-06-21 07:35:04');
INSERT INTO `friendship` (`user_id`, `friend_id`, `request_type_id`, `requested_at`, `confirmed_at`, `created_at`, `updated_at`) VALUES (42, 42, 3, '1973-04-09 14:15:29', '2021-07-21 08:22:46', '2005-05-09 11:01:24', '2020-02-09 00:05:35');
INSERT INTO `friendship` (`user_id`, `friend_id`, `request_type_id`, `requested_at`, `confirmed_at`, `created_at`, `updated_at`) VALUES (43, 43, 1, '1979-11-19 16:21:02', '1982-01-24 04:48:07', '2008-02-13 21:23:47', '2002-03-06 12:04:13');
INSERT INTO `friendship` (`user_id`, `friend_id`, `request_type_id`, `requested_at`, `confirmed_at`, `created_at`, `updated_at`) VALUES (44, 44, 2, '1992-04-09 01:39:57', '1979-12-17 08:52:39', '1999-06-18 00:02:54', '2003-04-26 17:17:53');
INSERT INTO `friendship` (`user_id`, `friend_id`, `request_type_id`, `requested_at`, `confirmed_at`, `created_at`, `updated_at`) VALUES (45, 45, 3, '2010-09-05 09:46:37', '1974-12-13 04:29:29', '2008-11-23 10:57:29', '2004-08-31 18:42:09');
INSERT INTO `friendship` (`user_id`, `friend_id`, `request_type_id`, `requested_at`, `confirmed_at`, `created_at`, `updated_at`) VALUES (46, 46, 1, '2011-09-22 23:07:42', '1992-08-14 22:40:02', '1998-03-26 05:38:55', '1973-02-10 22:59:51');
INSERT INTO `friendship` (`user_id`, `friend_id`, `request_type_id`, `requested_at`, `confirmed_at`, `created_at`, `updated_at`) VALUES (47, 47, 2, '1976-10-21 19:45:00', '2010-08-16 23:10:59', '1979-01-14 01:49:27', '2001-03-10 16:39:00');
INSERT INTO `friendship` (`user_id`, `friend_id`, `request_type_id`, `requested_at`, `confirmed_at`, `created_at`, `updated_at`) VALUES (48, 48, 3, '1998-05-09 00:27:01', '2011-04-15 17:38:41', '1995-08-13 04:09:10', '1991-12-10 23:52:53');
INSERT INTO `friendship` (`user_id`, `friend_id`, `request_type_id`, `requested_at`, `confirmed_at`, `created_at`, `updated_at`) VALUES (49, 49, 1, '1978-04-12 07:43:57', '2014-04-24 07:35:22', '1985-10-17 08:37:39', '2001-07-26 14:12:17');
INSERT INTO `friendship` (`user_id`, `friend_id`, `request_type_id`, `requested_at`, `confirmed_at`, `created_at`, `updated_at`) VALUES (50, 50, 2, '1997-04-29 10:03:11', '2017-04-25 21:22:23', '2017-12-10 12:23:51', '1971-05-25 10:19:21');
INSERT INTO `friendship` (`user_id`, `friend_id`, `request_type_id`, `requested_at`, `confirmed_at`, `created_at`, `updated_at`) VALUES (51, 51, 3, '2007-10-17 02:12:55', '1982-12-09 02:16:06', '1991-09-03 12:36:01', '1992-01-05 18:44:36');
INSERT INTO `friendship` (`user_id`, `friend_id`, `request_type_id`, `requested_at`, `confirmed_at`, `created_at`, `updated_at`) VALUES (52, 52, 1, '2009-02-03 13:46:04', '1980-03-02 10:17:35', '2000-09-04 07:36:51', '1976-02-09 12:30:05');
INSERT INTO `friendship` (`user_id`, `friend_id`, `request_type_id`, `requested_at`, `confirmed_at`, `created_at`, `updated_at`) VALUES (53, 53, 2, '1994-09-19 22:16:07', '1986-09-04 18:18:36', '2005-11-14 19:09:16', '1993-06-28 12:54:09');
INSERT INTO `friendship` (`user_id`, `friend_id`, `request_type_id`, `requested_at`, `confirmed_at`, `created_at`, `updated_at`) VALUES (54, 54, 3, '1992-02-07 01:16:47', '1995-12-08 07:10:32', '2002-01-19 09:59:49', '2016-02-05 18:28:55');
INSERT INTO `friendship` (`user_id`, `friend_id`, `request_type_id`, `requested_at`, `confirmed_at`, `created_at`, `updated_at`) VALUES (55, 55, 1, '2005-04-02 11:58:24', '1983-04-04 18:16:52', '1989-12-15 21:42:03', '2004-11-01 13:35:09');
INSERT INTO `friendship` (`user_id`, `friend_id`, `request_type_id`, `requested_at`, `confirmed_at`, `created_at`, `updated_at`) VALUES (56, 56, 2, '1998-08-25 18:59:47', '1996-05-31 03:30:28', '1997-06-20 11:29:25', '2000-07-13 10:06:56');
INSERT INTO `friendship` (`user_id`, `friend_id`, `request_type_id`, `requested_at`, `confirmed_at`, `created_at`, `updated_at`) VALUES (57, 57, 3, '1971-04-24 09:15:44', '1978-02-15 20:50:28', '1997-05-13 22:21:02', '2014-05-12 05:23:02');
INSERT INTO `friendship` (`user_id`, `friend_id`, `request_type_id`, `requested_at`, `confirmed_at`, `created_at`, `updated_at`) VALUES (58, 58, 1, '1992-08-22 22:24:13', '1996-03-10 14:08:23', '1979-11-17 21:32:44', '2001-07-05 02:27:25');
INSERT INTO `friendship` (`user_id`, `friend_id`, `request_type_id`, `requested_at`, `confirmed_at`, `created_at`, `updated_at`) VALUES (59, 59, 2, '1976-06-14 05:20:12', '1988-05-28 05:09:36', '2013-10-24 21:24:16', '2017-05-25 11:10:04');
INSERT INTO `friendship` (`user_id`, `friend_id`, `request_type_id`, `requested_at`, `confirmed_at`, `created_at`, `updated_at`) VALUES (60, 60, 3, '2015-08-05 22:24:00', '1978-02-14 12:20:53', '1971-02-23 12:44:44', '2004-05-27 23:29:36');
INSERT INTO `friendship` (`user_id`, `friend_id`, `request_type_id`, `requested_at`, `confirmed_at`, `created_at`, `updated_at`) VALUES (61, 61, 1, '1986-05-17 06:04:38', '1985-09-12 02:58:11', '1992-11-22 18:30:02', '2010-05-03 06:12:51');
INSERT INTO `friendship` (`user_id`, `friend_id`, `request_type_id`, `requested_at`, `confirmed_at`, `created_at`, `updated_at`) VALUES (62, 62, 2, '1989-07-24 11:48:48', '2019-04-01 10:39:03', '1978-08-01 00:34:10', '1991-06-15 11:05:40');
INSERT INTO `friendship` (`user_id`, `friend_id`, `request_type_id`, `requested_at`, `confirmed_at`, `created_at`, `updated_at`) VALUES (63, 63, 3, '1982-05-12 14:01:35', '1995-05-13 12:40:56', '1972-04-30 01:12:50', '1974-07-21 11:27:36');
INSERT INTO `friendship` (`user_id`, `friend_id`, `request_type_id`, `requested_at`, `confirmed_at`, `created_at`, `updated_at`) VALUES (64, 64, 1, '2006-02-09 17:26:26', '1988-12-17 01:32:34', '2013-09-29 17:14:38', '1988-07-20 15:26:35');
INSERT INTO `friendship` (`user_id`, `friend_id`, `request_type_id`, `requested_at`, `confirmed_at`, `created_at`, `updated_at`) VALUES (65, 65, 2, '2009-11-05 01:24:59', '2018-09-10 03:23:44', '1976-01-17 11:11:21', '2021-05-15 22:24:14');
INSERT INTO `friendship` (`user_id`, `friend_id`, `request_type_id`, `requested_at`, `confirmed_at`, `created_at`, `updated_at`) VALUES (66, 66, 3, '1991-01-19 00:09:12', '2022-02-24 00:49:57', '2001-10-26 18:17:43', '1981-11-18 07:57:53');
INSERT INTO `friendship` (`user_id`, `friend_id`, `request_type_id`, `requested_at`, `confirmed_at`, `created_at`, `updated_at`) VALUES (67, 67, 1, '1976-09-02 00:30:34', '2007-10-15 00:18:33', '2020-04-26 02:12:03', '1977-10-12 04:03:01');
INSERT INTO `friendship` (`user_id`, `friend_id`, `request_type_id`, `requested_at`, `confirmed_at`, `created_at`, `updated_at`) VALUES (68, 68, 2, '1995-06-10 02:58:25', '1977-02-05 06:48:57', '1996-09-08 07:40:10', '2020-10-03 07:17:03');
INSERT INTO `friendship` (`user_id`, `friend_id`, `request_type_id`, `requested_at`, `confirmed_at`, `created_at`, `updated_at`) VALUES (69, 69, 3, '1982-12-14 19:59:44', '1997-05-13 16:24:00', '1979-11-08 17:01:38', '1975-10-17 14:48:45');
INSERT INTO `friendship` (`user_id`, `friend_id`, `request_type_id`, `requested_at`, `confirmed_at`, `created_at`, `updated_at`) VALUES (70, 70, 1, '1992-05-05 19:46:48', '1997-02-19 06:47:30', '2007-03-14 12:51:51', '2007-08-17 19:50:26');
INSERT INTO `friendship` (`user_id`, `friend_id`, `request_type_id`, `requested_at`, `confirmed_at`, `created_at`, `updated_at`) VALUES (71, 71, 2, '1988-09-01 14:20:09', '2014-01-01 05:28:43', '2011-03-26 13:22:54', '2000-12-09 07:47:27');
INSERT INTO `friendship` (`user_id`, `friend_id`, `request_type_id`, `requested_at`, `confirmed_at`, `created_at`, `updated_at`) VALUES (72, 72, 3, '1974-11-07 11:05:46', '1987-07-07 15:52:06', '2008-01-08 09:19:06', '1982-02-22 00:13:23');
INSERT INTO `friendship` (`user_id`, `friend_id`, `request_type_id`, `requested_at`, `confirmed_at`, `created_at`, `updated_at`) VALUES (73, 73, 1, '1974-05-03 10:54:43', '2019-12-04 03:23:17', '1973-11-25 00:41:24', '1985-05-17 12:40:21');
INSERT INTO `friendship` (`user_id`, `friend_id`, `request_type_id`, `requested_at`, `confirmed_at`, `created_at`, `updated_at`) VALUES (74, 74, 2, '2009-07-24 22:25:49', '1992-07-24 13:16:02', '2017-05-17 06:07:53', '1996-07-22 07:53:30');
INSERT INTO `friendship` (`user_id`, `friend_id`, `request_type_id`, `requested_at`, `confirmed_at`, `created_at`, `updated_at`) VALUES (75, 75, 3, '1974-08-06 08:03:49', '2011-07-21 23:16:54', '2002-03-11 04:28:56', '2000-02-11 00:29:27');
INSERT INTO `friendship` (`user_id`, `friend_id`, `request_type_id`, `requested_at`, `confirmed_at`, `created_at`, `updated_at`) VALUES (76, 76, 1, '1992-11-26 17:25:13', '2010-04-14 21:02:21', '1985-06-22 06:06:05', '2003-02-01 23:22:30');
INSERT INTO `friendship` (`user_id`, `friend_id`, `request_type_id`, `requested_at`, `confirmed_at`, `created_at`, `updated_at`) VALUES (77, 77, 2, '1982-05-26 13:01:04', '1975-11-14 17:29:45', '1973-05-22 14:23:18', '2017-03-05 11:16:06');
INSERT INTO `friendship` (`user_id`, `friend_id`, `request_type_id`, `requested_at`, `confirmed_at`, `created_at`, `updated_at`) VALUES (78, 78, 3, '1990-02-03 08:07:22', '2009-09-14 07:30:49', '1978-12-27 14:56:34', '1971-09-18 20:21:04');
INSERT INTO `friendship` (`user_id`, `friend_id`, `request_type_id`, `requested_at`, `confirmed_at`, `created_at`, `updated_at`) VALUES (79, 79, 1, '2017-09-28 10:04:36', '2016-09-01 22:47:52', '1981-07-13 02:20:59', '2015-08-03 15:04:21');
INSERT INTO `friendship` (`user_id`, `friend_id`, `request_type_id`, `requested_at`, `confirmed_at`, `created_at`, `updated_at`) VALUES (80, 80, 2, '1997-05-18 06:02:02', '2018-02-08 17:26:06', '1979-11-18 14:22:53', '1972-12-03 17:31:51');
INSERT INTO `friendship` (`user_id`, `friend_id`, `request_type_id`, `requested_at`, `confirmed_at`, `created_at`, `updated_at`) VALUES (81, 81, 3, '1979-07-22 15:07:36', '2008-12-15 08:46:04', '2010-05-18 23:26:52', '2004-04-29 13:52:59');
INSERT INTO `friendship` (`user_id`, `friend_id`, `request_type_id`, `requested_at`, `confirmed_at`, `created_at`, `updated_at`) VALUES (82, 82, 1, '2021-04-24 22:21:18', '1976-01-16 05:23:36', '2004-03-05 16:36:50', '1981-06-09 04:08:14');
INSERT INTO `friendship` (`user_id`, `friend_id`, `request_type_id`, `requested_at`, `confirmed_at`, `created_at`, `updated_at`) VALUES (83, 83, 2, '2000-06-20 12:05:24', '2014-08-05 13:45:08', '2005-09-20 12:53:04', '2010-04-27 10:50:28');
INSERT INTO `friendship` (`user_id`, `friend_id`, `request_type_id`, `requested_at`, `confirmed_at`, `created_at`, `updated_at`) VALUES (84, 84, 3, '2009-08-26 20:11:43', '1983-08-07 19:28:45', '1987-11-01 17:44:48', '1999-05-10 15:28:31');
INSERT INTO `friendship` (`user_id`, `friend_id`, `request_type_id`, `requested_at`, `confirmed_at`, `created_at`, `updated_at`) VALUES (85, 85, 1, '2017-05-28 19:44:13', '2020-02-22 07:13:16', '1971-07-29 12:15:31', '2021-12-29 20:01:25');
INSERT INTO `friendship` (`user_id`, `friend_id`, `request_type_id`, `requested_at`, `confirmed_at`, `created_at`, `updated_at`) VALUES (86, 86, 2, '1985-11-24 22:52:33', '1976-07-23 04:01:28', '1993-03-24 04:04:15', '2003-04-11 15:40:31');
INSERT INTO `friendship` (`user_id`, `friend_id`, `request_type_id`, `requested_at`, `confirmed_at`, `created_at`, `updated_at`) VALUES (87, 87, 3, '2000-11-15 00:20:18', '2001-06-08 02:51:30', '2006-04-29 05:10:19', '2005-01-22 20:41:25');
INSERT INTO `friendship` (`user_id`, `friend_id`, `request_type_id`, `requested_at`, `confirmed_at`, `created_at`, `updated_at`) VALUES (88, 88, 1, '1984-08-24 19:08:07', '2015-08-18 22:16:33', '2007-04-09 15:50:49', '1979-12-09 10:30:55');
INSERT INTO `friendship` (`user_id`, `friend_id`, `request_type_id`, `requested_at`, `confirmed_at`, `created_at`, `updated_at`) VALUES (89, 89, 2, '1991-11-18 22:26:24', '1978-12-16 08:20:54', '1976-09-20 20:32:23', '1976-12-08 21:30:15');
INSERT INTO `friendship` (`user_id`, `friend_id`, `request_type_id`, `requested_at`, `confirmed_at`, `created_at`, `updated_at`) VALUES (90, 90, 3, '1995-06-07 13:35:24', '2017-03-29 10:02:30', '2015-04-07 04:25:58', '1979-09-12 06:52:59');
INSERT INTO `friendship` (`user_id`, `friend_id`, `request_type_id`, `requested_at`, `confirmed_at`, `created_at`, `updated_at`) VALUES (91, 91, 1, '2001-03-18 06:40:53', '1984-04-14 16:52:54', '1990-03-20 01:27:28', '1996-03-31 21:28:24');
INSERT INTO `friendship` (`user_id`, `friend_id`, `request_type_id`, `requested_at`, `confirmed_at`, `created_at`, `updated_at`) VALUES (92, 92, 2, '1994-02-28 02:24:51', '1973-02-27 18:26:11', '1977-06-11 05:35:17', '1970-10-15 02:50:40');
INSERT INTO `friendship` (`user_id`, `friend_id`, `request_type_id`, `requested_at`, `confirmed_at`, `created_at`, `updated_at`) VALUES (93, 93, 3, '1990-08-12 04:39:42', '1994-03-11 09:53:49', '2002-01-13 21:55:38', '1990-12-28 00:24:27');
INSERT INTO `friendship` (`user_id`, `friend_id`, `request_type_id`, `requested_at`, `confirmed_at`, `created_at`, `updated_at`) VALUES (94, 94, 1, '1984-01-09 04:23:06', '1996-02-28 19:46:41', '1974-06-13 18:25:55', '1984-07-03 09:03:36');
INSERT INTO `friendship` (`user_id`, `friend_id`, `request_type_id`, `requested_at`, `confirmed_at`, `created_at`, `updated_at`) VALUES (95, 95, 2, '2004-02-10 20:37:58', '1993-03-10 14:01:37', '2008-07-06 11:46:16', '2004-10-21 11:18:04');
INSERT INTO `friendship` (`user_id`, `friend_id`, `request_type_id`, `requested_at`, `confirmed_at`, `created_at`, `updated_at`) VALUES (96, 96, 3, '2002-05-19 05:31:56', '2003-08-23 23:39:24', '1998-02-28 21:01:55', '2002-10-07 23:35:05');
INSERT INTO `friendship` (`user_id`, `friend_id`, `request_type_id`, `requested_at`, `confirmed_at`, `created_at`, `updated_at`) VALUES (97, 97, 1, '1978-12-05 00:22:54', '1986-06-06 15:50:57', '1974-04-16 07:33:31', '1971-01-31 12:13:42');
INSERT INTO `friendship` (`user_id`, `friend_id`, `request_type_id`, `requested_at`, `confirmed_at`, `created_at`, `updated_at`) VALUES (98, 98, 2, '1992-12-04 14:47:46', '1983-12-31 06:48:03', '1980-08-28 15:34:33', '1990-06-19 23:05:00');
INSERT INTO `friendship` (`user_id`, `friend_id`, `request_type_id`, `requested_at`, `confirmed_at`, `created_at`, `updated_at`) VALUES (99, 99, 3, '1994-04-28 06:58:41', '1987-03-21 15:18:20', '2009-10-31 07:53:39', '1979-06-02 14:28:08');
INSERT INTO `friendship` (`user_id`, `friend_id`, `request_type_id`, `requested_at`, `confirmed_at`, `created_at`, `updated_at`) VALUES (100, 100, 1, '2019-04-24 09:10:26', '2008-07-02 05:24:57', '1976-02-22 22:59:27', '1986-12-25 21:37:48');

INSERT INTO `communities` (`id`, `name`, `created_at`, `updated_at`) VALUES (1, 'reiciendis', '2022-04-13 02:12:41', '2020-04-28 18:34:31');
INSERT INTO `communities` (`id`, `name`, `created_at`, `updated_at`) VALUES (2, 'et', '1990-09-27 21:35:15', '1983-06-16 22:41:16');
INSERT INTO `communities` (`id`, `name`, `created_at`, `updated_at`) VALUES (3, 'autem', '1989-06-07 09:50:01', '1979-10-15 21:41:21');
INSERT INTO `communities` (`id`, `name`, `created_at`, `updated_at`) VALUES (4, 'tempora', '1990-06-23 08:58:16', '2021-08-21 03:10:06');
INSERT INTO `communities` (`id`, `name`, `created_at`, `updated_at`) VALUES (5, 'soluta', '1986-10-23 22:42:50', '2018-01-14 20:24:23');
INSERT INTO `communities` (`id`, `name`, `created_at`, `updated_at`) VALUES (6, 'sapiente', '2001-07-24 06:29:59', '1999-12-07 05:43:05');
INSERT INTO `communities` (`id`, `name`, `created_at`, `updated_at`) VALUES (7, 'qui', '1986-03-29 05:48:42', '1981-07-29 06:37:38');
INSERT INTO `communities` (`id`, `name`, `created_at`, `updated_at`) VALUES (8, 'possimus', '2002-10-11 01:45:23', '2007-03-12 11:22:05');
INSERT INTO `communities` (`id`, `name`, `created_at`, `updated_at`) VALUES (9, 'maxime', '2018-01-26 14:17:16', '1990-10-16 20:48:11');
INSERT INTO `communities` (`id`, `name`, `created_at`, `updated_at`) VALUES (10, 'amet', '2000-09-06 17:31:40', '2017-03-06 12:40:12');
INSERT INTO `communities` (`id`, `name`, `created_at`, `updated_at`) VALUES (11, 'vitae', '2010-05-02 04:07:46', '2009-10-09 01:54:15');
INSERT INTO `communities` (`id`, `name`, `created_at`, `updated_at`) VALUES (12, 'sit', '2019-07-29 08:59:57', '2015-02-11 10:10:29');
INSERT INTO `communities` (`id`, `name`, `created_at`, `updated_at`) VALUES (13, 'modi', '1989-03-10 01:11:52', '1988-09-03 10:40:46');
INSERT INTO `communities` (`id`, `name`, `created_at`, `updated_at`) VALUES (14, 'eos', '1972-09-08 05:43:57', '2014-02-27 06:03:44');
INSERT INTO `communities` (`id`, `name`, `created_at`, `updated_at`) VALUES (15, 'dignissimos', '2004-12-09 11:28:57', '1997-05-31 13:43:32');
INSERT INTO `communities` (`id`, `name`, `created_at`, `updated_at`) VALUES (16, 'quam', '2000-10-29 05:48:33', '1975-08-11 22:21:32');
INSERT INTO `communities` (`id`, `name`, `created_at`, `updated_at`) VALUES (17, 'non', '1977-03-28 19:13:38', '2019-06-28 22:39:35');
INSERT INTO `communities` (`id`, `name`, `created_at`, `updated_at`) VALUES (18, 'tempore', '1981-04-03 19:14:59', '2018-07-20 20:14:04');
INSERT INTO `communities` (`id`, `name`, `created_at`, `updated_at`) VALUES (19, 'odio', '1976-07-22 08:12:36', '1983-02-14 06:22:48');
INSERT INTO `communities` (`id`, `name`, `created_at`, `updated_at`) VALUES (20, 'id', '1977-04-18 09:44:12', '2006-04-02 19:42:18');
INSERT INTO `communities` (`id`, `name`, `created_at`, `updated_at`) VALUES (21, 'dolore', '1994-07-02 12:05:05', '2017-12-04 06:25:10');
INSERT INTO `communities` (`id`, `name`, `created_at`, `updated_at`) VALUES (22, 'totam', '2006-11-04 05:07:48', '2020-01-02 21:18:22');
INSERT INTO `communities` (`id`, `name`, `created_at`, `updated_at`) VALUES (23, 'similique', '1997-10-28 21:32:46', '2001-06-26 12:59:12');
INSERT INTO `communities` (`id`, `name`, `created_at`, `updated_at`) VALUES (24, 'velit', '1979-12-20 02:22:35', '1979-09-02 14:08:53');
INSERT INTO `communities` (`id`, `name`, `created_at`, `updated_at`) VALUES (25, 'quidem', '2015-05-24 16:32:16', '2005-08-12 13:01:03');
INSERT INTO `communities` (`id`, `name`, `created_at`, `updated_at`) VALUES (26, 'eum', '2000-09-21 21:13:07', '2000-09-08 13:20:03');
INSERT INTO `communities` (`id`, `name`, `created_at`, `updated_at`) VALUES (27, 'illo', '1979-02-22 13:34:09', '1986-02-06 13:35:06');
INSERT INTO `communities` (`id`, `name`, `created_at`, `updated_at`) VALUES (28, 'fugit', '2018-06-19 00:35:46', '2017-11-28 18:28:42');
INSERT INTO `communities` (`id`, `name`, `created_at`, `updated_at`) VALUES (29, 'eveniet', '1986-12-26 20:38:20', '1973-08-15 00:26:11');
INSERT INTO `communities` (`id`, `name`, `created_at`, `updated_at`) VALUES (30, 'omnis', '1975-09-11 01:01:55', '1978-11-18 12:24:51');
INSERT INTO `communities` (`id`, `name`, `created_at`, `updated_at`) VALUES (31, 'mollitia', '1983-06-30 11:13:14', '1975-08-27 06:32:39');
INSERT INTO `communities` (`id`, `name`, `created_at`, `updated_at`) VALUES (32, 'delectus', '1971-02-18 18:58:31', '2011-08-31 20:28:39');
INSERT INTO `communities` (`id`, `name`, `created_at`, `updated_at`) VALUES (33, 'commodi', '1985-05-20 04:49:27', '1992-04-18 05:49:06');
INSERT INTO `communities` (`id`, `name`, `created_at`, `updated_at`) VALUES (34, 'dolor', '2016-08-14 22:02:40', '2016-11-16 05:18:27');
INSERT INTO `communities` (`id`, `name`, `created_at`, `updated_at`) VALUES (35, 'est', '1994-11-04 02:32:20', '1974-08-01 13:54:38');
INSERT INTO `communities` (`id`, `name`, `created_at`, `updated_at`) VALUES (36, 'voluptatibus', '1992-07-01 20:52:44', '1976-12-19 14:42:42');
INSERT INTO `communities` (`id`, `name`, `created_at`, `updated_at`) VALUES (37, 'eaque', '1985-06-10 00:12:44', '2008-04-09 10:36:21');
INSERT INTO `communities` (`id`, `name`, `created_at`, `updated_at`) VALUES (38, 'temporibus', '2002-05-08 21:27:38', '1998-08-05 19:19:04');
INSERT INTO `communities` (`id`, `name`, `created_at`, `updated_at`) VALUES (39, 'nemo', '1995-08-13 12:14:45', '2003-06-15 00:27:06');
INSERT INTO `communities` (`id`, `name`, `created_at`, `updated_at`) VALUES (40, 'exercitationem', '1997-11-15 00:15:25', '1986-10-04 01:20:40');
INSERT INTO `communities` (`id`, `name`, `created_at`, `updated_at`) VALUES (41, 'laboriosam', '2006-10-24 04:17:22', '1991-11-11 10:20:07');
INSERT INTO `communities` (`id`, `name`, `created_at`, `updated_at`) VALUES (42, 'voluptatem', '1975-10-23 15:24:16', '1994-12-28 18:21:38');
INSERT INTO `communities` (`id`, `name`, `created_at`, `updated_at`) VALUES (43, 'aliquid', '2009-04-01 21:02:46', '1995-07-02 21:16:17');
INSERT INTO `communities` (`id`, `name`, `created_at`, `updated_at`) VALUES (44, 'neque', '2017-11-07 22:04:49', '1970-04-23 05:37:46');
INSERT INTO `communities` (`id`, `name`, `created_at`, `updated_at`) VALUES (45, 'harum', '2015-10-06 11:05:33', '1990-05-27 14:16:21');
INSERT INTO `communities` (`id`, `name`, `created_at`, `updated_at`) VALUES (46, 'libero', '2012-03-11 04:32:44', '2013-06-09 20:15:47');
INSERT INTO `communities` (`id`, `name`, `created_at`, `updated_at`) VALUES (47, 'quos', '2022-01-14 12:31:37', '1992-11-28 20:05:48');
INSERT INTO `communities` (`id`, `name`, `created_at`, `updated_at`) VALUES (48, 'facere', '1991-08-28 14:17:46', '1990-08-08 01:58:20');
INSERT INTO `communities` (`id`, `name`, `created_at`, `updated_at`) VALUES (49, 'repellat', '2016-06-19 14:56:53', '2005-09-08 16:46:21');
INSERT INTO `communities` (`id`, `name`, `created_at`, `updated_at`) VALUES (50, 'vero', '1987-01-04 12:33:59', '2005-11-28 21:17:11');
INSERT INTO `communities` (`id`, `name`, `created_at`, `updated_at`) VALUES (51, 'ut', '1983-03-04 09:13:00', '1990-12-11 08:13:05');
INSERT INTO `communities` (`id`, `name`, `created_at`, `updated_at`) VALUES (52, 'eligendi', '1995-06-22 07:46:13', '1976-12-04 23:20:21');
INSERT INTO `communities` (`id`, `name`, `created_at`, `updated_at`) VALUES (53, 'necessitatibus', '2021-02-25 20:51:27', '1979-01-05 05:29:22');
INSERT INTO `communities` (`id`, `name`, `created_at`, `updated_at`) VALUES (54, 'sed', '1985-05-25 22:10:34', '1987-04-13 03:16:57');
INSERT INTO `communities` (`id`, `name`, `created_at`, `updated_at`) VALUES (55, 'magni', '2007-04-22 19:31:58', '2007-10-28 00:54:36');
INSERT INTO `communities` (`id`, `name`, `created_at`, `updated_at`) VALUES (56, 'consectetur', '1984-11-22 13:40:01', '1999-12-30 21:46:04');
INSERT INTO `communities` (`id`, `name`, `created_at`, `updated_at`) VALUES (57, 'illum', '2020-05-10 02:33:14', '2015-11-21 06:06:54');
INSERT INTO `communities` (`id`, `name`, `created_at`, `updated_at`) VALUES (58, 'cupiditate', '1977-12-02 16:25:34', '1984-11-17 20:23:18');
INSERT INTO `communities` (`id`, `name`, `created_at`, `updated_at`) VALUES (59, 'corrupti', '1971-12-05 15:31:34', '2018-03-28 01:53:54');
INSERT INTO `communities` (`id`, `name`, `created_at`, `updated_at`) VALUES (60, 'vel', '1996-12-02 23:12:21', '2011-09-19 15:42:39');
INSERT INTO `communities` (`id`, `name`, `created_at`, `updated_at`) VALUES (61, 'voluptas', '2009-11-07 05:05:08', '1989-05-04 03:33:51');
INSERT INTO `communities` (`id`, `name`, `created_at`, `updated_at`) VALUES (62, 'molestiae', '2018-07-14 11:10:24', '2008-05-11 18:22:59');
INSERT INTO `communities` (`id`, `name`, `created_at`, `updated_at`) VALUES (63, 'quo', '1988-01-15 07:34:45', '1998-04-15 20:38:31');
INSERT INTO `communities` (`id`, `name`, `created_at`, `updated_at`) VALUES (64, 'laborum', '2019-09-05 18:52:46', '1974-08-04 12:10:10');
INSERT INTO `communities` (`id`, `name`, `created_at`, `updated_at`) VALUES (65, 'ab', '1974-09-02 16:26:31', '2012-08-30 13:43:51');
INSERT INTO `communities` (`id`, `name`, `created_at`, `updated_at`) VALUES (66, 'impedit', '1993-02-28 12:17:50', '1990-01-09 11:52:49');
INSERT INTO `communities` (`id`, `name`, `created_at`, `updated_at`) VALUES (67, 'dolorum', '1976-12-13 21:22:07', '2001-04-18 18:30:52');
INSERT INTO `communities` (`id`, `name`, `created_at`, `updated_at`) VALUES (68, 'fuga', '1995-04-25 12:23:26', '1971-04-03 07:14:04');
INSERT INTO `communities` (`id`, `name`, `created_at`, `updated_at`) VALUES (69, 'molestias', '2022-02-03 09:39:46', '2012-03-14 04:57:06');
INSERT INTO `communities` (`id`, `name`, `created_at`, `updated_at`) VALUES (70, 'ea', '1976-10-02 11:22:09', '1989-10-15 20:42:31');
INSERT INTO `communities` (`id`, `name`, `created_at`, `updated_at`) VALUES (71, 'consequatur', '1981-11-09 02:40:07', '1980-05-02 00:27:16');
INSERT INTO `communities` (`id`, `name`, `created_at`, `updated_at`) VALUES (72, 'aspernatur', '1979-03-22 06:49:04', '2010-09-29 21:21:09');
INSERT INTO `communities` (`id`, `name`, `created_at`, `updated_at`) VALUES (73, 'quia', '1978-09-11 15:05:04', '2019-03-11 16:37:38');
INSERT INTO `communities` (`id`, `name`, `created_at`, `updated_at`) VALUES (74, 'voluptatum', '2017-10-21 12:06:59', '1981-07-28 02:51:17');
INSERT INTO `communities` (`id`, `name`, `created_at`, `updated_at`) VALUES (75, 'occaecati', '2011-01-26 13:42:05', '1985-06-22 17:18:18');
INSERT INTO `communities` (`id`, `name`, `created_at`, `updated_at`) VALUES (76, 'veniam', '1986-01-18 07:03:12', '1975-02-21 20:37:54');
INSERT INTO `communities` (`id`, `name`, `created_at`, `updated_at`) VALUES (77, 'assumenda', '1971-11-05 14:56:19', '2014-12-28 21:07:30');
INSERT INTO `communities` (`id`, `name`, `created_at`, `updated_at`) VALUES (78, 'ipsam', '2009-01-24 01:56:41', '2006-03-15 03:27:04');
INSERT INTO `communities` (`id`, `name`, `created_at`, `updated_at`) VALUES (79, 'in', '1997-03-02 18:29:35', '1992-01-27 13:46:27');
INSERT INTO `communities` (`id`, `name`, `created_at`, `updated_at`) VALUES (80, 'doloremque', '2011-12-30 03:05:01', '2004-08-04 20:19:20');
INSERT INTO `communities` (`id`, `name`, `created_at`, `updated_at`) VALUES (81, 'animi', '1988-05-06 01:20:01', '1973-08-02 14:24:47');
INSERT INTO `communities` (`id`, `name`, `created_at`, `updated_at`) VALUES (82, 'aut', '2019-01-25 01:20:00', '1998-02-19 02:28:10');
INSERT INTO `communities` (`id`, `name`, `created_at`, `updated_at`) VALUES (83, 'recusandae', '2008-02-29 14:51:55', '1997-01-30 01:55:26');
INSERT INTO `communities` (`id`, `name`, `created_at`, `updated_at`) VALUES (84, 'esse', '2018-05-29 10:51:11', '1994-04-18 03:43:19');
INSERT INTO `communities` (`id`, `name`, `created_at`, `updated_at`) VALUES (85, 'dolorem', '1982-01-02 12:03:05', '1975-07-01 01:06:15');
INSERT INTO `communities` (`id`, `name`, `created_at`, `updated_at`) VALUES (86, 'numquam', '1996-12-18 23:05:57', '2002-02-10 12:31:11');
INSERT INTO `communities` (`id`, `name`, `created_at`, `updated_at`) VALUES (87, 'ipsum', '1990-11-11 03:11:28', '2020-05-13 09:46:40');
INSERT INTO `communities` (`id`, `name`, `created_at`, `updated_at`) VALUES (88, 'architecto', '2007-10-14 03:31:57', '1999-09-07 05:41:40');
INSERT INTO `communities` (`id`, `name`, `created_at`, `updated_at`) VALUES (89, 'expedita', '2000-04-09 18:01:54', '1993-03-26 00:29:53');
INSERT INTO `communities` (`id`, `name`, `created_at`, `updated_at`) VALUES (90, 'magnam', '1974-04-01 18:56:32', '1986-08-06 05:21:38');
INSERT INTO `communities` (`id`, `name`, `created_at`, `updated_at`) VALUES (91, 'facilis', '2010-10-01 23:49:10', '1992-08-01 13:21:59');
INSERT INTO `communities` (`id`, `name`, `created_at`, `updated_at`) VALUES (92, 'rerum', '1989-06-03 03:38:01', '2008-04-02 16:19:15');
INSERT INTO `communities` (`id`, `name`, `created_at`, `updated_at`) VALUES (93, 'dolores', '2001-02-12 04:55:41', '1983-04-20 10:38:37');
INSERT INTO `communities` (`id`, `name`, `created_at`, `updated_at`) VALUES (94, 'quis', '1997-11-26 03:06:27', '2019-10-29 03:19:59');
INSERT INTO `communities` (`id`, `name`, `created_at`, `updated_at`) VALUES (95, 'atque', '2014-04-08 02:27:46', '1994-11-29 17:59:16');
INSERT INTO `communities` (`id`, `name`, `created_at`, `updated_at`) VALUES (96, 'adipisci', '1980-05-07 23:55:07', '2002-06-05 02:08:32');
INSERT INTO `communities` (`id`, `name`, `created_at`, `updated_at`) VALUES (97, 'minus', '2011-10-08 13:38:20', '1975-06-05 17:46:27');
INSERT INTO `communities` (`id`, `name`, `created_at`, `updated_at`) VALUES (98, 'minima', '2002-01-07 16:49:58', '1973-10-09 10:20:27');
INSERT INTO `communities` (`id`, `name`, `created_at`, `updated_at`) VALUES (99, 'culpa', '1997-08-02 08:34:32', '1974-04-25 23:44:41');
INSERT INTO `communities` (`id`, `name`, `created_at`, `updated_at`) VALUES (100, 'nisi', '1990-04-21 14:23:53', '2019-10-11 15:57:16');

INSERT INTO `communitiies_users` (`user_id`, `community_id`, `created_at`, `updated_at`) VALUES (1, 1, '1994-01-09 23:39:16', '1975-12-07 14:42:16');
INSERT INTO `communitiies_users` (`user_id`, `community_id`, `created_at`, `updated_at`) VALUES (2, 2, '1986-10-16 15:36:30', '2012-10-11 00:24:37');
INSERT INTO `communitiies_users` (`user_id`, `community_id`, `created_at`, `updated_at`) VALUES (3, 3, '2004-10-16 21:56:35', '1991-08-07 09:42:47');
INSERT INTO `communitiies_users` (`user_id`, `community_id`, `created_at`, `updated_at`) VALUES (4, 4, '2011-10-31 16:45:20', '1993-10-08 13:46:45');
INSERT INTO `communitiies_users` (`user_id`, `community_id`, `created_at`, `updated_at`) VALUES (5, 5, '1993-01-03 19:13:56', '2008-10-14 23:20:00');
INSERT INTO `communitiies_users` (`user_id`, `community_id`, `created_at`, `updated_at`) VALUES (6, 6, '1987-02-25 10:20:28', '1973-12-29 19:03:00');
INSERT INTO `communitiies_users` (`user_id`, `community_id`, `created_at`, `updated_at`) VALUES (7, 7, '2015-04-18 04:06:16', '2008-09-21 19:05:31');
INSERT INTO `communitiies_users` (`user_id`, `community_id`, `created_at`, `updated_at`) VALUES (8, 8, '1982-08-28 04:39:05', '1977-07-19 22:17:58');
INSERT INTO `communitiies_users` (`user_id`, `community_id`, `created_at`, `updated_at`) VALUES (9, 9, '2019-01-29 19:32:54', '1984-06-04 10:43:58');
INSERT INTO `communitiies_users` (`user_id`, `community_id`, `created_at`, `updated_at`) VALUES (10, 10, '2011-09-18 07:23:41', '1994-09-22 04:32:00');
INSERT INTO `communitiies_users` (`user_id`, `community_id`, `created_at`, `updated_at`) VALUES (11, 11, '2010-02-06 06:04:14', '2022-01-23 21:08:26');
INSERT INTO `communitiies_users` (`user_id`, `community_id`, `created_at`, `updated_at`) VALUES (12, 12, '1984-11-25 14:03:17', '2003-01-27 17:03:27');
INSERT INTO `communitiies_users` (`user_id`, `community_id`, `created_at`, `updated_at`) VALUES (13, 13, '1978-12-26 04:23:28', '1971-02-25 17:27:44');
INSERT INTO `communitiies_users` (`user_id`, `community_id`, `created_at`, `updated_at`) VALUES (14, 14, '1971-07-22 02:39:08', '1997-08-28 07:05:35');
INSERT INTO `communitiies_users` (`user_id`, `community_id`, `created_at`, `updated_at`) VALUES (15, 15, '2014-06-10 23:26:04', '2000-04-22 22:16:15');
INSERT INTO `communitiies_users` (`user_id`, `community_id`, `created_at`, `updated_at`) VALUES (16, 16, '1977-10-17 10:19:06', '1997-04-13 11:53:38');
INSERT INTO `communitiies_users` (`user_id`, `community_id`, `created_at`, `updated_at`) VALUES (17, 17, '1994-04-13 00:30:39', '2010-04-15 01:47:15');
INSERT INTO `communitiies_users` (`user_id`, `community_id`, `created_at`, `updated_at`) VALUES (18, 18, '1981-05-15 07:28:36', '1972-05-20 20:15:15');
INSERT INTO `communitiies_users` (`user_id`, `community_id`, `created_at`, `updated_at`) VALUES (19, 19, '2005-03-29 07:37:41', '2018-02-21 11:24:51');
INSERT INTO `communitiies_users` (`user_id`, `community_id`, `created_at`, `updated_at`) VALUES (20, 20, '1984-06-01 15:29:26', '1999-08-22 00:33:12');
INSERT INTO `communitiies_users` (`user_id`, `community_id`, `created_at`, `updated_at`) VALUES (21, 21, '2019-02-13 10:54:34', '2000-01-30 23:17:34');
INSERT INTO `communitiies_users` (`user_id`, `community_id`, `created_at`, `updated_at`) VALUES (22, 22, '2018-05-18 19:27:47', '2014-02-12 06:01:34');
INSERT INTO `communitiies_users` (`user_id`, `community_id`, `created_at`, `updated_at`) VALUES (23, 23, '1972-07-26 16:43:06', '1978-05-17 07:39:24');
INSERT INTO `communitiies_users` (`user_id`, `community_id`, `created_at`, `updated_at`) VALUES (24, 24, '1986-04-01 18:26:20', '2006-07-27 05:37:45');
INSERT INTO `communitiies_users` (`user_id`, `community_id`, `created_at`, `updated_at`) VALUES (25, 25, '2002-06-25 08:38:29', '1980-08-31 03:01:16');
INSERT INTO `communitiies_users` (`user_id`, `community_id`, `created_at`, `updated_at`) VALUES (26, 26, '2014-10-16 19:19:54', '2008-11-30 21:50:59');
INSERT INTO `communitiies_users` (`user_id`, `community_id`, `created_at`, `updated_at`) VALUES (27, 27, '2009-08-30 22:05:03', '1981-01-26 14:56:27');
INSERT INTO `communitiies_users` (`user_id`, `community_id`, `created_at`, `updated_at`) VALUES (28, 28, '2007-01-26 07:14:57', '2017-06-04 06:41:10');
INSERT INTO `communitiies_users` (`user_id`, `community_id`, `created_at`, `updated_at`) VALUES (29, 29, '2015-10-13 08:26:24', '2009-05-05 18:27:17');
INSERT INTO `communitiies_users` (`user_id`, `community_id`, `created_at`, `updated_at`) VALUES (30, 30, '2003-04-30 12:31:19', '1983-02-14 09:47:16');
INSERT INTO `communitiies_users` (`user_id`, `community_id`, `created_at`, `updated_at`) VALUES (31, 31, '1987-11-21 03:42:43', '1988-01-11 05:46:07');
INSERT INTO `communitiies_users` (`user_id`, `community_id`, `created_at`, `updated_at`) VALUES (32, 32, '2019-02-19 14:07:10', '2004-10-29 13:57:25');
INSERT INTO `communitiies_users` (`user_id`, `community_id`, `created_at`, `updated_at`) VALUES (33, 33, '1983-11-15 17:33:40', '1995-05-23 21:55:48');
INSERT INTO `communitiies_users` (`user_id`, `community_id`, `created_at`, `updated_at`) VALUES (34, 34, '1973-01-10 14:52:18', '2002-11-14 17:58:53');
INSERT INTO `communitiies_users` (`user_id`, `community_id`, `created_at`, `updated_at`) VALUES (35, 35, '1975-11-20 03:44:46', '2002-09-13 13:50:20');
INSERT INTO `communitiies_users` (`user_id`, `community_id`, `created_at`, `updated_at`) VALUES (36, 36, '1978-12-16 05:02:20', '1991-01-31 05:13:19');
INSERT INTO `communitiies_users` (`user_id`, `community_id`, `created_at`, `updated_at`) VALUES (37, 37, '1981-09-11 01:11:15', '2018-07-17 12:02:27');
INSERT INTO `communitiies_users` (`user_id`, `community_id`, `created_at`, `updated_at`) VALUES (38, 38, '1980-04-01 12:43:24', '2003-02-10 17:19:08');
INSERT INTO `communitiies_users` (`user_id`, `community_id`, `created_at`, `updated_at`) VALUES (39, 39, '1976-07-16 16:53:32', '1982-04-25 03:53:12');
INSERT INTO `communitiies_users` (`user_id`, `community_id`, `created_at`, `updated_at`) VALUES (40, 40, '1977-01-09 07:18:23', '1991-05-26 00:12:58');
INSERT INTO `communitiies_users` (`user_id`, `community_id`, `created_at`, `updated_at`) VALUES (41, 41, '2009-05-06 14:37:04', '1989-10-15 07:43:06');
INSERT INTO `communitiies_users` (`user_id`, `community_id`, `created_at`, `updated_at`) VALUES (42, 42, '2009-12-27 13:33:50', '1974-01-11 11:26:08');
INSERT INTO `communitiies_users` (`user_id`, `community_id`, `created_at`, `updated_at`) VALUES (43, 43, '1984-03-31 18:48:25', '2003-12-23 03:12:10');
INSERT INTO `communitiies_users` (`user_id`, `community_id`, `created_at`, `updated_at`) VALUES (44, 44, '2020-05-06 06:13:07', '2008-05-09 02:53:33');
INSERT INTO `communitiies_users` (`user_id`, `community_id`, `created_at`, `updated_at`) VALUES (45, 45, '2011-04-05 20:07:19', '1970-07-10 16:33:57');
INSERT INTO `communitiies_users` (`user_id`, `community_id`, `created_at`, `updated_at`) VALUES (46, 46, '1989-06-04 04:37:26', '1993-01-27 05:34:16');
INSERT INTO `communitiies_users` (`user_id`, `community_id`, `created_at`, `updated_at`) VALUES (47, 47, '2017-11-02 13:40:47', '1974-04-14 21:52:16');
INSERT INTO `communitiies_users` (`user_id`, `community_id`, `created_at`, `updated_at`) VALUES (48, 48, '1970-07-13 20:28:47', '1983-12-17 18:09:28');
INSERT INTO `communitiies_users` (`user_id`, `community_id`, `created_at`, `updated_at`) VALUES (49, 49, '2017-08-19 09:33:11', '2018-12-19 07:20:25');
INSERT INTO `communitiies_users` (`user_id`, `community_id`, `created_at`, `updated_at`) VALUES (50, 50, '1978-06-04 17:59:01', '2022-01-04 20:11:46');
INSERT INTO `communitiies_users` (`user_id`, `community_id`, `created_at`, `updated_at`) VALUES (51, 51, '1976-01-26 13:31:08', '1987-12-06 05:43:10');
INSERT INTO `communitiies_users` (`user_id`, `community_id`, `created_at`, `updated_at`) VALUES (52, 52, '2001-01-09 05:28:54', '1970-03-06 03:15:48');
INSERT INTO `communitiies_users` (`user_id`, `community_id`, `created_at`, `updated_at`) VALUES (53, 53, '2011-01-17 16:50:01', '1988-01-28 18:47:20');
INSERT INTO `communitiies_users` (`user_id`, `community_id`, `created_at`, `updated_at`) VALUES (54, 54, '1975-01-28 06:30:27', '1973-08-14 16:18:04');
INSERT INTO `communitiies_users` (`user_id`, `community_id`, `created_at`, `updated_at`) VALUES (55, 55, '1993-06-23 19:26:41', '1992-11-27 18:48:39');
INSERT INTO `communitiies_users` (`user_id`, `community_id`, `created_at`, `updated_at`) VALUES (56, 56, '1985-08-15 12:59:34', '2002-06-14 20:46:24');
INSERT INTO `communitiies_users` (`user_id`, `community_id`, `created_at`, `updated_at`) VALUES (57, 57, '1985-03-30 08:30:38', '1972-02-22 09:23:48');
INSERT INTO `communitiies_users` (`user_id`, `community_id`, `created_at`, `updated_at`) VALUES (58, 58, '2012-10-17 19:50:12', '1981-06-28 06:03:00');
INSERT INTO `communitiies_users` (`user_id`, `community_id`, `created_at`, `updated_at`) VALUES (59, 59, '1982-02-20 00:27:10', '2016-02-21 19:43:01');
INSERT INTO `communitiies_users` (`user_id`, `community_id`, `created_at`, `updated_at`) VALUES (60, 60, '1996-10-19 23:16:33', '2018-04-05 07:14:31');
INSERT INTO `communitiies_users` (`user_id`, `community_id`, `created_at`, `updated_at`) VALUES (61, 61, '2008-02-06 22:40:30', '2004-05-23 17:26:58');
INSERT INTO `communitiies_users` (`user_id`, `community_id`, `created_at`, `updated_at`) VALUES (62, 62, '2008-06-24 05:01:26', '2008-11-22 05:20:29');
INSERT INTO `communitiies_users` (`user_id`, `community_id`, `created_at`, `updated_at`) VALUES (63, 63, '2003-05-31 09:17:10', '2002-03-22 23:24:26');
INSERT INTO `communitiies_users` (`user_id`, `community_id`, `created_at`, `updated_at`) VALUES (64, 64, '1998-10-20 10:20:23', '1976-02-18 20:33:42');
INSERT INTO `communitiies_users` (`user_id`, `community_id`, `created_at`, `updated_at`) VALUES (65, 65, '1995-01-04 00:14:17', '2010-03-28 22:57:12');
INSERT INTO `communitiies_users` (`user_id`, `community_id`, `created_at`, `updated_at`) VALUES (66, 66, '1993-01-26 14:06:08', '1979-10-07 01:39:43');
INSERT INTO `communitiies_users` (`user_id`, `community_id`, `created_at`, `updated_at`) VALUES (67, 67, '1991-06-25 08:06:08', '1991-09-26 23:07:36');
INSERT INTO `communitiies_users` (`user_id`, `community_id`, `created_at`, `updated_at`) VALUES (68, 68, '2000-05-04 15:02:30', '2021-06-08 00:40:25');
INSERT INTO `communitiies_users` (`user_id`, `community_id`, `created_at`, `updated_at`) VALUES (69, 69, '2006-09-29 20:55:40', '2014-03-12 03:33:16');
INSERT INTO `communitiies_users` (`user_id`, `community_id`, `created_at`, `updated_at`) VALUES (70, 70, '1986-10-12 02:22:59', '1987-06-18 02:19:37');
INSERT INTO `communitiies_users` (`user_id`, `community_id`, `created_at`, `updated_at`) VALUES (71, 71, '1990-01-09 01:19:12', '1992-08-14 14:17:09');
INSERT INTO `communitiies_users` (`user_id`, `community_id`, `created_at`, `updated_at`) VALUES (72, 72, '1992-01-24 04:33:22', '1974-01-07 22:26:45');
INSERT INTO `communitiies_users` (`user_id`, `community_id`, `created_at`, `updated_at`) VALUES (73, 73, '1989-04-06 19:37:31', '2011-08-16 23:24:13');
INSERT INTO `communitiies_users` (`user_id`, `community_id`, `created_at`, `updated_at`) VALUES (74, 74, '2009-09-04 01:56:11', '1994-08-09 11:48:44');
INSERT INTO `communitiies_users` (`user_id`, `community_id`, `created_at`, `updated_at`) VALUES (75, 75, '1978-10-22 11:11:00', '2011-02-03 12:08:04');
INSERT INTO `communitiies_users` (`user_id`, `community_id`, `created_at`, `updated_at`) VALUES (76, 76, '2010-06-07 01:35:05', '2021-12-27 18:35:15');
INSERT INTO `communitiies_users` (`user_id`, `community_id`, `created_at`, `updated_at`) VALUES (77, 77, '1971-09-04 15:10:52', '2001-04-18 04:19:46');
INSERT INTO `communitiies_users` (`user_id`, `community_id`, `created_at`, `updated_at`) VALUES (78, 78, '2001-01-02 04:14:01', '1983-01-08 21:31:19');
INSERT INTO `communitiies_users` (`user_id`, `community_id`, `created_at`, `updated_at`) VALUES (79, 79, '1986-12-10 21:12:49', '2007-06-21 07:47:20');
INSERT INTO `communitiies_users` (`user_id`, `community_id`, `created_at`, `updated_at`) VALUES (80, 80, '2010-01-15 00:01:59', '2007-02-07 00:06:35');
INSERT INTO `communitiies_users` (`user_id`, `community_id`, `created_at`, `updated_at`) VALUES (81, 81, '1990-06-08 04:04:39', '2004-02-24 04:12:44');
INSERT INTO `communitiies_users` (`user_id`, `community_id`, `created_at`, `updated_at`) VALUES (82, 82, '1981-11-16 17:47:25', '1970-09-24 07:31:54');
INSERT INTO `communitiies_users` (`user_id`, `community_id`, `created_at`, `updated_at`) VALUES (83, 83, '2004-03-07 12:00:31', '2016-05-31 20:28:34');
INSERT INTO `communitiies_users` (`user_id`, `community_id`, `created_at`, `updated_at`) VALUES (84, 84, '1971-07-08 08:01:35', '1989-01-13 17:46:58');
INSERT INTO `communitiies_users` (`user_id`, `community_id`, `created_at`, `updated_at`) VALUES (85, 85, '1985-12-29 11:44:21', '1988-05-09 11:33:11');
INSERT INTO `communitiies_users` (`user_id`, `community_id`, `created_at`, `updated_at`) VALUES (86, 86, '1978-11-25 20:03:48', '2010-01-16 06:13:34');
INSERT INTO `communitiies_users` (`user_id`, `community_id`, `created_at`, `updated_at`) VALUES (87, 87, '2011-08-08 14:43:43', '2012-06-10 17:50:05');
INSERT INTO `communitiies_users` (`user_id`, `community_id`, `created_at`, `updated_at`) VALUES (88, 88, '2004-01-11 10:02:49', '2008-07-12 15:56:48');
INSERT INTO `communitiies_users` (`user_id`, `community_id`, `created_at`, `updated_at`) VALUES (89, 89, '1984-10-17 22:09:05', '1974-01-24 20:51:15');
INSERT INTO `communitiies_users` (`user_id`, `community_id`, `created_at`, `updated_at`) VALUES (90, 90, '1992-02-06 18:59:53', '1974-07-12 21:36:51');
INSERT INTO `communitiies_users` (`user_id`, `community_id`, `created_at`, `updated_at`) VALUES (91, 91, '1990-07-09 03:24:13', '1990-04-29 14:38:49');
INSERT INTO `communitiies_users` (`user_id`, `community_id`, `created_at`, `updated_at`) VALUES (92, 92, '1981-04-30 20:07:17', '1986-09-14 21:15:16');
INSERT INTO `communitiies_users` (`user_id`, `community_id`, `created_at`, `updated_at`) VALUES (93, 93, '2002-01-13 21:26:59', '2017-03-01 18:22:31');
INSERT INTO `communitiies_users` (`user_id`, `community_id`, `created_at`, `updated_at`) VALUES (94, 94, '1978-05-30 18:46:25', '1989-11-07 20:22:22');
INSERT INTO `communitiies_users` (`user_id`, `community_id`, `created_at`, `updated_at`) VALUES (95, 95, '2019-01-19 15:32:15', '1979-08-03 15:40:47');
INSERT INTO `communitiies_users` (`user_id`, `community_id`, `created_at`, `updated_at`) VALUES (96, 96, '1974-05-03 21:39:15', '1992-12-04 19:26:01');
INSERT INTO `communitiies_users` (`user_id`, `community_id`, `created_at`, `updated_at`) VALUES (97, 97, '1989-10-23 04:40:15', '1978-09-16 12:35:58');
INSERT INTO `communitiies_users` (`user_id`, `community_id`, `created_at`, `updated_at`) VALUES (98, 98, '2020-12-09 10:45:52', '1983-07-22 10:32:56');
INSERT INTO `communitiies_users` (`user_id`, `community_id`, `created_at`, `updated_at`) VALUES (99, 99, '1995-04-05 01:00:32', '2000-08-22 04:04:49');
INSERT INTO `communitiies_users` (`user_id`, `community_id`, `created_at`, `updated_at`) VALUES (100, 100, '1997-03-28 05:33:43', '1987-10-26 08:32:41');

INSERT INTO messages (`id`, `from_user_id`, `to_user_id`, `body`, `is_important`, `is_delivered`, `created_at`, `updated_at`) VALUES (1, 1, 1, 'Maiores qui aliquam qui suscipit sed nesciunt saepe. Laudantium repellat possimus quidem libero doloribus dolores aut. Atque harum maiores minus error architecto. Libero accusantium velit assumenda enim consectetur facere.', 0, 0, '1975-05-06 14:06:00', '1987-03-15 15:21:21');
INSERT INTO messages (`id`, `from_user_id`, `to_user_id`, `body`, `is_important`, `is_delivered`, `created_at`, `updated_at`) VALUES (2, 2, 2, 'Architecto ad placeat et officiis officiis dolorem quibusdam. Officiis recusandae officia facilis maxime similique optio dolorem. Illum mollitia autem sit. Incidunt repellendus explicabo occaecati adipisci ipsam nulla.', 1, 1, '2014-11-09 22:44:02', '1992-03-05 08:58:09');
INSERT INTO messages (`id`, `from_user_id`, `to_user_id`, `body`, `is_important`, `is_delivered`, `created_at`, `updated_at`) VALUES (3, 3, 3, 'Adipisci sint consequuntur rerum et. Animi rerum ipsum dolorum ullam molestiae quia impedit animi.', 0, 0, '1999-01-10 16:41:40', '1985-12-05 02:45:42');
INSERT INTO messages (`id`, `from_user_id`, `to_user_id`, `body`, `is_important`, `is_delivered`, `created_at`, `updated_at`) VALUES (4, 4, 4, 'Aut molestiae quia temporibus et quis. At in dolore quidem error. Id velit ut est deleniti qui qui ex corrupti.', 0, 0, '1985-03-03 12:38:50', '2017-09-08 18:58:51');
INSERT INTO messages (`id`, `from_user_id`, `to_user_id`, `body`, `is_important`, `is_delivered`, `created_at`, `updated_at`) VALUES (5, 5, 5, 'Omnis qui aut deleniti totam reiciendis reiciendis odio officia. Ut nihil est itaque consequatur optio atque debitis.', 0, 1, '2008-11-17 08:46:14', '1986-04-09 11:32:36');
INSERT INTO messages (`id`, `from_user_id`, `to_user_id`, `body`, `is_important`, `is_delivered`, `created_at`, `updated_at`) VALUES (6, 6, 6, 'Et necessitatibus occaecati sunt minima laborum ut. Fuga aut error dolorem aut dolores. Sit et quaerat reprehenderit.', 0, 1, '1980-06-29 03:53:38', '2021-02-16 00:15:38');
INSERT INTO messages (`id`, `from_user_id`, `to_user_id`, `body`, `is_important`, `is_delivered`, `created_at`, `updated_at`) VALUES (7, 7, 7, 'Pariatur dolor aut quia illum. Et soluta sit est et praesentium. Est voluptatum natus quo ipsum et.', 0, 0, '2006-02-24 17:02:13', '2009-02-04 10:27:44');
INSERT INTO messages (`id`, `from_user_id`, `to_user_id`, `body`, `is_important`, `is_delivered`, `created_at`, `updated_at`) VALUES (8, 8, 8, 'Consequatur aliquam voluptate facere repudiandae. Dolorem voluptate dolorem dolor atque. Accusantium eveniet eum exercitationem iusto quos odio eveniet.', 0, 1, '1996-02-11 06:29:07', '1978-02-04 05:31:28');
INSERT INTO messages (`id`, `from_user_id`, `to_user_id`, `body`, `is_important`, `is_delivered`, `created_at`, `updated_at`) VALUES (9, 9, 9, 'Deserunt ipsa tempore mollitia inventore odit quos. Iusto fugiat dolores eaque minus numquam commodi dolore. Asperiores consequatur et debitis. Est reprehenderit et eum consequatur recusandae iusto in. Eos possimus eos qui fugit et officiis.', 0, 1, '2001-05-29 05:54:07', '1993-08-30 22:47:14');
INSERT INTO messages (`id`, `from_user_id`, `to_user_id`, `body`, `is_important`, `is_delivered`, `created_at`, `updated_at`) VALUES (10, 10, 10, 'Architecto eos saepe vel cupiditate exercitationem asperiores est. Veritatis non doloremque voluptates nobis error totam. Totam iusto quaerat tenetur ducimus.', 0, 0, '1975-09-23 14:44:38', '2020-02-24 15:49:20');
INSERT INTO messages (`id`, `from_user_id`, `to_user_id`, `body`, `is_important`, `is_delivered`, `created_at`, `updated_at`) VALUES (11, 11, 11, 'Qui aperiam perferendis unde eveniet ratione id maxime. Minus nostrum doloribus velit atque pariatur consequatur. Officia sit blanditiis et.', 1, 0, '1986-07-04 02:01:47', '1987-09-06 15:16:30');
INSERT INTO messages (`id`, `from_user_id`, `to_user_id`, `body`, `is_important`, `is_delivered`, `created_at`, `updated_at`) VALUES (12, 12, 12, 'Nihil ex est inventore non magnam et. Architecto asperiores eos in voluptatem. Nostrum et beatae atque ea sunt quidem nesciunt esse.', 1, 1, '2013-12-04 17:22:20', '1990-09-01 05:54:37');
INSERT INTO messages (`id`, `from_user_id`, `to_user_id`, `body`, `is_important`, `is_delivered`, `created_at`, `updated_at`) VALUES (13, 13, 13, 'Qui quia qui quaerat sed perspiciatis excepturi laudantium dolore. Et praesentium reprehenderit est adipisci esse vel.', 0, 0, '2003-04-06 18:36:13', '1983-04-11 06:35:16');
INSERT INTO messages (`id`, `from_user_id`, `to_user_id`, `body`, `is_important`, `is_delivered`, `created_at`, `updated_at`) VALUES (14, 14, 14, 'Autem et officiis hic et rerum magni facilis totam. Pariatur eaque autem sed atque nihil ut. Qui animi tempora fuga aut sunt tenetur beatae.', 1, 0, '1982-07-02 03:43:28', '2004-10-27 17:37:58');
INSERT INTO messages (`id`, `from_user_id`, `to_user_id`, `body`, `is_important`, `is_delivered`, `created_at`, `updated_at`) VALUES (15, 15, 15, 'Corporis illo occaecati blanditiis nemo dolorum est excepturi. Autem nostrum consectetur quis et. Beatae dolorem quibusdam dolores non iste soluta qui. Qui dignissimos debitis sunt adipisci autem placeat quia sed.', 1, 0, '1995-09-20 03:14:53', '1973-09-10 18:56:19');
INSERT INTO messages (`id`, `from_user_id`, `to_user_id`, `body`, `is_important`, `is_delivered`, `created_at`, `updated_at`) VALUES (16, 16, 16, 'Iste hic molestiae quia ut quia. Itaque eos consequatur molestiae totam suscipit vero fugit. Non labore quos qui impedit ex quam. Libero eos aut id aspernatur repellat veniam optio.', 1, 1, '2020-08-11 21:16:10', '1973-12-27 03:37:37');
INSERT INTO messages (`id`, `from_user_id`, `to_user_id`, `body`, `is_important`, `is_delivered`, `created_at`, `updated_at`) VALUES (17, 17, 17, 'Rem reiciendis in occaecati soluta modi minus. Non ut consectetur ab non dolorem. Rerum temporibus quia velit enim adipisci. Qui et nemo exercitationem voluptatibus fugiat eum omnis. Distinctio aut rerum est ab dolores tempore sint.', 0, 1, '1972-03-04 10:30:53', '1994-02-25 02:00:51');
INSERT INTO messages (`id`, `from_user_id`, `to_user_id`, `body`, `is_important`, `is_delivered`, `created_at`, `updated_at`) VALUES (18, 18, 18, 'Nostrum dicta sint sed iste molestiae. Modi est eveniet quas cumque eos dolorum aut. Aperiam officiis inventore id cum labore quod sunt. Voluptas officiis sit odio officia.', 0, 1, '2005-08-22 09:50:02', '1980-03-12 14:07:57');
INSERT INTO messages (`id`, `from_user_id`, `to_user_id`, `body`, `is_important`, `is_delivered`, `created_at`, `updated_at`) VALUES (19, 19, 19, 'Nisi voluptatem molestias vel suscipit. Repellat fugiat ipsa consequatur. Et modi fugiat quas voluptas voluptas.', 0, 0, '1987-08-17 06:31:50', '2002-02-08 11:28:40');
INSERT INTO messages (`id`, `from_user_id`, `to_user_id`, `body`, `is_important`, `is_delivered`, `created_at`, `updated_at`) VALUES (20, 20, 20, 'Inventore nisi eos aut quisquam maxime. Unde aut aperiam aut aut quia consequatur.', 0, 0, '2009-07-25 12:16:23', '1984-02-02 19:01:46');
INSERT INTO messages (`id`, `from_user_id`, `to_user_id`, `body`, `is_important`, `is_delivered`, `created_at`, `updated_at`) VALUES (21, 21, 21, 'Asperiores nihil et et animi. Repellat rerum et voluptates enim ea quis alias. Fuga consequuntur ex eligendi ea sit. Repellendus et occaecati amet autem at deleniti reiciendis veniam. Rerum aliquam nostrum vitae suscipit dolor et eos et.', 0, 1, '1976-02-22 20:54:17', '1971-05-05 20:59:39');
INSERT INTO messages (`id`, `from_user_id`, `to_user_id`, `body`, `is_important`, `is_delivered`, `created_at`, `updated_at`) VALUES (22, 22, 22, 'Rerum est sit aut debitis aliquid. Odio eligendi perspiciatis dolorem quas sit et ullam quia. Odit aut sit voluptas. Placeat velit tempore modi ad.', 1, 0, '1997-06-03 10:08:43', '1994-03-21 22:51:37');
INSERT INTO messages (`id`, `from_user_id`, `to_user_id`, `body`, `is_important`, `is_delivered`, `created_at`, `updated_at`) VALUES (23, 23, 23, 'Ut id et aut enim. Ut consequatur quas accusamus necessitatibus. Minus quaerat ea rerum quo tempora at eveniet ut. Eaque voluptas ut autem sint in et.', 1, 0, '1998-06-03 17:07:32', '1978-03-25 11:45:20');
INSERT INTO messages (`id`, `from_user_id`, `to_user_id`, `body`, `is_important`, `is_delivered`, `created_at`, `updated_at`) VALUES (24, 24, 24, 'Consequatur odio rerum adipisci accusantium. Aut quae aut nemo sint consequatur aliquam molestiae incidunt. Ex veritatis quia neque fugit velit.', 0, 1, '1992-12-28 07:01:57', '1996-06-10 20:25:37');
INSERT INTO messages (`id`, `from_user_id`, `to_user_id`, `body`, `is_important`, `is_delivered`, `created_at`, `updated_at`) VALUES (25, 25, 25, 'Fugiat quia et illum facere ut maxime. Possimus veritatis beatae neque veniam et atque. Eos est labore sed doloribus. A saepe possimus voluptate rerum ut quod.', 1, 1, '2002-04-10 16:08:42', '2019-11-09 07:35:42');
INSERT INTO messages (`id`, `from_user_id`, `to_user_id`, `body`, `is_important`, `is_delivered`, `created_at`, `updated_at`) VALUES (26, 26, 26, 'Officiis at corrupti ut tempora ipsa veniam dignissimos aut. Aliquam illo rerum voluptatem et blanditiis. Aperiam voluptate dolore reprehenderit.', 0, 1, '1980-07-31 07:08:53', '1992-08-06 03:52:23');
INSERT INTO messages (`id`, `from_user_id`, `to_user_id`, `body`, `is_important`, `is_delivered`, `created_at`, `updated_at`) VALUES (27, 27, 27, 'Est quam quam officiis officia. Asperiores voluptatem nesciunt dolorum molestiae sit omnis. Ratione non sapiente ullam. Autem molestias ut ut et vitae facilis et.', 0, 1, '2003-02-08 16:51:59', '2003-09-11 10:50:40');
INSERT INTO messages (`id`, `from_user_id`, `to_user_id`, `body`, `is_important`, `is_delivered`, `created_at`, `updated_at`) VALUES (28, 28, 28, 'Aliquam ullam iure ullam. A enim quidem sit numquam nesciunt saepe. Ducimus non similique maxime incidunt.', 1, 0, '2004-10-27 17:13:18', '1971-12-30 17:24:55');
INSERT INTO messages (`id`, `from_user_id`, `to_user_id`, `body`, `is_important`, `is_delivered`, `created_at`, `updated_at`) VALUES (29, 29, 29, 'Fugiat aperiam autem provident omnis debitis velit. Reiciendis mollitia ut tempore omnis veritatis fugit. Consequatur numquam sint blanditiis voluptas voluptatum qui. Perspiciatis eos quod eveniet recusandae dignissimos.', 1, 1, '1981-09-24 03:23:06', '2010-05-15 00:50:53');
INSERT INTO messages (`id`, `from_user_id`, `to_user_id`, `body`, `is_important`, `is_delivered`, `created_at`, `updated_at`) VALUES (30, 30, 30, 'Dolor sed iste deserunt quasi nihil dolore cumque quod. Ut voluptatem nulla quaerat unde aliquid laudantium ut. Voluptas sed qui ex ut nesciunt consequatur labore. Beatae odit reiciendis doloremque dignissimos adipisci. Deleniti nesciunt ut voluptas qui possimus et odit.', 1, 1, '1982-07-30 22:12:58', '2010-04-21 08:58:15');
INSERT INTO messages (`id`, `from_user_id`, `to_user_id`, `body`, `is_important`, `is_delivered`, `created_at`, `updated_at`) VALUES (31, 31, 31, 'Deleniti fugit neque sint est. Omnis doloribus eum dolorum incidunt. Porro sunt est tenetur dolores. Consequuntur id vero molestiae id sit et excepturi.', 1, 1, '1988-05-17 09:26:44', '1972-07-26 07:42:46');
INSERT INTO messages (`id`, `from_user_id`, `to_user_id`, `body`, `is_important`, `is_delivered`, `created_at`, `updated_at`) VALUES (32, 32, 32, 'In rerum facere ullam. Et eos rerum est minus quasi distinctio qui.', 0, 0, '2006-03-19 11:02:06', '2003-10-16 14:06:26');
INSERT INTO messages (`id`, `from_user_id`, `to_user_id`, `body`, `is_important`, `is_delivered`, `created_at`, `updated_at`) VALUES (33, 33, 33, 'Rem autem cupiditate repudiandae laborum. Ut eos asperiores sunt ea dolorum nostrum dolores. Cumque autem error temporibus itaque consequatur.', 0, 1, '1996-06-07 17:27:51', '2009-10-18 17:07:47');
INSERT INTO messages (`id`, `from_user_id`, `to_user_id`, `body`, `is_important`, `is_delivered`, `created_at`, `updated_at`) VALUES (34, 34, 34, 'Voluptatibus non reprehenderit sequi autem possimus. Voluptas laudantium laboriosam minima consequatur repellat et. Voluptatem dolores sit molestias libero qui aut.', 0, 1, '2014-12-25 19:53:48', '1979-08-12 20:48:00');
INSERT INTO messages (`id`, `from_user_id`, `to_user_id`, `body`, `is_important`, `is_delivered`, `created_at`, `updated_at`) VALUES (35, 35, 35, 'Adipisci molestiae ut voluptatem et dicta molestiae qui reiciendis. Nemo aut culpa eius provident. Et et enim sit repellat illum. Alias doloremque amet repellendus voluptatem.', 1, 0, '2011-12-15 13:23:06', '1990-12-12 13:53:19');
INSERT INTO messages (`id`, `from_user_id`, `to_user_id`, `body`, `is_important`, `is_delivered`, `created_at`, `updated_at`) VALUES (36, 36, 36, 'Est accusamus placeat tenetur est veritatis minima aperiam. Quis ducimus magni ab id. Unde qui eum voluptatem iste.', 1, 1, '1993-11-19 22:26:34', '2012-02-12 20:30:01');
INSERT INTO messages (`id`, `from_user_id`, `to_user_id`, `body`, `is_important`, `is_delivered`, `created_at`, `updated_at`) VALUES (37, 37, 37, 'Autem fugit quis ducimus vel iste animi nihil nam. Iusto et dignissimos similique consequatur. Delectus molestiae et voluptatibus molestiae et cum autem officiis. Est ratione eaque asperiores quasi.', 0, 0, '1972-07-26 15:22:47', '2015-07-28 16:51:48');
INSERT INTO messages (`id`, `from_user_id`, `to_user_id`, `body`, `is_important`, `is_delivered`, `created_at`, `updated_at`) VALUES (38, 38, 38, 'Ut illum in inventore veritatis nihil soluta iste. Iste sapiente provident non. Consequatur pariatur esse suscipit quis velit vero dicta. Excepturi sit cumque nam placeat illo veritatis quis.', 1, 1, '1970-11-30 07:53:31', '2004-10-20 04:20:09');
INSERT INTO messages (`id`, `from_user_id`, `to_user_id`, `body`, `is_important`, `is_delivered`, `created_at`, `updated_at`) VALUES (39, 39, 39, 'Incidunt et aut voluptate. Possimus quia et ea occaecati voluptas. Laboriosam repellendus id et qui aut provident aut facere. Impedit asperiores voluptas explicabo voluptate.', 0, 0, '1998-09-29 10:47:27', '1976-06-16 20:45:25');
INSERT INTO messages (`id`, `from_user_id`, `to_user_id`, `body`, `is_important`, `is_delivered`, `created_at`, `updated_at`) VALUES (40, 40, 40, 'Id ratione fugit nostrum adipisci rerum explicabo. Voluptate est exercitationem omnis deserunt voluptatibus molestias officiis. Quia esse architecto quia aut quidem et iste. Et ut et earum explicabo perferendis. Aliquam repellendus et dolor sint.', 1, 0, '1971-03-28 00:24:17', '1980-11-06 06:28:48');
INSERT INTO messages (`id`, `from_user_id`, `to_user_id`, `body`, `is_important`, `is_delivered`, `created_at`, `updated_at`) VALUES (41, 41, 41, 'Molestiae quisquam alias ipsam consectetur. Id tempore reiciendis necessitatibus provident qui. Quis qui odio qui sequi.', 0, 0, '2020-08-07 16:20:26', '2002-08-29 11:47:29');
INSERT INTO messages (`id`, `from_user_id`, `to_user_id`, `body`, `is_important`, `is_delivered`, `created_at`, `updated_at`) VALUES (42, 42, 42, 'Iusto reprehenderit dolorum omnis dolor. Facilis magni autem est amet quis suscipit. Eligendi necessitatibus adipisci sed et. Et nulla fugit aut eum saepe.', 0, 1, '1995-05-21 21:02:42', '2001-10-21 23:01:08');
INSERT INTO messages (`id`, `from_user_id`, `to_user_id`, `body`, `is_important`, `is_delivered`, `created_at`, `updated_at`) VALUES (43, 43, 43, 'Libero quis voluptates architecto iste reprehenderit magnam incidunt. Et et vero aliquid consequuntur fuga quia voluptatem velit. Aut sit distinctio omnis praesentium cum. Officia qui totam non nihil impedit quam ut. Culpa quia porro repellat pariatur quas maxime.', 1, 1, '1987-09-11 02:31:38', '1979-12-30 02:36:41');
INSERT INTO messages (`id`, `from_user_id`, `to_user_id`, `body`, `is_important`, `is_delivered`, `created_at`, `updated_at`) VALUES (44, 44, 44, 'Quo animi qui velit quas veritatis. Architecto tenetur voluptate magni qui consequatur. Consequatur vero quidem molestias qui cum vero et. Ut et dolorem corporis rerum pariatur voluptatem cum cupiditate.', 1, 1, '2007-08-05 22:44:49', '2020-11-27 10:39:24');
INSERT INTO messages (`id`, `from_user_id`, `to_user_id`, `body`, `is_important`, `is_delivered`, `created_at`, `updated_at`) VALUES (45, 45, 45, 'Dolor reprehenderit sit exercitationem quidem. Facilis et eaque eveniet eaque possimus ea. Officia voluptatem quos iure illo rerum. Voluptas sit perspiciatis qui est saepe.', 0, 0, '1981-09-13 20:32:04', '2016-08-04 08:10:36');
INSERT INTO messages (`id`, `from_user_id`, `to_user_id`, `body`, `is_important`, `is_delivered`, `created_at`, `updated_at`) VALUES (46, 46, 46, 'Est aut debitis magni aperiam unde voluptatum suscipit quod. Dolores impedit molestiae cum est sit qui. Itaque consequatur doloribus veritatis quia. Debitis deserunt quos qui. Tempore est tempore similique.', 0, 1, '2019-06-18 04:42:16', '2006-03-13 05:37:17');
INSERT INTO messages (`id`, `from_user_id`, `to_user_id`, `body`, `is_important`, `is_delivered`, `created_at`, `updated_at`) VALUES (47, 47, 47, 'Et nostrum unde molestias aperiam aliquid corporis iusto. Tenetur et amet ea natus. Quibusdam ex corrupti est cum similique sit ad. Sunt voluptate ratione repellendus quod est voluptas. Doloremque qui aliquid ab fuga rerum explicabo.', 0, 0, '1982-01-16 00:20:27', '1972-04-25 20:51:48');
INSERT INTO messages (`id`, `from_user_id`, `to_user_id`, `body`, `is_important`, `is_delivered`, `created_at`, `updated_at`) VALUES (48, 48, 48, 'Dolor aut dolor autem. Est consectetur dolor delectus sit laudantium quaerat sit eveniet. Commodi veniam voluptatum labore tenetur itaque dolore. Consequatur perspiciatis qui omnis error blanditiis esse enim.', 0, 1, '2011-10-06 16:18:34', '1993-10-29 15:12:46');
INSERT INTO messages (`id`, `from_user_id`, `to_user_id`, `body`, `is_important`, `is_delivered`, `created_at`, `updated_at`) VALUES (49, 49, 49, 'Omnis corrupti voluptas et amet sint rerum. Ad et consequuntur nesciunt pariatur minus. Repellat nemo blanditiis ea.', 0, 1, '2003-07-16 23:12:59', '1979-04-12 09:12:49');
INSERT INTO messages (`id`, `from_user_id`, `to_user_id`, `body`, `is_important`, `is_delivered`, `created_at`, `updated_at`) VALUES (50, 50, 50, 'Quibusdam eius praesentium quis et hic laborum. Asperiores reiciendis repellat ipsam dolores. At pariatur voluptas cupiditate harum.', 0, 1, '2002-01-25 01:41:50', '2003-11-02 16:04:25');
INSERT INTO messages (`id`, `from_user_id`, `to_user_id`, `body`, `is_important`, `is_delivered`, `created_at`, `updated_at`) VALUES (51, 51, 51, 'Accusantium sint hic eveniet aut autem in tempore. Nobis eos vitae deleniti autem enim assumenda. Libero tenetur totam ut. Deleniti aut molestiae doloribus sunt voluptates.', 1, 1, '2019-06-11 15:55:24', '1996-08-27 09:02:52');
INSERT INTO messages (`id`, `from_user_id`, `to_user_id`, `body`, `is_important`, `is_delivered`, `created_at`, `updated_at`) VALUES (52, 52, 52, 'Rerum deserunt sed pariatur quia. Perspiciatis possimus quia consequatur incidunt ut eos aut. Repellat et ratione assumenda repellat animi earum.', 0, 0, '1976-12-10 14:10:31', '2021-11-15 17:00:26');
INSERT INTO messages (`id`, `from_user_id`, `to_user_id`, `body`, `is_important`, `is_delivered`, `created_at`, `updated_at`) VALUES (53, 53, 53, 'Nulla quo et animi accusantium non dolorum. Natus vitae doloremque et dignissimos eaque omnis. Adipisci nesciunt sint aut sunt. Sunt velit velit cumque nisi non qui sed.', 1, 0, '2001-08-14 19:02:05', '2001-01-29 23:35:47');
INSERT INTO messages (`id`, `from_user_id`, `to_user_id`, `body`, `is_important`, `is_delivered`, `created_at`, `updated_at`) VALUES (54, 54, 54, 'Sit rerum minima est odit ipsa. Doloremque natus laudantium est quaerat facilis. Ullam recusandae cumque numquam dolores. Et magnam alias voluptatem non repellat suscipit.', 1, 0, '1977-12-23 01:27:57', '1971-02-26 00:10:34');
INSERT INTO messages (`id`, `from_user_id`, `to_user_id`, `body`, `is_important`, `is_delivered`, `created_at`, `updated_at`) VALUES (55, 55, 55, 'Neque sed iusto nobis vel. Sed voluptatem architecto reiciendis eos id eius. Modi est tempora sunt architecto.', 0, 0, '2011-09-17 07:12:38', '2017-09-09 16:26:42');
INSERT INTO messages (`id`, `from_user_id`, `to_user_id`, `body`, `is_important`, `is_delivered`, `created_at`, `updated_at`) VALUES (56, 56, 56, 'Voluptatem dolor ea in est aliquid et. Animi deserunt nobis numquam magni. Sunt quae nisi aut dignissimos harum ea ut. Repellat nemo quas nemo qui ipsa alias quos nihil.', 1, 1, '1994-07-22 16:44:43', '2019-05-29 07:48:04');
INSERT INTO messages (`id`, `from_user_id`, `to_user_id`, `body`, `is_important`, `is_delivered`, `created_at`, `updated_at`) VALUES (57, 57, 57, 'Ut deserunt a minima. Ut illo molestiae et assumenda earum veritatis et. Laboriosam rerum non eum sit occaecati placeat similique.', 1, 0, '2002-02-04 00:34:15', '2017-10-17 05:25:02');
INSERT INTO messages (`id`, `from_user_id`, `to_user_id`, `body`, `is_important`, `is_delivered`, `created_at`, `updated_at`) VALUES (58, 58, 58, 'Rerum exercitationem minus dolores velit qui odit. Libero quia est nihil. Facere ex unde in magni ullam quia et eius.', 0, 1, '2013-06-07 15:28:48', '1993-11-06 01:59:27');
INSERT INTO messages (`id`, `from_user_id`, `to_user_id`, `body`, `is_important`, `is_delivered`, `created_at`, `updated_at`) VALUES (59, 59, 59, 'Sit mollitia sequi voluptatem libero. Praesentium quia eum vero sint. Voluptate fugiat sunt et nemo est. Omnis fuga blanditiis rerum nobis.', 0, 0, '1995-04-20 05:12:00', '1992-02-01 11:13:24');
INSERT INTO messages (`id`, `from_user_id`, `to_user_id`, `body`, `is_important`, `is_delivered`, `created_at`, `updated_at`) VALUES (60, 60, 60, 'Aut eum aspernatur dolorem animi porro. Nisi est nostrum adipisci dicta. Id in aut ut distinctio. Sed quam quis rerum commodi reiciendis ea qui qui.', 0, 1, '1987-10-28 02:30:33', '1988-04-28 15:17:04');
INSERT INTO messages (`id`, `from_user_id`, `to_user_id`, `body`, `is_important`, `is_delivered`, `created_at`, `updated_at`) VALUES (61, 61, 61, 'Quasi sunt est voluptates eligendi sed ea. Provident velit doloribus itaque repellendus atque et culpa et. Deserunt soluta porro consequatur libero sint vero.', 0, 0, '1973-07-31 23:35:06', '1974-02-07 07:31:01');
INSERT INTO messages (`id`, `from_user_id`, `to_user_id`, `body`, `is_important`, `is_delivered`, `created_at`, `updated_at`) VALUES (62, 62, 62, 'Magnam ipsa corporis dolor provident et est. Rem dolores quia sunt voluptatem rem consequatur. Quae ad quaerat rem est odio ipsa.', 1, 1, '1994-04-04 00:24:51', '1979-08-24 20:06:10');
INSERT INTO messages (`id`, `from_user_id`, `to_user_id`, `body`, `is_important`, `is_delivered`, `created_at`, `updated_at`) VALUES (63, 63, 63, 'Eveniet sequi quia impedit et aut. Aut unde ut quia. Molestiae aut laborum occaecati architecto non numquam quis.', 0, 1, '1995-01-21 06:31:10', '1991-04-16 18:45:08');
INSERT INTO messages (`id`, `from_user_id`, `to_user_id`, `body`, `is_important`, `is_delivered`, `created_at`, `updated_at`) VALUES (64, 64, 64, 'Quidem aliquam aut autem inventore. Odit provident non doloribus aliquam recusandae. Excepturi itaque quidem iure voluptatem praesentium eos. Quod rerum neque est impedit. Neque omnis minima aperiam sed.', 0, 1, '2013-05-15 17:20:25', '1986-12-06 23:40:41');
INSERT INTO messages (`id`, `from_user_id`, `to_user_id`, `body`, `is_important`, `is_delivered`, `created_at`, `updated_at`) VALUES (65, 65, 65, 'Voluptatem sequi ab non. Atque eveniet quasi nulla et. Qui et eos tenetur aliquid magnam harum repudiandae.', 1, 1, '1970-10-24 15:04:34', '1975-01-24 21:04:51');
INSERT INTO messages (`id`, `from_user_id`, `to_user_id`, `body`, `is_important`, `is_delivered`, `created_at`, `updated_at`) VALUES (66, 66, 66, 'Et quod nihil perferendis harum. Eos iusto aut voluptatem laborum. Ut ipsum aut maxime rerum accusantium ipsum culpa rerum. Quaerat veritatis atque sequi autem. Molestias at repellendus ipsum earum.', 0, 0, '2016-09-28 14:12:53', '1994-07-31 04:15:18');
INSERT INTO messages (`id`, `from_user_id`, `to_user_id`, `body`, `is_important`, `is_delivered`, `created_at`, `updated_at`) VALUES (67, 67, 67, 'Possimus voluptatum dicta doloribus ullam. Reprehenderit doloremque qui accusantium dolor. Architecto optio ex et nam omnis. Porro enim debitis est ut sit aut aspernatur eligendi.', 1, 1, '2013-01-24 05:58:13', '2006-09-17 13:45:00');
INSERT INTO messages (`id`, `from_user_id`, `to_user_id`, `body`, `is_important`, `is_delivered`, `created_at`, `updated_at`) VALUES (68, 68, 68, 'Incidunt perferendis qui et vero ratione. Cum est odio dolorum distinctio rerum dolore quis. Vero sit eveniet sed quam quia est ipsum nulla.', 0, 0, '1980-07-18 01:50:16', '2012-11-28 09:52:06');
INSERT INTO messages (`id`, `from_user_id`, `to_user_id`, `body`, `is_important`, `is_delivered`, `created_at`, `updated_at`) VALUES (69, 69, 69, 'Aut est quod qui porro. Itaque reiciendis architecto animi sit. Delectus architecto sint cupiditate ducimus in voluptatibus exercitationem. Sunt ex fugiat et quia corporis autem distinctio.', 1, 0, '1990-09-30 04:34:16', '2020-09-07 18:27:02');
INSERT INTO messages (`id`, `from_user_id`, `to_user_id`, `body`, `is_important`, `is_delivered`, `created_at`, `updated_at`) VALUES (70, 70, 70, 'Rerum consequatur unde voluptatem sapiente beatae deleniti aut. Quia officia enim modi inventore quis. Et aut facere est minus eos ut. Quis fugit consectetur placeat hic alias. Exercitationem laborum iste corrupti libero.', 0, 0, '2015-03-27 20:29:35', '1970-03-11 10:11:06');
INSERT INTO messages (`id`, `from_user_id`, `to_user_id`, `body`, `is_important`, `is_delivered`, `created_at`, `updated_at`) VALUES (71, 71, 71, 'Qui maiores qui et fuga at. Deserunt minima velit quos. Placeat reiciendis minima quia. Culpa culpa sint ipsam at.', 1, 1, '2004-01-07 08:28:13', '2004-11-02 10:22:17');
INSERT INTO messages (`id`, `from_user_id`, `to_user_id`, `body`, `is_important`, `is_delivered`, `created_at`, `updated_at`) VALUES (72, 72, 72, 'Assumenda sit ipsum alias voluptate magnam aut architecto. Fugit qui aspernatur voluptatem natus aspernatur. Voluptatem aspernatur sunt non dolores aut.', 0, 0, '1993-04-30 15:50:48', '1979-05-25 22:12:01');
INSERT INTO messages (`id`, `from_user_id`, `to_user_id`, `body`, `is_important`, `is_delivered`, `created_at`, `updated_at`) VALUES (73, 73, 73, 'Dolore numquam laudantium quos occaecati quod autem. Temporibus placeat omnis quod autem sint provident. Aut accusamus blanditiis aut quia beatae aliquam. Cum et non aliquid aut laudantium.', 0, 0, '1994-09-05 23:19:10', '1974-01-20 19:55:38');
INSERT INTO messages (`id`, `from_user_id`, `to_user_id`, `body`, `is_important`, `is_delivered`, `created_at`, `updated_at`) VALUES (74, 74, 74, 'Non doloribus ut sequi enim accusantium. Consequatur et rerum est id. Maxime est non eos eaque aut. Ut consequuntur reiciendis eius aspernatur est.', 1, 1, '2004-10-08 23:00:18', '1978-07-29 17:20:46');
INSERT INTO messages (`id`, `from_user_id`, `to_user_id`, `body`, `is_important`, `is_delivered`, `created_at`, `updated_at`) VALUES (75, 75, 75, 'Est magnam velit asperiores ipsum quisquam. Culpa soluta sapiente mollitia molestiae repellat et. Et et iste ut tenetur debitis neque ipsum. Veniam quaerat ut rerum consequuntur qui amet.', 0, 0, '2016-07-17 14:55:25', '1985-08-19 23:06:50');
INSERT INTO messages (`id`, `from_user_id`, `to_user_id`, `body`, `is_important`, `is_delivered`, `created_at`, `updated_at`) VALUES (76, 76, 76, 'Accusamus velit eos non similique assumenda veniam. Expedita et dolor esse accusamus quae. Non pariatur vel voluptatum asperiores laudantium consequatur optio.', 1, 1, '2015-10-31 05:29:48', '2008-04-28 00:24:33');
INSERT INTO messages (`id`, `from_user_id`, `to_user_id`, `body`, `is_important`, `is_delivered`, `created_at`, `updated_at`) VALUES (77, 77, 77, 'Explicabo tempora voluptas totam adipisci architecto non. Doloribus et suscipit unde dolorem facilis. Sit et ipsum delectus velit cumque tempore in eveniet. Aut ex omnis asperiores in aut.', 1, 1, '1985-06-20 01:15:54', '2016-05-30 04:26:36');
INSERT INTO messages (`id`, `from_user_id`, `to_user_id`, `body`, `is_important`, `is_delivered`, `created_at`, `updated_at`) VALUES (78, 78, 78, 'Et ad temporibus optio. Tempora et qui est explicabo voluptatem. Voluptates velit recusandae est nisi quo voluptas nihil alias.', 0, 0, '2020-01-24 20:59:34', '1976-05-06 12:57:31');
INSERT INTO messages (`id`, `from_user_id`, `to_user_id`, `body`, `is_important`, `is_delivered`, `created_at`, `updated_at`) VALUES (79, 79, 79, 'Repellat quasi earum quia sed reprehenderit. Tenetur expedita et ut quibusdam. Aspernatur repellat quidem et. Non ipsa cum nobis quia.', 0, 0, '2018-09-04 09:50:59', '2002-04-27 03:08:20');
INSERT INTO messages (`id`, `from_user_id`, `to_user_id`, `body`, `is_important`, `is_delivered`, `created_at`, `updated_at`) VALUES (80, 80, 80, 'Unde expedita velit eligendi dolores. Odio esse ipsam quod fugiat alias alias placeat. Maiores id consequuntur ut quas voluptates alias.', 1, 0, '2015-03-27 05:29:53', '2001-10-11 23:19:18');
INSERT INTO messages (`id`, `from_user_id`, `to_user_id`, `body`, `is_important`, `is_delivered`, `created_at`, `updated_at`) VALUES (81, 81, 81, 'Est molestiae pariatur sapiente et velit est non. Labore qui et animi hic et architecto. Voluptatem soluta nesciunt dolor veniam qui.', 1, 1, '2001-04-24 17:19:06', '2020-08-28 19:37:50');
INSERT INTO messages (`id`, `from_user_id`, `to_user_id`, `body`, `is_important`, `is_delivered`, `created_at`, `updated_at`) VALUES (82, 82, 82, 'Consectetur quis et nesciunt magnam ratione excepturi est vel. Accusantium ipsum iure maiores quia. Vel saepe eum saepe quia qui. Non ratione molestiae ea.', 1, 1, '2004-01-22 04:34:46', '1994-07-30 05:34:25');
INSERT INTO messages (`id`, `from_user_id`, `to_user_id`, `body`, `is_important`, `is_delivered`, `created_at`, `updated_at`) VALUES (83, 83, 83, 'Iure quia deleniti aut et magnam voluptatem voluptatem. Earum quidem occaecati natus qui fuga facere quo. Numquam et veritatis iure est temporibus qui iusto consequatur. Voluptatum voluptatem nihil ut beatae et.', 1, 0, '1994-08-24 19:20:00', '2006-03-16 03:59:52');
INSERT INTO messages (`id`, `from_user_id`, `to_user_id`, `body`, `is_important`, `is_delivered`, `created_at`, `updated_at`) VALUES (84, 84, 84, 'Et autem porro numquam. Ut quia autem alias aut quo rerum. Dignissimos occaecati minus animi voluptatem aut est ad. Dolore voluptatibus debitis hic qui autem. Explicabo sequi quia aut molestiae quia.', 0, 0, '2019-10-15 06:51:49', '2005-11-03 19:48:52');
INSERT INTO messages (`id`, `from_user_id`, `to_user_id`, `body`, `is_important`, `is_delivered`, `created_at`, `updated_at`) VALUES (85, 85, 85, 'Aut voluptatem eaque natus maiores incidunt ut. Voluptatum illum autem sint. Voluptas laborum maxime sit a.', 0, 1, '2001-01-11 10:07:13', '1994-02-15 03:13:40');
INSERT INTO messages (`id`, `from_user_id`, `to_user_id`, `body`, `is_important`, `is_delivered`, `created_at`, `updated_at`) VALUES (86, 86, 86, 'Nihil omnis necessitatibus iusto magni vitae aliquid aliquid. Dolorum aperiam amet atque distinctio accusamus sit. Neque id dolorem esse veritatis est.', 0, 1, '2004-05-01 18:23:17', '1976-08-20 16:58:05');
INSERT INTO messages (`id`, `from_user_id`, `to_user_id`, `body`, `is_important`, `is_delivered`, `created_at`, `updated_at`) VALUES (87, 87, 87, 'Voluptatem officiis est et nobis porro adipisci. Et necessitatibus nisi dolorum magni voluptas. Corrupti et et est repudiandae quisquam dolore rerum vel.', 1, 0, '1990-11-20 19:29:54', '2014-05-19 03:09:45');
INSERT INTO messages (`id`, `from_user_id`, `to_user_id`, `body`, `is_important`, `is_delivered`, `created_at`, `updated_at`) VALUES (88, 88, 88, 'Ut sunt tempora praesentium laborum. In deserunt qui est ut qui odit. Exercitationem qui autem eos quos consequuntur quia repellat. Explicabo quidem dignissimos itaque perferendis voluptatem necessitatibus officiis.', 0, 0, '2010-09-24 18:56:36', '1986-05-31 02:25:47');
INSERT INTO messages (`id`, `from_user_id`, `to_user_id`, `body`, `is_important`, `is_delivered`, `created_at`, `updated_at`) VALUES (89, 89, 89, 'Rem reprehenderit magnam illum beatae voluptatem animi itaque molestiae. Vitae commodi sint debitis doloribus. Quia ratione eum quia ducimus.', 0, 0, '1994-07-10 19:21:33', '2017-10-04 08:30:29');
INSERT INTO messages (`id`, `from_user_id`, `to_user_id`, `body`, `is_important`, `is_delivered`, `created_at`, `updated_at`) VALUES (90, 90, 90, 'Dicta nulla error omnis consequatur velit maxime. Officia eaque tenetur vel provident voluptatem culpa magnam et. Inventore ullam omnis expedita debitis veritatis ut. Pariatur exercitationem dolore voluptates blanditiis corrupti at in.', 0, 0, '2014-02-14 12:28:00', '1970-06-02 02:41:56');
INSERT INTO messages (`id`, `from_user_id`, `to_user_id`, `body`, `is_important`, `is_delivered`, `created_at`, `updated_at`) VALUES (91, 91, 91, 'Vero qui dicta et pariatur et minima aliquid. Consequatur esse sint soluta officia et cumque. Cum eaque aut cupiditate saepe. Vel illo quod repellendus quidem eius est.', 0, 0, '1997-03-03 00:01:53', '1984-05-13 22:38:21');
INSERT INTO messages (`id`, `from_user_id`, `to_user_id`, `body`, `is_important`, `is_delivered`, `created_at`, `updated_at`) VALUES (92, 92, 92, 'Vitae aut voluptas molestiae aut sapiente qui quaerat enim. Beatae et atque nostrum vero corporis provident. Expedita quo debitis explicabo perspiciatis cupiditate temporibus dolores. Expedita sapiente in amet maiores non.', 1, 0, '1989-08-06 04:09:19', '2007-09-06 02:20:18');
INSERT INTO messages (`id`, `from_user_id`, `to_user_id`, `body`, `is_important`, `is_delivered`, `created_at`, `updated_at`) VALUES (93, 93, 93, 'Illum error suscipit voluptatem impedit aut provident necessitatibus. Incidunt illo unde et ad in. Magni velit vitae quia officiis consequatur culpa.', 1, 0, '1992-03-17 03:33:11', '1979-10-28 02:52:58');
INSERT INTO messages (`id`, `from_user_id`, `to_user_id`, `body`, `is_important`, `is_delivered`, `created_at`, `updated_at`) VALUES (94, 94, 94, 'Illum quidem sed rerum perspiciatis repellendus est. Qui perferendis iure aut cupiditate. Corporis optio qui qui.', 0, 0, '2011-05-11 16:13:24', '1984-10-16 20:03:13');
INSERT INTO messages (`id`, `from_user_id`, `to_user_id`, `body`, `is_important`, `is_delivered`, `created_at`, `updated_at`) VALUES (95, 95, 95, 'Sequi adipisci quos perspiciatis et doloremque labore. Non animi magnam et consectetur et rerum maiores. Impedit earum pariatur quis aut ut. Illo repellat fugiat dolorem ut.', 0, 0, '1995-05-27 17:43:27', '2017-02-24 20:42:15');
INSERT INTO messages (`id`, `from_user_id`, `to_user_id`, `body`, `is_important`, `is_delivered`, `created_at`, `updated_at`) VALUES (96, 96, 96, 'Sunt dolorum illo voluptate. Recusandae rerum modi unde placeat libero. Ut iusto ab vero voluptatum et.', 0, 0, '2016-01-07 19:57:29', '2019-06-05 20:36:32');
INSERT INTO messages (`id`, `from_user_id`, `to_user_id`, `body`, `is_important`, `is_delivered`, `created_at`, `updated_at`) VALUES (97, 97, 97, 'Nam nemo eveniet quaerat maiores enim. Soluta repellendus officiis ipsum doloribus asperiores molestiae assumenda.', 1, 1, '1970-10-02 19:26:07', '2000-02-24 20:28:54');
INSERT INTO messages (`id`, `from_user_id`, `to_user_id`, `body`, `is_important`, `is_delivered`, `created_at`, `updated_at`) VALUES (98, 98, 98, 'Earum voluptatem facere quos est culpa corporis. Doloribus minima ut sequi fugit. Hic necessitatibus temporibus deleniti iure consectetur. Fugiat totam veritatis et voluptatem ea delectus aliquam.', 1, 1, '1996-12-19 06:09:53', '1995-11-30 18:20:28');
INSERT INTO messages (`id`, `from_user_id`, `to_user_id`, `body`, `is_important`, `is_delivered`, `created_at`, `updated_at`) VALUES (99, 99, 99, 'Eum enim doloribus dolores corrupti dolorum. Commodi aut esse perferendis beatae error. Ratione ut vitae voluptates quia.', 0, 0, '1980-04-28 18:13:54', '2012-11-02 12:31:58');
INSERT INTO messages (`id`, `from_user_id`, `to_user_id`, `body`, `is_important`, `is_delivered`, `created_at`, `updated_at`) VALUES (100, 100, 100, 'Animi architecto maxime aspernatur numquam. Reprehenderit et et molestiae dolorem. Ut esse itaque qui animi aperiam autem consequuntur. Quis omnis ut dolores autem.', 1, 0, '1998-01-09 13:18:40', '1980-10-17 22:16:14');

UPDATE messages SET
from_user_id = FLOOR(1 + RAND()*99.99),
to_user_id = FLOOR(1 + RAND()*99.99)
WHERE id > 0;

INSERT INTO `media_types` (`id`, `name`, `created_at`, `updated_at`) VALUES (1, 'audio', '1984-10-25 23:57:05', '2008-08-18 18:18:39');
INSERT INTO `media_types` (`id`, `name`, `created_at`, `updated_at`) VALUES (2, 'image', '1979-08-14 12:10:43', '1997-07-17 18:14:24');
INSERT INTO `media_types` (`id`, `name`, `created_at`, `updated_at`) VALUES (3, 'video', '2018-08-20 05:22:48', '1991-01-05 06:30:14');
INSERT INTO `media_types` (`id`, `name`, `created_at`, `updated_at`) VALUES (4, 'gif', '2011-02-21 17:46:48', '2020-06-14 03:48:57');
INSERT INTO `media_types` (`id`, `name`, `created_at`, `updated_at`) VALUES (5, 'document', '1972-07-06 12:31:00', '1970-09-05 14:12:23');
